UCL_CODE_2021,P_Tot_55_64_yr,P_Tot_65_74_yr,P_Tot_75_84_yr,P_Tot_85_yr_over,P_Tot_Tot
UCL101001,331741,215282,106697,43800,2526109
UCL102001,2946,1486,598,204,19256
UCL102002,26707,21574,12241,4865,162336
UCL102003,5720,5091,3019,1361,33009
UCL102004,27838,21477,11080,4409,182416
UCL102005,21919,15477,7733,3094,141832
UCL111001,3977,3032,1517,531,26171
UCL111002,4326,3804,2102,892,26086
UCL111003,5782,3981,1956,602,40949
UCL112001,1623,1225,836,319,11556
UCL112002,2660,1928,1017,399,18061
UCL112003,3585,3240,1382,411,17915
UCL112004,2245,2527,1819,684,13634
UCL112005,1531,1169,595,232,10580
UCL112006,2583,1706,952,354,18819
UCL112007,454,459,271,85,2987
UCL112008,1931,2251,1400,622,10371
UCL112009,1761,1377,750,322,11768
UCL112010,1227,745,386,227,8994
UCL112011,1158,819,299,89,8262
UCL112012,2445,1919,894,409,14339
UCL112013,176,106,34,12,1116
UCL112014,1787,1627,1133,505,11042
UCL112015,2385,1931,1068,414,16402
UCL112016,2718,2083,1123,441,19666
UCL112017,4364,4134,2479,1100,25512
UCL112018,2339,1819,1242,510,16450
UCL112019,3689,2651,1285,530,23707
UCL113001,1647,1880,1072,539,9785
UCL113002,1175,1203,709,255,6156
UCL113003,1428,1027,461,209,7696
UCL113004,1043,821,285,84,6804
UCL113005,1189,970,576,305,7712
UCL113006,775,607,303,107,5045
UCL113007,1666,1582,740,295,8678
UCL113008,907,750,444,145,5094
UCL113009,755,504,215,29,4720
UCL113010,773,550,354,127,5665
UCL113011,713,428,174,67,4698
UCL113012,1532,1519,900,314,7782
UCL113013,930,620,305,81,5734
UCL113014,927,562,240,81,6501
UCL113015,846,928,445,113,5020
UCL113016,1302,1098,831,395,8055
UCL113017,1435,1475,748,221,7440
UCL113018,176,220,134,28,1108
UCL114001,492,477,306,150,2735
UCL114002,840,1107,677,239,4101
UCL114003,571,546,372,165,4042
UCL114004,583,385,254,98,3415
UCL114005,433,474,296,86,2512
UCL114006,441,385,243,97,2377
UCL114007,574,580,287,117,3526
UCL114008,539,377,221,88,2935
UCL114009,245,152,136,95,3483
UCL114010,484,376,241,61,2997
UCL114011,442,389,207,82,2337
UCL114012,200,97,22,4,3174
UCL114013,560,377,263,119,3708
UCL114014,538,271,87,20,3257
UCL114015,659,500,331,117,4170
UCL114016,468,313,173,83,3093
UCL114017,813,594,172,40,4395
UCL114018,919,1009,527,185,4791
UCL114019,573,430,213,61,3687
UCL114020,763,704,408,91,4546
UCL114021,881,696,392,239,4861
UCL114022,698,752,423,134,3320
UCL114023,406,259,139,59,2544
UCL114024,651,462,239,99,4188
UCL114025,570,513,246,96,3626
UCL114026,305,305,189,68,2644
UCL114027,564,618,449,121,2929
UCL114028,338,230,124,56,2258
UCL114029,352,179,58,4,2377
UCL114030,644,721,353,128,3031
UCL114031,557,464,210,60,3074
UCL114032,260,214,94,24,2159
UCL114033,484,308,221,97,2834
UCL114034,544,493,279,134,3551
UCL114035,465,502,260,84,2866
UCL114036,715,846,434,119,3557
UCL114037,451,351,185,84,2944
UCL114038,480,417,226,95,3139
UCL115001,142,74,34,11,743
UCL115002,504,342,124,31,2275
UCL115003,143,90,29,4,1247
UCL115004,202,258,87,23,1055
UCL115005,96,65,19,15,444
UCL115006,196,150,46,48,1257
UCL115007,233,162,101,36,1508
UCL115008,100,99,56,30,477
UCL115009,134,123,56,20,766
UCL115010,85,96,52,17,405
UCL115011,154,99,66,14,766
UCL115012,86,68,33,13,418
UCL115013,331,268,180,120,2036
UCL115014,329,286,149,54,1763
UCL115015,230,281,109,34,1064
UCL115016,114,71,31,15,592
UCL115017,228,297,240,131,1481
UCL115018,79,91,60,14,419
UCL115019,642,576,290,68,2830
UCL115020,199,146,65,24,1229
UCL115021,85,70,36,18,472
UCL115022,337,259,169,25,1520
UCL115023,116,109,53,18,666
UCL115024,102,59,24,7,689
UCL115025,126,73,21,6,766
UCL115026,120,125,100,23,780
UCL115027,143,104,29,11,1280
UCL115028,325,276,153,61,1496
UCL115029,193,184,71,18,1036
UCL115030,98,109,45,19,460
UCL115031,328,474,258,81,1689
UCL115032,308,223,99,24,1241
UCL115033,327,195,78,13,2056
UCL115034,111,54,13,5,762
UCL115035,248,190,106,15,1929
UCL115036,379,316,153,35,1645
UCL115037,142,112,32,8,673
UCL115038,120,104,47,19,626
UCL115039,282,173,80,20,1721
UCL115040,135,97,40,8,756
UCL115041,177,100,70,34,1067
UCL115042,124,124,50,30,773
UCL115043,189,223,119,75,1213
UCL115044,151,100,57,15,918
UCL115045,105,78,47,15,527
UCL115046,146,125,37,3,852
UCL115047,171,155,93,41,910
UCL115048,446,307,207,47,1914
UCL115049,92,72,48,19,483
UCL115050,143,108,45,4,1036
UCL115051,265,264,129,131,1259
UCL115052,106,61,32,18,684
UCL115053,125,116,65,17,531
UCL115054,111,92,20,8,547
UCL115055,183,158,101,30,948
UCL115056,300,314,152,63,1513
UCL115057,320,328,131,51,1598
UCL115058,199,237,163,59,918
UCL115059,170,131,93,58,870
UCL115060,107,62,20,8,1507
UCL115061,67,65,44,45,468
UCL115062,111,71,25,5,656
UCL115063,119,77,29,11,644
UCL115064,486,421,213,81,2664
UCL115065,192,141,101,37,1052
UCL115066,193,95,31,7,1191
UCL115067,206,198,112,48,1075
UCL115068,118,122,100,15,601
UCL115069,156,169,110,39,880
UCL115070,146,89,54,3,1365
UCL115071,165,135,59,23,956
UCL115072,187,199,64,7,889
UCL115073,162,124,55,20,871
UCL115074,162,129,85,42,958
UCL115075,119,174,126,25,626
UCL115076,121,142,68,13,744
UCL115077,361,499,219,44,1630
UCL115078,224,205,128,65,907
UCL115079,188,111,75,26,901
UCL115080,143,78,40,4,958
UCL115081,83,43,15,10,616
UCL115082,93,110,40,10,522
UCL115083,197,210,92,39,1182
UCL115084,241,274,143,24,950
UCL115085,143,138,76,11,737
UCL115086,287,154,45,9,2097
UCL115087,97,55,18,9,594
UCL115088,126,140,52,17,712
UCL115089,351,234,113,33,2567
UCL115090,94,89,66,23,491
UCL115091,121,132,66,5,620
UCL115092,93,98,48,23,800
UCL115093,140,119,49,12,647
UCL115094,235,228,124,74,1271
UCL115095,83,42,27,3,441
UCL115096,403,430,239,36,2069
UCL115097,304,271,126,23,1316
UCL115098,175,142,82,21,825
UCL115099,244,161,108,56,1276
UCL115100,239,260,161,71,1312
UCL115101,304,317,150,25,1377
UCL115102,122,125,68,19,799
UCL115103,64,80,29,16,421
UCL115104,163,174,77,53,813
UCL115105,119,96,61,38,726
UCL115106,269,221,136,64,1367
UCL115107,347,298,104,23,1963
UCL115108,184,98,24,3,1144
UCL115109,359,486,210,64,1824
UCL115110,248,207,122,52,1523
UCL115111,217,189,134,51,1503
UCL115112,125,60,16,0,1117
UCL115113,108,77,51,30,744
UCL115114,165,160,79,24,1088
UCL115115,511,422,149,39,2801
UCL115116,390,448,209,100,2295
UCL115117,102,184,175,64,835
UCL115118,193,163,72,37,843
UCL115119,317,208,80,21,1923
UCL115120,236,143,61,8,1565
UCL115121,144,139,59,9,789
UCL115122,180,172,113,42,1180
UCL115123,143,144,50,5,807
UCL115124,416,304,89,27,2356
UCL115125,314,353,189,53,1730
UCL115126,118,117,48,10,572
UCL115127,173,142,61,10,757
UCL115128,229,142,51,9,1259
UCL115129,231,156,66,34,1079
UCL115130,381,441,261,110,1805
UCL115131,383,333,165,46,1877
UCL115132,216,195,84,30,903
UCL115133,252,514,366,109,1520
UCL115134,323,261,129,58,1729
UCL115135,257,298,141,35,1339
UCL115136,135,80,23,7,1007
UCL115137,261,234,112,64,1962
UCL115138,80,80,21,6,1016
UCL115139,210,259,148,42,1161
UCL115140,139,181,52,16,681
UCL115141,115,84,55,22,667
UCL115142,347,405,181,39,1357
UCL115143,219,200,75,27,1130
UCL115144,330,355,163,44,1484
UCL115145,178,201,106,23,864
UCL115146,387,357,144,41,1646
UCL115147,91,100,23,0,591
UCL115148,102,121,77,27,603
UCL115149,157,89,25,10,819
UCL115150,83,74,25,3,496
UCL115151,122,113,44,7,856
UCL115152,92,61,39,15,428
UCL115153,100,80,60,42,614
UCL115154,108,59,38,10,615
UCL115155,340,249,174,63,1973
UCL115156,136,128,71,27,637
UCL115157,80,88,36,10,483
UCL115158,198,130,102,45,1342
UCL115159,148,83,21,6,873
UCL115160,164,84,25,0,1369
UCL115161,372,300,162,56,1941
UCL115162,250,200,117,17,1514
UCL115163,139,96,63,48,873
UCL115164,78,124,98,23,606
UCL115165,69,40,13,5,452
UCL121001,74,68,21,6,376
UCL121002,38,43,27,8,239
UCL121003,116,99,46,4,438
UCL121004,69,55,24,7,422
UCL121005,40,46,13,0,260
UCL121006,102,98,44,14,404
UCL121007,72,77,54,42,441
UCL121008,40,34,13,0,234
UCL121009,62,45,32,25,447
UCL121010,91,108,37,5,440
UCL121011,84,67,22,7,404
UCL121012,112,71,15,4,454
UCL121013,52,28,5,4,304
UCL121014,62,52,18,0,263
UCL121015,117,44,30,4,423
UCL121016,61,33,8,9,282
UCL121017,91,40,9,0,456
UCL121018,80,36,18,0,377
UCL121019,68,69,25,0,361
UCL121020,64,34,13,3,319
UCL121021,39,36,10,6,261
UCL121022,55,58,42,17,314
UCL121023,93,88,12,11,279
UCL121024,31,25,15,0,203
UCL121025,64,43,23,4,322
UCL121026,165,142,50,14,660
UCL121027,72,25,10,0,314
UCL121028,131,126,30,6,508
UCL121029,38,26,4,0,202
UCL121030,58,50,19,6,333
UCL121031,160,131,31,10,608
UCL121032,47,65,40,8,310
UCL121033,46,31,14,0,277
UCL121034,101,63,22,4,706
UCL121035,94,46,19,0,484
UCL121036,97,96,42,6,635
UCL121037,93,96,23,8,438
UCL121038,46,46,24,11,248
UCL121039,86,61,29,8,461
UCL121040,49,22,11,0,273
UCL121041,46,50,25,6,257
UCL121042,83,76,38,14,364
UCL121043,54,36,15,4,333
UCL121044,38,41,10,8,246
UCL121045,56,52,22,8,274
UCL121046,48,32,13,5,285
UCL121047,39,34,13,3,281
UCL121048,58,68,24,0,284
UCL121049,41,21,18,0,300
UCL121050,60,85,89,23,367
UCL121051,67,71,46,13,360
UCL121052,122,106,29,9,532
UCL121053,53,63,25,12,326
UCL121054,69,48,17,5,388
UCL121055,84,59,21,4,356
UCL121056,86,57,21,4,422
UCL121057,63,53,6,0,333
UCL121058,202,155,57,15,991
UCL121059,69,61,17,3,326
UCL121060,93,74,23,0,464
UCL121061,21,18,5,3,203
UCL121062,100,57,20,4,517
UCL121063,73,146,48,9,379
UCL121064,86,59,25,14,353
UCL121065,94,106,63,8,456
UCL121066,40,32,19,10,244
UCL121067,81,65,38,16,375
UCL121068,258,269,94,15,1167
UCL121069,64,31,5,0,390
UCL121070,83,47,25,6,330
UCL121071,29,27,10,3,217
UCL121072,41,39,17,5,347
UCL121073,41,54,25,10,281
UCL121074,82,73,35,6,384
UCL121075,43,55,96,90,385
UCL121076,73,54,14,0,476
UCL121077,59,47,21,5,391
UCL121078,43,29,15,0,296
UCL121079,53,47,14,0,279
UCL121080,102,90,35,5,553
UCL121081,57,32,9,0,288
UCL121082,153,160,48,18,688
UCL121083,115,113,45,7,569
UCL121084,60,42,11,0,384
UCL121085,124,133,40,3,608
UCL121086,90,86,42,23,434
UCL121087,58,45,13,3,274
UCL121088,45,26,7,0,295
UCL121089,109,72,28,10,469
UCL121090,86,52,12,0,379
UCL121091,109,74,25,9,399
UCL121092,70,43,13,3,520
UCL121093,63,46,11,0,476
UCL121094,67,43,26,9,325
UCL121095,84,51,21,3,393
UCL121096,118,126,34,5,465
UCL121097,88,77,26,3,386
UCL121098,113,105,39,7,501
UCL121099,61,61,31,11,301
UCL121100,100,132,39,6,567
UCL121101,103,67,35,5,529
UCL121102,160,158,46,8,635
UCL121103,86,53,27,7,417
UCL121104,66,56,29,14,338
UCL121105,81,84,23,8,316
UCL121106,116,151,63,4,559
UCL121107,81,68,19,6,401
UCL121108,72,69,23,3,381
UCL121109,49,58,25,7,281
UCL121110,60,66,30,3,425
UCL121111,50,45,36,24,302
UCL121112,54,54,12,7,366
UCL121113,53,16,13,3,234
UCL121114,94,101,27,0,495
UCL121115,101,115,42,3,375
UCL121116,83,50,12,3,459
UCL121117,66,31,13,3,300
UCL121118,30,29,12,0,246
UCL121119,95,58,23,10,414
UCL121120,35,24,7,8,256
UCL121121,43,48,17,0,280
UCL121122,59,24,9,0,299
UCL121123,35,34,19,6,336
UCL121124,82,103,30,4,318
UCL121125,109,111,47,14,476
UCL121126,48,35,18,10,254
UCL121127,34,34,17,0,312
UCL121128,71,40,22,7,484
UCL122001,15,4,0,0,106
UCL122002,35,18,19,3,220
UCL122003,29,20,3,0,200
UCL122004,31,52,10,0,132
UCL122005,30,25,7,0,128
UCL122006,18,41,6,9,132
UCL122007,34,37,23,4,184
UCL122008,25,13,3,0,117
UCL122009,16,17,5,0,127
UCL122010,38,17,0,0,144
UCL122011,49,23,4,0,198
UCL122012,9,19,10,0,103
UCL122013,20,17,5,0,84
UCL122014,26,30,9,0,156
UCL122015,41,42,27,3,169
UCL122016,17,24,6,0,122
UCL122017,34,24,9,0,141
UCL122018,27,42,16,5,160
UCL122019,34,17,9,0,141
UCL122020,41,35,13,3,149
UCL122021,28,29,9,0,114
UCL122022,63,35,26,4,236
UCL122023,44,53,26,7,250
UCL122024,15,20,3,0,107
UCL122025,34,10,5,0,121
UCL122026,12,6,4,0,88
UCL122027,31,45,26,9,147
UCL122028,37,21,14,0,169
UCL122029,35,50,19,0,169
UCL122030,68,39,6,0,216
UCL122031,20,18,4,0,199
UCL122032,34,24,7,0,201
UCL122033,15,4,4,0,93
UCL122034,26,14,4,5,121
UCL122035,55,46,18,0,214
UCL122036,37,23,9,0,180
UCL122037,16,5,4,0,133
UCL122038,31,31,8,3,150
UCL122039,41,32,9,3,181
UCL122040,31,19,0,0,104
UCL122041,52,35,7,4,208
UCL122042,17,16,8,0,144
UCL122043,20,22,3,4,125
UCL122044,13,8,0,0,49
UCL122045,22,11,11,0,98
UCL122046,117,71,20,11,322
UCL122047,61,54,25,0,214
UCL122048,42,26,25,3,211
UCL122049,26,33,16,8,146
UCL122050,22,17,5,0,81
UCL122051,22,18,7,4,116
UCL122052,42,45,14,0,181
UCL122053,33,20,18,12,129
UCL122054,32,42,11,4,254
UCL122055,54,70,46,3,257
UCL122056,17,32,10,0,116
UCL122057,15,22,3,0,129
UCL122058,47,54,21,0,238
UCL122059,41,40,10,0,230
UCL122060,37,30,12,4,185
UCL122061,12,7,9,0,64
UCL122062,26,10,8,0,134
UCL122063,21,12,7,4,112
UCL122064,27,17,6,3,119
UCL122065,76,65,22,0,250
UCL122066,44,18,4,0,188
UCL122067,54,49,18,0,239
UCL122068,19,10,0,0,102
UCL122069,50,34,10,5,197
UCL122070,42,38,19,7,234
UCL122071,18,34,16,4,171
UCL122072,30,17,13,0,143
UCL122073,51,40,15,0,167
UCL122074,22,27,7,0,106
UCL122075,23,4,4,0,132
UCL122076,17,13,9,0,95
UCL122077,30,20,8,0,139
UCL122078,39,42,17,5,166
UCL122079,40,24,11,3,169
UCL122080,34,21,15,0,201
UCL122081,20,20,14,6,117
UCL122082,23,31,15,6,109
UCL122083,33,16,8,0,153
UCL122084,12,7,3,0,81
UCL122085,19,18,10,0,108
UCL122086,27,36,7,0,154
UCL122087,25,36,4,0,113
UCL122088,22,26,3,0,112
UCL122089,33,24,12,3,214
UCL122090,65,50,18,3,288
UCL122091,21,18,15,3,153
UCL122092,47,44,16,3,217
UCL122093,23,19,13,4,160
UCL122094,42,38,16,3,199
UCL122095,32,12,0,0,117
UCL122096,34,22,22,0,134
UCL122097,18,9,13,0,107
UCL122098,74,63,11,10,296
UCL122099,22,25,5,0,117
UCL122100,73,77,28,8,298
UCL122101,39,51,10,0,223
UCL122102,52,38,16,5,171
UCL122103,25,7,3,0,86
UCL122104,53,25,12,0,203
UCL122105,42,19,4,0,188
UCL122106,37,21,16,0,149
UCL122107,41,28,7,0,184
UCL122108,38,61,24,8,168
UCL122109,150,69,11,6,673
UCL122110,35,25,14,0,195
UCL122111,49,25,3,0,199
UCL122112,47,41,21,4,170
UCL122113,26,15,8,0,106
UCL122114,47,57,24,3,189
UCL122115,41,41,18,0,171
UCL122116,59,53,28,10,216
UCL122117,41,29,8,0,217
UCL122118,18,14,3,0,141
UCL122119,61,71,23,0,253
UCL122120,39,28,6,4,218
UCL122121,25,12,4,0,138
UCL122122,43,38,14,3,270
UCL122123,21,18,11,5,84
UCL122124,20,9,7,0,159
UCL122125,32,30,17,3,128
UCL122126,67,36,19,0,224
UCL122127,30,25,3,8,152
UCL122128,17,15,3,0,89
UCL122129,30,31,12,6,154
UCL122130,13,23,7,0,96
UCL122131,267,154,34,0,1251
UCL122132,28,18,9,3,142
UCL122133,30,33,19,4,144
UCL122134,47,35,4,0,223
UCL122135,13,13,6,3,117
UCL122136,7,0,0,0,33
UCL122137,27,19,7,11,114
UCL122138,31,19,17,5,163
UCL122139,29,19,7,0,103
UCL122140,19,18,5,8,113
UCL122141,64,24,10,0,220
UCL122142,28,25,3,0,106
UCL122143,23,21,3,0,125
UCL122144,40,39,11,7,207
UCL122145,26,25,3,3,90
UCL122146,31,22,3,4,97
UCL122147,14,19,5,5,79
UCL122148,45,16,5,0,107
UCL122149,17,16,0,0,116
UCL122150,43,22,12,0,222
UCL122151,38,29,16,5,144
UCL122152,30,33,17,0,144
UCL122153,57,34,14,0,227
UCL122154,82,51,6,0,267
UCL122155,53,29,5,7,228
UCL122156,31,31,10,0,161
UCL122157,48,20,5,0,210
UCL122158,13,0,7,4,62
UCL131001,63787,47152,17683,3599,300541
UCL179997,12,0,0,0,15
UCL201001,306410,199655,100077,39268,2431279
UCL203001,7267,5786,2970,1177,52041
UCL203002,7111,5546,2984,1255,48854
UCL203003,12106,8884,4594,1788,92465
UCL211001,2568,1884,875,232,17729
UCL211002,3157,2114,780,172,32119
UCL212001,1297,964,458,115,10077
UCL212002,1048,783,456,221,6406
UCL212003,2324,1671,871,360,15886
UCL212004,2129,1903,799,301,12198
UCL212005,2979,2111,1186,571,21710
UCL212006,2817,1731,739,238,18542
UCL212007,1812,1460,631,242,12510
UCL212008,2045,1537,904,416,13828
UCL212009,2538,1853,982,468,16158
UCL213001,960,910,606,268,6284
UCL213002,1035,1065,657,302,5963
UCL213003,760,668,349,145,5097
UCL213004,938,863,446,111,6713
UCL213005,1343,1261,634,176,7959
UCL213006,822,490,297,125,5346
UCL213007,1092,829,422,194,7400
UCL213008,890,663,282,73,7391
UCL213009,876,619,402,139,5983
UCL213010,1142,967,498,197,6928
UCL213011,971,726,428,235,6075
UCL213012,837,677,298,106,4601
UCL213013,979,808,443,212,6732
UCL213014,673,461,283,131,4775
UCL213015,758,379,125,23,6420
UCL213016,1424,1172,744,359,9454
UCL213017,1406,1105,622,197,9391
UCL213018,592,630,415,146,3735
UCL214001,522,410,219,82,3053
UCL214002,298,222,128,63,2847
UCL214003,849,747,484,193,4729
UCL214004,277,299,177,83,2113
UCL214005,71,83,30,9,461
UCL214006,660,729,378,159,3495
UCL214007,230,117,36,4,2574
UCL214008,719,603,348,171,4406
UCL214009,797,569,351,147,4376
UCL214010,614,680,363,94,3256
UCL214011,565,443,249,89,4062
UCL214012,421,355,200,118,2578
UCL214013,385,348,220,93,2560
UCL214014,569,687,350,100,3194
UCL214015,366,379,236,72,2537
UCL214016,524,583,373,107,3233
UCL214017,693,886,515,170,3464
UCL214018,1069,1205,539,163,4953
UCL214019,472,339,170,69,2681
UCL214020,397,374,240,116,2514
UCL214021,314,270,123,75,2451
UCL214022,629,648,394,144,3758
UCL215001,313,249,88,18,1107
UCL215002,227,227,104,40,1210
UCL215003,431,464,201,55,2110
UCL215004,183,152,66,21,883
UCL215005,80,102,41,20,490
UCL215006,208,150,70,32,1253
UCL215007,270,248,162,52,1457
UCL215008,161,88,23,0,968
UCL215009,77,72,26,5,378
UCL215010,211,128,44,15,1133
UCL215011,83,89,56,17,494
UCL215012,327,354,150,50,1825
UCL215013,152,63,8,0,1860
UCL215014,73,39,26,6,529
UCL215015,269,234,147,42,1592
UCL215016,245,180,76,23,1748
UCL215017,195,97,87,35,1256
UCL215018,217,204,124,50,1288
UCL215019,238,189,55,15,1303
UCL215020,123,110,71,26,576
UCL215021,113,100,46,3,598
UCL215022,333,249,124,20,2076
UCL215023,100,77,59,28,591
UCL215024,114,159,79,30,739
UCL215025,129,125,45,13,538
UCL215026,111,85,49,6,536
UCL215027,112,71,47,30,546
UCL215028,273,256,143,67,1471
UCL215029,505,417,173,76,2221
UCL215030,99,90,49,22,549
UCL215031,111,92,48,26,572
UCL215032,214,256,146,57,1395
UCL215033,139,86,16,0,1286
UCL215034,108,137,93,47,628
UCL215035,103,88,44,6,741
UCL215036,99,75,36,7,600
UCL215037,131,110,59,11,656
UCL215038,165,161,111,45,860
UCL215039,98,122,69,35,664
UCL215040,97,101,26,25,554
UCL215041,281,239,132,60,1549
UCL215042,131,81,21,0,645
UCL215043,149,101,58,40,1357
UCL215044,136,114,46,11,821
UCL215045,280,249,142,53,1710
UCL215046,146,110,34,8,829
UCL215047,94,75,29,9,927
UCL215048,120,58,34,10,825
UCL215049,207,222,73,41,963
UCL215050,326,298,106,18,1650
UCL215051,314,272,143,44,1957
UCL215052,200,231,99,24,859
UCL215053,328,286,176,67,2011
UCL215054,143,93,54,27,804
UCL215055,246,266,96,16,964
UCL215056,114,79,34,9,733
UCL215057,155,132,58,22,876
UCL215058,107,90,40,16,502
UCL215059,234,259,116,29,1325
UCL215060,212,172,98,60,1282
UCL215061,156,154,81,51,948
UCL215062,124,109,53,23,689
UCL215063,84,103,56,16,559
UCL215064,142,85,63,42,843
UCL215065,319,271,162,48,1851
UCL215066,182,167,99,28,896
UCL215067,70,63,46,29,483
UCL215068,374,506,287,77,1803
UCL215069,342,432,196,90,1940
UCL215070,190,168,77,24,1287
UCL215071,367,201,108,9,1838
UCL215072,96,111,47,25,883
UCL215073,219,145,120,71,1142
UCL215074,333,225,98,14,2342
UCL215075,102,78,33,5,574
UCL215076,199,189,88,28,1121
UCL215077,188,168,83,32,980
UCL215078,141,71,34,0,883
UCL215079,154,158,99,47,909
UCL215080,151,161,52,7,1026
UCL215081,315,230,160,57,1957
UCL215082,159,108,29,5,1076
UCL215083,183,110,60,30,868
UCL215084,69,76,37,22,539
UCL215085,79,65,13,5,531
UCL215086,214,219,116,64,1716
UCL215087,159,101,35,0,858
UCL215088,236,169,85,26,1080
UCL215089,181,160,98,53,1010
UCL215090,160,136,57,40,1044
UCL215091,209,116,38,12,814
UCL215092,371,353,200,49,2453
UCL215093,270,193,59,12,1932
UCL215094,90,51,15,4,455
UCL215095,99,58,16,0,492
UCL215096,158,134,64,21,1139
UCL215097,212,201,112,33,1526
UCL215098,106,101,28,10,652
UCL215099,121,128,72,35,738
UCL215100,113,118,79,16,606
UCL221001,38,25,11,4,299
UCL221002,82,75,32,8,423
UCL221003,56,30,20,0,266
UCL221004,97,52,20,3,551
UCL221005,46,37,22,7,305
UCL221006,56,51,12,0,315
UCL221007,73,29,14,6,276
UCL221008,80,72,44,39,401
UCL221009,53,41,10,0,297
UCL221010,55,34,8,0,277
UCL221011,64,39,13,0,311
UCL221012,52,29,6,0,233
UCL221013,56,26,18,4,308
UCL221014,146,121,45,10,599
UCL221015,74,61,17,4,293
UCL221016,36,33,4,4,418
UCL221017,75,73,29,0,381
UCL221018,103,99,47,35,487
UCL221019,104,80,32,6,455
UCL221020,81,68,38,21,367
UCL221021,60,44,10,5,354
UCL221022,41,63,21,10,293
UCL221023,59,61,45,7,284
UCL221024,122,108,50,16,517
UCL221025,59,68,35,18,331
UCL221026,74,57,33,26,362
UCL221027,55,42,45,5,330
UCL221028,144,156,94,14,593
UCL221029,64,17,19,5,335
UCL221030,90,52,26,0,249
UCL221031,52,19,16,6,309
UCL221032,53,35,30,0,280
UCL221033,44,38,13,8,206
UCL221034,52,28,3,0,352
UCL221035,55,51,35,33,318
UCL221036,89,50,17,0,416
UCL221037,39,52,30,9,296
UCL221038,66,55,19,4,476
UCL221039,66,45,27,6,374
UCL221040,56,78,44,4,337
UCL221041,50,23,5,0,298
UCL221042,43,32,16,4,224
UCL221043,148,165,57,10,518
UCL221044,169,192,75,16,700
UCL221045,94,64,22,3,436
UCL221046,56,41,9,0,647
UCL221047,60,45,11,3,341
UCL221048,37,35,23,8,249
UCL221049,60,37,10,3,357
UCL221050,59,65,28,9,347
UCL221051,66,60,24,10,318
UCL221052,66,26,0,0,227
UCL221053,78,120,51,3,388
UCL221054,76,83,27,3,360
UCL221055,44,18,14,4,310
UCL221056,45,21,11,3,213
UCL221057,60,37,12,8,359
UCL221058,37,37,18,4,260
UCL221059,57,47,24,3,380
UCL221060,73,134,71,13,363
UCL221061,93,123,36,3,394
UCL221062,95,66,42,24,402
UCL221063,47,40,11,5,244
UCL221064,39,20,4,0,327
UCL221065,77,78,46,11,333
UCL221066,58,47,12,0,344
UCL221067,31,24,5,0,221
UCL221068,44,30,9,0,249
UCL221069,134,77,28,9,578
UCL221070,96,66,48,35,494
UCL221071,54,46,19,16,339
UCL221072,49,37,0,0,243
UCL221073,35,30,4,0,248
UCL221074,121,114,76,28,536
UCL221075,128,122,48,9,503
UCL221076,154,135,47,8,575
UCL221077,82,77,43,28,379
UCL221078,39,29,14,4,255
UCL221079,80,54,35,9,287
UCL221080,65,41,24,4,276
UCL221081,48,31,24,22,250
UCL221082,77,27,8,0,538
UCL221083,133,115,57,26,628
UCL221084,77,42,24,14,395
UCL222001,41,25,8,3,150
UCL222002,63,35,14,4,249
UCL222003,25,12,4,0,153
UCL222004,0,3,0,0,60
UCL222005,10,23,4,0,95
UCL222006,48,38,14,0,208
UCL222007,30,15,5,3,110
UCL222008,44,27,8,0,221
UCL222009,42,31,18,5,176
UCL222010,35,21,7,0,172
UCL222011,23,20,3,0,163
UCL222012,53,32,15,0,215
UCL222013,32,22,17,4,144
UCL222014,28,20,0,0,191
UCL222015,28,13,5,0,177
UCL222016,28,13,5,0,95
UCL222017,20,13,12,3,91
UCL222018,29,17,3,0,289
UCL222019,45,27,15,0,194
UCL222020,29,23,10,0,131
UCL222021,28,30,14,0,157
UCL222022,38,30,9,0,144
UCL222023,35,17,8,0,232
UCL222024,113,64,12,0,915
UCL222025,8,29,14,4,124
UCL222026,35,29,5,0,174
UCL222027,26,28,7,0,158
UCL222028,29,26,9,6,173
UCL222029,10,19,6,0,68
UCL222030,21,15,14,3,131
UCL222031,12,22,4,0,103
UCL222032,68,46,7,7,322
UCL222033,42,21,7,0,207
UCL222034,29,26,7,0,159
UCL222035,43,27,14,9,134
UCL222036,19,19,9,0,115
UCL222037,18,6,6,0,110
UCL222038,24,13,9,0,105
UCL222039,37,15,7,0,159
UCL222040,54,44,18,9,247
UCL222041,21,22,4,0,126
UCL222042,23,13,8,4,86
UCL222043,41,37,16,3,188
UCL222044,35,27,10,5,131
UCL222045,31,15,5,0,151
UCL222046,32,23,14,11,163
UCL222047,20,15,4,0,85
UCL222048,25,9,10,5,83
UCL222049,36,59,17,3,201
UCL222050,61,60,24,0,293
UCL222051,55,62,29,6,270
UCL222052,24,32,9,3,194
UCL222053,35,27,11,3,191
UCL222054,28,24,8,0,130
UCL222055,38,33,17,19,185
UCL222056,141,60,16,0,1068
UCL222057,40,20,7,0,168
UCL222058,127,60,9,0,694
UCL222059,20,19,4,0,101
UCL222060,20,16,6,0,85
UCL222061,15,11,0,0,106
UCL222062,55,21,22,28,234
UCL222063,66,56,20,6,259
UCL222064,24,13,5,0,125
UCL222065,22,14,0,0,81
UCL222066,27,20,6,5,111
UCL222067,25,21,9,6,155
UCL222068,31,4,4,0,113
UCL222069,45,36,20,9,181
UCL222070,30,25,17,0,122
UCL222071,24,26,13,5,182
UCL222072,38,50,17,5,191
UCL222073,28,13,6,0,141
UCL222074,17,14,5,0,89
UCL222075,34,35,11,8,224
UCL222076,32,30,11,7,197
UCL222077,35,44,21,22,211
UCL222078,22,17,6,0,116
UCL222079,60,48,11,0,244
UCL222080,35,30,23,10,176
UCL222081,58,32,17,6,195
UCL222082,36,23,12,0,206
UCL222083,13,7,6,0,90
UCL222084,47,41,15,9,205
UCL222085,62,23,8,0,192
UCL222086,30,42,11,0,215
UCL222087,33,31,14,7,197
UCL222088,44,32,14,6,136
UCL222089,23,16,11,0,103
UCL222090,28,12,5,0,119
UCL222091,35,20,10,3,174
UCL222092,20,15,0,0,160
UCL222093,34,38,18,6,194
UCL222094,36,16,8,0,145
UCL222095,13,13,5,0,85
UCL222096,38,29,3,0,210
UCL222097,23,10,5,3,150
UCL222098,35,26,10,4,194
UCL222099,12,5,0,0,95
UCL222100,29,28,21,4,124
UCL222101,26,20,6,0,137
UCL222102,45,30,13,4,201
UCL222103,18,13,10,0,100
UCL222104,19,22,7,0,115
UCL222105,18,11,4,0,84
UCL231001,45272,33001,12113,2323,214545
UCL279997,147,17,0,0,530
UCL301001,154405,100299,47881,17024,1188376
UCL302001,45797,34265,17886,6210,324423
UCL302002,25848,21909,11889,4117,156483
UCL303001,13336,9213,3947,1050,83765
UCL303002,7374,5647,3162,1129,52605
UCL303003,12122,7692,3389,1009,83796
UCL311001,3423,2815,1826,622,22613
UCL311002,5314,5639,3120,888,28930
UCL311003,5834,3494,1590,574,37363
UCL311004,4179,2688,1384,605,28322
UCL312001,2141,2701,1589,454,10288
UCL312002,2385,1216,513,172,15946
UCL312003,1734,1632,838,269,9606
UCL312004,1600,1096,683,317,10418
UCL313001,1260,964,264,25,7215
UCL313002,1268,1357,713,164,6877
UCL313003,694,396,172,63,5303
UCL313004,952,473,125,42,6816
UCL313005,541,338,124,53,4352
UCL313006,1413,1104,575,217,8595
UCL313007,839,674,302,67,5003
UCL313008,662,515,244,92,4468
UCL313009,1416,707,251,37,9361
UCL313010,955,831,510,181,5998
UCL313011,235,127,43,5,3890
UCL313012,1616,1283,599,167,9011
UCL314001,615,610,325,142,3795
UCL314002,518,436,237,89,3536
UCL314003,490,401,243,121,3323
UCL314004,370,329,149,65,2773
UCL314005,371,241,106,53,2805
UCL314006,878,822,389,66,4793
UCL314007,618,516,250,63,3680
UCL314008,451,248,101,51,3440
UCL314009,378,207,56,8,3304
UCL314010,292,229,132,47,2872
UCL314011,349,230,132,40,2416
UCL314012,436,302,123,48,2713
UCL314013,560,418,202,90,3148
UCL314014,332,178,79,25,2430
UCL314015,361,235,78,8,2397
UCL314016,495,430,287,91,3718
UCL314017,792,210,49,10,6499
UCL314018,386,171,52,7,3285
UCL314019,413,308,176,74,2559
UCL314020,456,278,122,65,3362
UCL314021,770,892,463,75,4595
UCL314022,976,852,427,111,4756
UCL314023,853,525,186,46,4647
UCL315001,264,296,77,9,1139
UCL315002,194,124,28,5,1154
UCL315003,140,141,62,10,611
UCL315004,33,12,0,0,203
UCL315005,117,102,40,14,568
UCL315006,90,40,9,0,581
UCL315007,304,310,139,53,1569
UCL315008,463,109,15,0,3369
UCL315009,202,202,124,70,1154
UCL315010,309,350,125,17,1394
UCL315011,209,273,110,18,772
UCL315012,199,116,30,3,1619
UCL315013,96,49,18,0,796
UCL315014,181,225,86,23,738
UCL315015,181,80,39,8,959
UCL315016,162,84,22,9,1318
UCL315017,260,172,41,19,1210
UCL315018,41,6,0,0,235
UCL315019,119,135,87,30,688
UCL315020,152,113,50,9,984
UCL315021,76,101,49,17,515
UCL315022,265,241,35,4,1542
UCL315023,123,62,29,6,647
UCL315024,333,350,69,6,1423
UCL315025,261,384,148,25,1249
UCL315026,261,269,149,96,1768
UCL315027,151,191,155,99,947
UCL315028,75,61,22,0,581
UCL315029,188,137,31,6,1151
UCL315030,59,17,6,0,331
UCL315031,321,88,10,0,2282
UCL315032,459,469,213,83,2343
UCL315033,127,166,84,13,623
UCL315034,115,62,19,0,588
UCL315035,187,115,30,8,1353
UCL315036,128,119,40,18,775
UCL315037,329,247,102,19,1941
UCL315038,161,59,20,0,927
UCL315039,46,15,7,0,236
UCL315040,275,160,40,0,1838
UCL315041,108,79,23,0,616
UCL315042,199,187,89,30,1165
UCL315043,79,91,43,12,419
UCL315044,385,267,169,69,1923
UCL315045,276,137,42,3,1383
UCL315046,147,127,48,19,1096
UCL315047,130,66,23,6,876
UCL315048,183,158,64,15,795
UCL315049,327,239,122,25,1450
UCL315050,225,202,124,57,1547
UCL315051,359,254,113,27,2223
UCL315052,216,207,104,17,1615
UCL315053,278,219,76,38,1605
UCL315054,270,209,93,26,1579
UCL315055,429,507,208,40,1726
UCL315056,171,176,101,45,885
UCL315057,343,428,236,84,1776
UCL315058,125,58,24,8,1389
UCL315059,90,71,79,32,795
UCL315060,143,58,13,3,1065
UCL315061,383,84,3,0,2309
UCL315062,108,91,37,26,763
UCL315063,85,79,31,14,603
UCL315064,62,65,24,4,642
UCL315065,78,82,31,26,461
UCL315066,285,192,75,13,1666
UCL315067,245,257,92,10,1095
UCL315068,160,133,56,14,865
UCL315069,203,194,86,26,987
UCL315070,181,107,29,3,1201
UCL315071,156,168,54,0,701
UCL315072,83,46,33,11,547
UCL315073,152,133,50,20,818
UCL315074,258,294,146,35,1430
UCL315075,260,215,92,23,944
UCL315076,237,173,83,34,1530
UCL315077,85,24,3,0,417
UCL315078,145,136,110,109,1213
UCL315079,227,154,59,5,995
UCL315080,932,899,345,53,4637
UCL315081,243,187,118,29,1446
UCL315082,197,182,60,8,816
UCL315083,137,52,12,3,509
UCL315084,279,204,67,4,996
UCL315085,213,152,91,52,1346
UCL315086,479,487,212,18,1867
UCL315087,336,212,62,8,1495
UCL315088,230,169,79,38,1393
UCL315089,174,126,68,23,1153
UCL315090,354,392,209,60,2223
UCL315091,186,69,19,0,1295
UCL315092,280,361,190,41,1168
UCL315093,82,77,51,4,398
UCL315094,246,249,115,8,1088
UCL315095,133,119,56,22,993
UCL315096,213,111,39,13,1465
UCL315097,115,81,20,5,837
UCL315098,348,96,11,5,2482
UCL315099,202,89,30,3,1638
UCL315100,93,75,32,9,619
UCL315101,160,78,21,5,829
UCL315102,146,131,89,23,810
UCL315103,206,214,78,6,918
UCL315104,192,166,62,34,1224
UCL315105,218,340,119,9,914
UCL315106,80,43,15,3,808
UCL315107,172,125,57,14,1247
UCL315108,43,18,0,0,355
UCL315109,156,157,59,11,667
UCL321001,45,40,14,3,229
UCL321002,72,69,33,12,361
UCL321003,57,43,29,0,289
UCL321004,50,29,21,9,242
UCL321005,50,51,26,0,356
UCL321006,23,7,5,0,192
UCL321007,99,71,38,0,791
UCL321008,128,142,60,4,531
UCL321009,129,94,57,12,683
UCL321010,58,43,19,3,359
UCL321011,60,41,13,0,333
UCL321012,48,56,53,4,273
UCL321013,78,79,40,4,424
UCL321014,33,10,8,0,222
UCL321015,81,88,35,24,468
UCL321016,42,71,40,9,261
UCL321017,147,84,43,4,556
UCL321018,40,58,9,3,317
UCL321019,69,37,7,0,437
UCL321020,93,61,29,0,404
UCL321021,67,38,25,0,312
UCL321022,61,37,12,0,368
UCL321023,62,57,11,4,315
UCL321024,32,32,11,0,239
UCL321025,102,80,19,0,289
UCL321026,50,39,13,0,220
UCL321027,66,39,32,5,404
UCL321028,52,58,16,8,431
UCL321029,142,158,51,11,509
UCL321030,49,25,11,0,202
UCL321031,110,85,22,0,541
UCL321032,204,154,53,4,1000
UCL321033,94,63,19,0,487
UCL321034,89,77,21,10,454
UCL321035,170,134,47,3,822
UCL321036,69,51,14,0,498
UCL321037,82,69,30,5,391
UCL321038,132,146,53,3,546
UCL321039,143,150,61,17,610
UCL321040,93,41,19,4,362
UCL321041,69,94,35,12,424
UCL321042,52,28,16,0,270
UCL321043,93,45,17,0,382
UCL321044,262,223,65,6,944
UCL321045,96,41,12,0,577
UCL321046,57,57,26,0,286
UCL321047,65,32,22,7,312
UCL321048,54,39,26,4,236
UCL321049,43,27,13,0,273
UCL321050,60,36,11,5,342
UCL321051,113,99,65,20,498
UCL321052,33,18,8,0,298
UCL321053,44,12,6,0,272
UCL321054,145,153,43,0,529
UCL321055,126,133,26,11,606
UCL321056,33,29,28,12,262
UCL321057,71,44,24,9,287
UCL321058,67,58,22,5,423
UCL321059,115,75,21,0,594
UCL321060,57,49,27,17,281
UCL321061,118,130,63,8,471
UCL321062,55,17,7,0,356
UCL321063,118,77,39,7,515
UCL321064,114,136,55,9,451
UCL321065,118,73,43,11,535
UCL321066,76,76,29,9,280
UCL321067,12,7,9,0,144
UCL321068,73,52,18,9,465
UCL321069,129,145,85,8,576
UCL321070,53,32,19,0,337
UCL321071,51,38,16,0,291
UCL321072,51,51,10,4,390
UCL321073,180,178,88,5,791
UCL321074,49,56,14,9,311
UCL321075,93,49,15,4,548
UCL321076,46,15,0,0,289
UCL321077,115,41,3,0,685
UCL321078,62,53,13,0,283
UCL321079,88,95,33,4,591
UCL321080,153,92,29,7,853
UCL321081,64,33,14,3,281
UCL321082,50,41,11,0,269
UCL321083,112,61,32,4,662
UCL321084,190,144,54,5,761
UCL321085,96,145,33,0,328
UCL321086,36,21,0,0,266
UCL321087,82,62,29,4,369
UCL321088,96,106,32,8,413
UCL321089,84,99,47,8,322
UCL321090,60,69,45,16,426
UCL321091,78,101,37,5,326
UCL321092,71,62,46,3,290
UCL321093,56,51,21,3,301
UCL321094,63,56,22,9,309
UCL321095,141,142,55,10,599
UCL321096,69,35,26,5,360
UCL321097,97,49,19,3,470
UCL321098,41,24,14,0,232
UCL321099,53,38,8,5,290
UCL321100,23,24,20,5,213
UCL321101,56,44,26,9,256
UCL321102,60,28,16,0,347
UCL321103,105,82,35,4,515
UCL321104,66,7,0,0,437
UCL321105,144,136,57,6,757
UCL321106,96,102,40,11,601
UCL321107,80,59,32,9,326
UCL321108,35,35,7,6,225
UCL321109,145,180,45,3,707
UCL321110,94,124,63,14,507
UCL321111,79,90,43,9,426
UCL321112,28,8,0,0,230
UCL321113,58,49,5,0,290
UCL321114,87,91,58,8,423
UCL322001,44,23,10,0,196
UCL322002,25,20,7,7,121
UCL322003,27,40,15,6,124
UCL322004,64,51,30,5,251
UCL322005,27,20,4,0,95
UCL322006,65,81,38,9,249
UCL322007,45,23,10,4,163
UCL322008,16,16,6,0,103
UCL322009,22,12,20,4,155
UCL322010,55,58,14,0,195
UCL322011,71,44,17,4,281
UCL322012,41,35,31,7,179
UCL322013,41,19,15,0,246
UCL322014,21,18,13,4,97
UCL322015,48,42,13,4,212
UCL322016,22,11,0,0,87
UCL322017,13,0,0,0,59
UCL322018,68,88,16,3,248
UCL322019,70,61,25,11,213
UCL322020,25,18,9,0,100
UCL322021,37,48,9,5,127
UCL322022,29,31,5,0,131
UCL322023,67,51,15,0,215
UCL322024,40,49,12,3,253
UCL322025,31,29,0,0,117
UCL322026,19,7,4,0,83
UCL322027,17,20,7,0,75
UCL322028,25,15,15,5,111
UCL322029,21,13,0,0,132
UCL322030,34,27,9,5,143
UCL322031,37,35,13,0,144
UCL322032,14,27,11,0,88
UCL322033,8,0,0,0,35
UCL322034,24,19,25,6,150
UCL322035,30,28,8,3,144
UCL322036,51,46,31,3,216
UCL322037,24,27,0,0,96
UCL322038,27,35,16,4,178
UCL322039,20,8,4,3,94
UCL322040,30,12,6,0,204
UCL322041,25,18,0,0,168
UCL322042,15,12,3,0,104
UCL322043,35,10,4,5,141
UCL322044,31,43,11,0,161
UCL322045,51,45,21,3,213
UCL322046,27,22,0,0,166
UCL322047,59,38,4,0,220
UCL322048,39,28,6,5,154
UCL322049,24,20,8,0,106
UCL322050,73,7,0,0,440
UCL322051,16,27,0,0,115
UCL322052,11,0,11,0,52
UCL322053,50,19,15,5,192
UCL322054,55,41,14,0,173
UCL322055,31,42,18,8,159
UCL322056,10,8,0,0,84
UCL322057,31,24,6,0,193
UCL322058,84,113,41,9,308
UCL322059,23,6,0,0,132
UCL322060,56,54,20,0,221
UCL322061,23,13,3,0,154
UCL322062,35,28,5,0,161
UCL322063,56,55,15,4,293
UCL322064,23,8,3,0,115
UCL322065,21,15,14,0,115
UCL322066,44,52,18,0,150
UCL322067,187,269,85,3,787
UCL322068,29,32,10,0,127
UCL322069,50,51,26,0,179
UCL322070,37,43,23,3,192
UCL322071,12,17,4,0,57
UCL322072,26,11,9,0,110
UCL322073,58,111,39,7,310
UCL322074,39,42,16,4,121
UCL322075,10,4,0,0,85
UCL322076,34,16,0,0,208
UCL322077,21,9,5,0,115
UCL322078,30,8,3,0,118
UCL322079,26,12,0,0,147
UCL322080,23,33,7,0,110
UCL322081,41,41,8,5,172
UCL322082,35,27,11,5,158
UCL322083,14,5,4,0,74
UCL322084,33,26,3,0,128
UCL322085,45,37,13,0,237
UCL322086,19,23,8,3,106
UCL322087,63,46,11,0,281
UCL322088,22,32,5,0,116
UCL322089,33,23,10,4,158
UCL322090,23,7,6,0,111
UCL322091,28,16,4,5,104
UCL322092,14,4,0,0,151
UCL322093,70,47,20,3,254
UCL322094,47,32,9,4,137
UCL322095,34,48,24,5,181
UCL322096,28,16,8,0,214
UCL322097,88,73,9,0,319
UCL322098,30,10,3,3,153
UCL322099,21,17,16,0,106
UCL322100,42,40,17,3,233
UCL322101,50,61,11,3,286
UCL322102,14,13,5,0,117
UCL322103,42,36,17,0,229
UCL322104,59,23,9,0,184
UCL322105,20,13,9,0,97
UCL322106,78,68,14,0,320
UCL322107,89,98,24,0,286
UCL322108,27,14,4,0,96
UCL322109,34,19,9,0,147
UCL322110,53,26,13,4,203
UCL322111,20,8,3,0,115
UCL322112,34,24,10,0,166
UCL322113,27,10,0,0,111
UCL322114,31,29,11,0,181
UCL322115,39,26,6,5,142
UCL322116,37,26,8,0,128
UCL322117,59,68,34,8,213
UCL322118,14,13,7,0,90
UCL322119,23,21,5,0,122
UCL322120,43,45,23,16,263
UCL322121,43,47,16,3,200
UCL322122,58,48,23,0,222
UCL322123,22,18,9,0,123
UCL322124,19,16,24,0,98
UCL322125,33,40,12,0,182
UCL322126,20,18,17,31,127
UCL322127,63,72,36,10,259
UCL322128,17,4,0,0,143
UCL322129,32,31,21,0,124
UCL322130,33,28,6,0,129
UCL322131,15,10,3,0,75
UCL322132,35,19,7,4,217
UCL322133,8,0,0,0,97
UCL322134,13,23,13,4,57
UCL322135,12,6,0,0,102
UCL322136,36,30,3,0,172
UCL322137,20,13,7,0,78
UCL322138,6,8,12,0,55
UCL322139,17,3,0,0,90
UCL331001,48083,34122,11979,1921,235260
UCL379997,27,12,0,0,308
UCL401001,88799,66546,32957,12394,622078
UCL412001,2099,1401,771,331,12844
UCL412002,1376,1165,560,168,10656
UCL412003,1643,1292,676,268,11230
UCL412004,1618,958,553,196,9192
UCL413001,1627,1467,571,146,8975
UCL413002,1086,849,495,190,6773
UCL413003,932,664,288,61,5479
UCL413004,1009,743,357,139,6289
UCL413005,927,654,335,99,5340
UCL413006,1448,2077,1272,416,8219
UCL414001,798,1224,673,192,4357
UCL414002,374,262,80,11,2476
UCL414003,298,222,128,59,2052
UCL414004,408,372,216,77,2711
UCL414005,517,493,299,94,3045
UCL415001,174,148,77,22,1004
UCL415002,228,129,79,17,1724
UCL415003,110,115,68,37,751
UCL415004,151,119,59,19,863
UCL415005,132,123,71,30,829
UCL415006,279,244,98,54,1818
UCL415007,147,122,63,27,1195
UCL415008,187,139,60,15,1116
UCL415009,275,262,108,40,1682
UCL415010,221,238,126,21,1129
UCL415011,93,95,54,25,573
UCL415012,144,97,25,15,994
UCL415013,199,183,138,80,1266
UCL415014,106,69,28,22,581
UCL415015,329,247,129,81,1913
UCL415016,213,173,111,46,1164
UCL415017,210,160,92,41,1024
UCL415018,115,138,66,18,650
UCL415019,202,78,30,9,889
UCL415020,193,95,69,18,1007
UCL415021,237,215,129,41,1630
UCL415022,152,140,48,4,899
UCL415023,105,72,47,25,484
UCL415024,192,255,140,43,1107
UCL415025,65,40,19,0,519
UCL415026,312,293,218,86,1705
UCL415027,77,34,12,5,555
UCL415028,123,122,35,5,592
UCL415029,341,265,135,66,1904
UCL415030,379,491,260,96,2064
UCL415031,86,64,24,0,547
UCL415032,264,368,129,32,1172
UCL415033,71,54,26,4,423
UCL415034,115,82,40,10,590
UCL415035,134,137,49,16,619
UCL415036,87,106,63,23,465
UCL415037,276,258,140,48,1924
UCL415038,132,124,61,9,634
UCL415039,198,30,5,3,1778
UCL415040,119,83,54,16,595
UCL415041,379,326,164,63,2146
UCL415042,127,149,74,35,691
UCL415043,144,104,37,11,1213
UCL415044,56,42,6,0,696
UCL415045,107,126,76,29,705
UCL415046,388,362,198,47,1818
UCL415047,186,109,36,8,1033
UCL415048,233,218,77,19,1179
UCL415049,148,138,91,45,942
UCL421001,86,117,71,17,498
UCL421002,50,70,21,3,248
UCL421003,80,61,25,9,469
UCL421004,119,109,54,14,482
UCL421005,78,44,31,22,369
UCL421006,67,32,6,6,338
UCL421007,88,74,40,4,376
UCL421008,85,94,32,15,463
UCL421009,40,29,22,8,311
UCL421010,48,27,10,0,315
UCL421011,54,53,31,9,270
UCL421012,48,40,32,0,253
UCL421013,123,69,15,10,544
UCL421014,71,42,18,50,381
UCL421015,45,40,6,18,252
UCL421016,74,48,15,0,287
UCL421017,36,19,5,0,218
UCL421018,81,51,22,12,476
UCL421019,39,34,25,9,253
UCL421020,36,19,22,11,249
UCL421021,31,43,22,9,231
UCL421022,120,90,20,8,536
UCL421023,49,31,20,5,321
UCL421024,59,67,32,12,363
UCL421025,86,96,32,4,392
UCL421026,47,61,54,28,330
UCL421027,49,44,24,25,287
UCL421028,77,31,10,5,279
UCL421029,57,50,20,16,264
UCL421030,66,34,19,10,283
UCL421031,65,53,16,3,268
UCL421032,34,37,17,3,241
UCL421033,23,11,0,3,154
UCL421034,116,113,53,14,547
UCL421035,64,70,44,23,329
UCL421036,72,26,12,0,449
UCL421037,91,101,40,22,481
UCL421038,103,74,21,6,488
UCL421039,50,23,7,0,282
UCL421040,42,47,16,0,295
UCL421041,45,33,12,11,222
UCL421042,73,89,48,14,371
UCL421043,51,51,16,7,227
UCL422001,19,11,0,4,105
UCL422002,23,6,0,0,134
UCL422003,40,45,18,0,161
UCL422004,27,36,18,0,131
UCL422005,30,29,5,5,111
UCL422006,47,56,20,3,211
UCL422007,27,31,12,0,111
UCL422008,43,20,10,0,170
UCL422009,30,17,9,9,103
UCL422010,43,29,17,0,182
UCL422011,19,24,16,0,99
UCL422012,47,29,13,0,223
UCL422013,29,18,7,0,163
UCL422014,33,13,5,0,113
UCL422015,72,62,25,8,229
UCL422016,22,7,7,3,77
UCL422017,14,15,11,3,93
UCL422018,16,18,9,0,74
UCL422019,57,88,34,6,265
UCL422020,47,41,12,0,189
UCL422021,53,59,14,4,226
UCL422022,7,4,0,0,65
UCL422023,23,25,10,0,117
UCL422024,7,0,0,0,41
UCL422025,19,22,17,3,121
UCL422026,24,22,3,3,201
UCL422027,42,46,8,3,161
UCL422028,33,25,11,3,129
UCL422029,12,4,0,0,74
UCL422030,32,27,12,0,132
UCL422031,28,24,10,0,123
UCL422032,38,15,0,0,164
UCL422033,61,17,6,5,176
UCL422034,42,20,0,0,145
UCL422035,35,16,6,0,174
UCL422036,19,22,4,0,114
UCL422037,10,23,11,0,120
UCL422038,17,18,8,0,96
UCL422039,30,29,3,0,110
UCL422040,36,24,22,6,176
UCL422041,42,51,18,0,178
UCL422042,44,46,23,8,178
UCL422043,20,13,3,0,65
UCL422044,41,46,13,6,164
UCL422045,73,86,32,13,269
UCL422046,49,32,11,0,174
UCL422047,16,16,0,0,66
UCL422048,35,25,13,6,126
UCL422049,36,8,11,0,114
UCL422050,14,13,3,0,78
UCL422051,43,39,0,0,197
UCL422052,47,49,36,6,215
UCL422053,39,40,18,10,163
UCL422054,26,13,7,0,103
UCL422055,28,20,15,0,137
UCL422056,14,6,0,6,119
UCL422057,35,24,0,0,169
UCL422058,20,12,4,0,78
UCL422059,43,45,21,0,229
UCL422060,23,35,7,0,102
UCL422061,42,13,0,0,141
UCL422062,17,5,3,0,92
UCL422063,11,6,0,0,102
UCL431001,14808,10521,3684,641,72044
UCL479997,5,0,0,0,28
UCL501001,142892,99255,48913,18211,1033862
UCL511001,5364,3643,1714,632,34279
UCL512001,2522,1920,1067,443,14647
UCL512002,2110,1844,993,348,12756
UCL512003,2393,1631,799,354,15140
UCL512004,2067,1009,295,92,14173
UCL513001,1958,1626,481,52,11660
UCL513002,736,491,338,89,4704
UCL513003,1335,508,112,12,10970
UCL513004,1431,510,113,20,10216
UCL513005,657,444,253,88,4689
UCL514001,465,366,200,80,2920
UCL514002,530,545,257,55,3733
UCL514003,554,397,159,74,3899
UCL514004,482,378,196,72,2776
UCL515001,130,183,94,35,663
UCL515002,122,77,26,4,596
UCL515003,233,258,108,23,1179
UCL515004,84,56,17,11,869
UCL515005,142,120,40,10,935
UCL515006,476,469,187,33,2661
UCL515007,134,68,27,6,1010
UCL515008,122,48,17,0,722
UCL515009,299,293,168,53,1640
UCL515010,371,303,59,7,1938
UCL515011,186,159,109,33,1122
UCL515012,112,67,14,4,972
UCL515013,460,473,159,23,2814
UCL515014,119,95,14,0,693
UCL515015,151,129,97,46,1165
UCL515016,155,167,64,12,813
UCL515017,259,308,101,18,1156
UCL515018,114,48,19,6,717
UCL515019,214,153,79,32,1399
UCL515020,517,380,72,20,3016
UCL515021,165,125,63,22,818
UCL515022,232,194,103,37,1571
UCL515023,172,115,49,19,1088
UCL515024,128,103,37,21,688
UCL515025,143,112,63,48,795
UCL515026,134,68,19,6,965
UCL515027,271,205,111,74,1758
UCL515028,309,91,18,0,2539
UCL515029,143,22,8,4,999
UCL515030,228,224,138,80,1567
UCL515031,264,304,150,25,1419
UCL515032,98,59,8,4,638
UCL515033,213,66,20,0,1666
UCL515034,214,162,70,11,1208
UCL515035,100,85,39,7,480
UCL515036,159,119,71,45,932
UCL515037,196,44,3,0,1411
UCL515038,218,254,150,47,1146
UCL521001,54,31,4,0,243
UCL521002,58,88,14,0,359
UCL521003,58,83,50,14,346
UCL521004,26,7,6,0,157
UCL521005,88,59,29,3,464
UCL521006,95,65,31,4,411
UCL521007,44,29,25,5,241
UCL521008,35,28,10,4,200
UCL521009,48,38,25,9,271
UCL521010,54,41,12,5,318
UCL521011,34,18,4,0,251
UCL521012,60,37,4,5,237
UCL521013,78,46,13,7,399
UCL521014,92,61,9,4,481
UCL521015,43,45,20,14,264
UCL521016,33,22,17,6,238
UCL521017,35,23,20,8,291
UCL521018,27,22,12,0,239
UCL521019,264,313,104,6,1148
UCL521020,53,71,29,5,290
UCL521021,48,43,35,0,354
UCL521022,94,57,11,4,437
UCL521023,43,37,8,6,217
UCL521024,131,100,37,6,786
UCL521025,69,40,25,3,375
UCL521026,65,25,19,0,364
UCL521027,98,41,8,4,756
UCL521028,60,40,33,15,290
UCL521029,68,36,41,24,369
UCL521030,76,68,35,7,368
UCL521031,125,66,15,0,696
UCL521032,88,42,12,0,365
UCL521033,136,85,16,4,702
UCL521034,62,36,19,5,321
UCL521035,62,45,31,3,269
UCL521036,55,46,17,0,244
UCL521037,50,39,23,6,341
UCL521038,68,69,30,8,318
UCL521039,110,73,40,14,461
UCL521040,171,146,35,0,863
UCL521041,47,10,0,0,380
UCL521042,55,37,16,12,288
UCL521043,68,41,17,0,287
UCL521044,66,49,26,8,285
UCL521045,57,71,32,13,281
UCL521046,44,22,9,0,215
UCL521047,48,32,7,5,245
UCL521048,91,102,48,19,440
UCL521049,19,8,0,0,117
UCL521050,50,51,14,8,297
UCL521051,64,41,21,3,318
UCL521052,89,60,9,0,454
UCL522001,13,13,0,0,120
UCL522002,33,44,19,0,168
UCL522003,7,5,0,0,87
UCL522004,3,0,0,0,43
UCL522005,10,5,0,0,92
UCL522006,52,41,11,6,245
UCL522007,19,16,5,3,95
UCL522008,21,19,10,0,88
UCL522009,23,8,8,0,149
UCL522010,40,50,24,10,216
UCL522011,21,34,12,0,167
UCL522012,50,66,17,5,260
UCL522013,44,27,9,5,200
UCL522014,15,9,3,0,62
UCL522015,110,141,38,0,624
UCL522016,21,14,9,5,115
UCL522017,43,29,18,5,164
UCL522018,40,44,9,0,161
UCL522019,26,8,4,4,86
UCL522020,27,11,4,0,81
UCL522021,14,34,6,5,129
UCL522022,22,18,7,0,106
UCL522023,36,25,3,4,149
UCL522024,41,53,24,3,168
UCL522025,43,41,12,6,188
UCL522026,33,53,28,6,152
UCL522027,39,25,13,0,162
UCL522028,16,17,18,5,82
UCL522029,10,11,11,4,137
UCL522030,23,9,6,0,135
UCL522031,12,0,0,0,45
UCL522032,21,10,0,0,76
UCL522033,37,43,20,3,172
UCL522034,6,0,0,0,30
UCL522035,25,12,4,3,89
UCL522036,9,21,4,0,89
UCL522037,22,15,4,4,124
UCL522038,30,11,5,6,196
UCL522039,61,27,7,0,210
UCL522040,33,31,8,0,105
UCL522041,36,32,10,5,145
UCL522042,34,15,0,0,288
UCL522043,13,5,0,0,114
UCL522044,39,50,5,0,160
UCL522045,12,3,0,0,52
UCL522046,52,46,21,5,195
UCL522047,49,73,24,10,272
UCL522048,26,22,12,4,137
UCL522049,39,61,7,0,210
UCL522050,37,15,22,13,185
UCL522051,30,9,3,0,107
UCL522052,14,10,5,0,95
UCL522053,8,0,0,0,39
UCL522054,16,22,3,5,102
UCL522055,80,128,30,3,383
UCL522056,51,16,6,0,257
UCL522057,58,52,23,4,300
UCL522058,18,6,4,0,96
UCL522059,38,29,18,0,197
UCL522060,7,4,0,0,17
UCL522061,53,47,24,0,205
UCL522062,0,0,4,0,35
UCL522063,8,0,0,0,42
UCL522064,13,10,10,0,160
UCL522065,28,15,9,7,110
UCL522066,26,12,10,4,180
UCL522067,45,21,0,0,336
UCL522068,37,25,11,6,195
UCL522069,12,23,18,0,124
UCL522070,19,24,8,3,124
UCL522071,13,3,0,0,67
UCL531001,21451,13598,4235,628,112651
UCL579997,465,123,24,0,2853
UCL603001,14466,11527,5941,2194,105633
UCL611001,5680,4237,2392,838,39310
UCL612001,1485,977,585,204,8905
UCL612002,1734,1471,773,291,10937
UCL613001,1008,832,474,152,5583
UCL614001,539,341,102,18,2597
UCL614002,362,248,150,41,2348
UCL614003,437,376,235,70,2287
UCL615001,85,54,42,13,440
UCL615002,138,151,56,11,596
UCL615003,160,124,57,22,692
UCL615004,66,78,41,4,461
UCL615005,190,183,125,36,1140
UCL615006,108,121,60,14,527
UCL615007,120,95,51,16,539
UCL615008,282,284,142,32,1659
UCL615009,161,106,51,10,1007
UCL615010,135,101,71,18,918
UCL615011,257,250,147,55,1884
UCL615012,326,235,159,79,2084
UCL615013,254,273,145,48,1601
UCL615014,147,101,66,21,1209
UCL615015,237,177,80,29,1633
UCL615016,280,223,114,37,1600
UCL615017,227,157,81,10,1371
UCL615018,357,378,197,47,1814
UCL615019,163,122,32,0,630
UCL615020,156,112,54,18,818
UCL615021,108,114,94,68,793
UCL615022,79,100,56,24,504
UCL615023,208,153,89,35,1359
UCL615024,138,115,70,31,927
UCL615025,182,153,118,36,1418
UCL615026,158,152,72,22,738
UCL615027,135,148,47,10,720
UCL621001,26,13,6,0,197
UCL621002,97,78,32,5,429
UCL621003,45,13,16,0,279
UCL621004,59,70,30,11,329
UCL621005,38,30,13,0,216
UCL621006,84,32,5,0,350
UCL621007,65,40,9,4,315
UCL621008,40,21,20,3,240
UCL621009,37,56,30,15,311
UCL621010,57,45,23,3,251
UCL621011,28,34,10,0,258
UCL621012,75,80,30,0,469
UCL621013,52,39,27,0,274
UCL621014,73,42,12,7,306
UCL621015,90,113,83,15,575
UCL621016,94,53,23,4,412
UCL621017,55,81,48,15,304
UCL621018,53,56,23,7,221
UCL621019,94,79,41,7,345
UCL621020,74,46,22,3,338
UCL621021,70,54,23,0,484
UCL621022,107,97,58,19,518
UCL621023,98,53,20,3,409
UCL621024,80,70,24,6,357
UCL621025,58,67,30,9,362
UCL621026,71,39,17,0,263
UCL621027,83,102,53,9,358
UCL621028,73,49,22,7,414
UCL621029,67,42,14,0,308
UCL621030,80,79,43,29,348
UCL621031,44,46,18,8,263
UCL621032,79,54,10,4,320
UCL622001,51,46,15,0,182
UCL622002,37,31,14,0,142
UCL622003,30,10,12,6,162
UCL622004,22,14,4,0,91
UCL622005,37,31,21,4,191
UCL622006,21,22,11,0,117
UCL622007,53,60,18,6,221
UCL622008,36,34,4,0,136
UCL622009,42,36,16,0,203
UCL622010,30,57,38,54,266
UCL622011,27,9,7,0,117
UCL622012,39,28,13,0,164
UCL622013,65,45,18,0,258
UCL622014,21,23,10,0,141
UCL622015,44,59,20,9,240
UCL622016,16,20,14,3,150
UCL622017,18,15,3,3,85
UCL622018,43,30,20,0,167
UCL622019,56,46,13,0,209
UCL622020,23,8,9,0,180
UCL622021,22,41,13,5,114
UCL622022,50,43,15,0,256
UCL622023,60,51,27,10,244
UCL622024,50,40,20,0,178
UCL622025,33,15,5,0,130
UCL622026,22,24,11,3,115
UCL622027,46,42,20,0,153
UCL631001,11460,8111,2799,501,53447
UCL679997,70,27,4,0,303
UCL703001,10189,6484,2029,384,74718
UCL712001,2368,1468,365,77,14681
UCL714001,618,355,82,15,3865
UCL715001,84,38,4,0,519
UCL715002,38,11,0,0,293
UCL715003,78,23,0,0,542
UCL715004,18,4,0,0,139
UCL715005,48,11,0,0,268
UCL715006,271,93,20,0,2050
UCL715007,244,119,26,0,1301
UCL715008,47,14,0,0,366
UCL715009,59,21,0,0,341
UCL721001,63,19,4,0,429
UCL721002,23,10,0,0,146
UCL721003,66,40,4,0,297
UCL721004,18,9,0,0,120
UCL721005,30,11,0,0,160
UCL721006,26,13,0,0,98
UCL721007,69,56,10,0,338
UCL721008,47,58,16,0,369
UCL721009,259,135,36,0,1049
UCL721010,22,3,0,0,125
UCL721011,14,9,0,0,114
UCL721012,15,4,0,0,130
UCL721013,29,12,0,0,109
UCL721014,20,7,3,0,132
UCL721015,11,3,0,0,73
UCL721016,37,11,3,0,208
UCL721017,37,22,4,0,196
UCL721018,206,95,9,0,1020
UCL722001,93,106,14,6,357
UCL722002,8,8,0,0,72
UCL722003,5,0,0,0,45
UCL722004,4,0,0,0,20
UCL722005,21,8,0,0,113
UCL722006,8,3,0,0,54
UCL722007,8,3,0,0,40
UCL722008,14,0,0,0,65
UCL722009,3,4,0,0,46
UCL722010,86,66,10,0,324
UCL722011,0,0,0,0,19
UCL722012,10,3,0,0,71
UCL722013,6,0,0,0,32
UCL722014,9,11,4,0,114
UCL722015,16,4,6,0,48
UCL722016,67,25,6,0,246
UCL722017,6,0,0,0,55
UCL722018,12,14,0,0,77
UCL722019,6,0,0,0,18
UCL722020,200,255,43,0,786
UCL722021,11,7,0,0,75
UCL722022,8,0,0,0,67
UCL722023,15,3,5,0,104
UCL722024,7,18,0,0,111
UCL722025,6,0,0,0,47
UCL722026,14,0,0,0,64
UCL722027,10,6,0,0,79
UCL722028,54,49,7,0,244
UCL722029,16,3,0,0,61
UCL722030,5,0,0,0,48
UCL722031,42,55,11,0,238
UCL722032,3,0,0,0,45
UCL722033,10,9,0,0,82
UCL722034,75,53,16,0,241
UCL722035,18,9,0,0,107
UCL722036,11,5,0,0,77
UCL722037,7,3,0,0,43
UCL722038,3,0,0,0,13
UCL722039,13,4,0,0,79
UCL722040,0,6,0,0,35
UCL731001,4667,3581,752,55,24164
UCL779997,96,35,6,0,406
UCL802001,33411,23878,11803,3939,262713
UCL822001,30,33,16,4,171
UCL822002,24,11,0,0,171
UCL831001,54,42,4,0,398
UCL879997,0,0,0,0,0
UCL915001,151,102,19,0,947
UCL921001,258,179,82,24,1021
UCL922001,30,16,11,0,162
UCL922002,10,4,7,0,177
UCL922003,55,36,15,0,204
UCL931001,71,70,43,8,649
UCL979997,0,0,0,0,0
