UCL_CODE_2021,Intact_fam_no_oth_ch_pres_Fam,Step_fam_no_oth_ch_pres_Fam,Blend_fam_no_oth_ch_pres_Fam,Intact_fam_oth_ch_pres_Fam,Step_fam_oth_ch_pres_Fam,Blended_fam_oth_ch_pres_Fam,Oth_coup_fam_oth_ch_only_Fam,Tot_Families
UCL101001,546276,38021,13363,5568,544,223,1707,605701
UCL102001,3897,389,200,34,7,0,14,4542
UCL102002,29238,3748,1692,308,62,29,233,35307
UCL102003,4970,669,245,51,9,6,32,5993
UCL102004,31974,3985,1464,288,66,15,228,38016
UCL102005,27520,3113,1260,241,38,17,196,32387
UCL111001,4370,606,262,31,12,3,41,5322
UCL111002,3817,550,222,45,13,7,49,4698
UCL111003,8603,1420,610,88,24,8,77,10821
UCL112001,1410,163,91,19,4,3,22,1716
UCL112002,2859,454,210,33,10,3,26,3590
UCL112003,2570,302,114,26,5,0,30,3040
UCL112004,2077,219,68,17,3,0,12,2404
UCL112005,1560,268,129,29,7,4,26,2026
UCL112006,3096,506,207,47,7,7,37,3915
UCL112007,574,80,29,6,0,0,4,696
UCL112008,1075,175,62,11,0,0,17,1341
UCL112009,1781,263,163,32,5,0,26,2267
UCL112010,2040,196,78,33,0,3,20,2377
UCL112011,1668,304,167,28,10,5,31,2204
UCL112012,1905,291,135,26,9,4,17,2390
UCL112013,232,41,11,3,0,0,5,287
UCL112014,1831,282,124,21,6,4,18,2274
UCL112015,2434,371,204,35,11,3,43,3093
UCL112016,3449,478,242,35,5,5,29,4240
UCL112017,3559,508,184,30,6,4,31,4321
UCL112018,2405,409,221,28,5,0,39,3106
UCL112019,4240,523,253,38,14,3,37,5108
UCL113001,1154,144,58,13,0,0,13,1384
UCL113002,650,111,43,11,0,0,18,829
UCL113003,1036,218,95,21,0,0,13,1397
UCL113004,700,86,19,4,0,0,4,814
UCL113005,1013,199,117,22,4,0,12,1369
UCL113006,515,103,60,15,0,7,14,708
UCL113007,1430,158,53,7,0,0,6,1661
UCL113008,713,99,49,12,4,4,12,898
UCL113009,1142,164,75,12,3,0,3,1401
UCL113010,981,132,75,18,4,0,12,1223
UCL113011,858,161,80,13,3,0,16,1131
UCL113012,1042,160,62,15,4,0,11,1288
UCL113013,971,225,119,13,7,4,19,1346
UCL113014,1312,230,100,13,8,3,7,1678
UCL113015,705,131,54,10,3,3,10,914
UCL113016,1002,168,104,36,4,5,13,1330
UCL113017,1012,133,54,11,0,0,7,1220
UCL113018,160,20,18,0,0,0,0,201
UCL114001,383,57,15,0,0,0,3,463
UCL114002,368,60,16,3,0,0,9,461
UCL114003,586,82,63,14,5,0,9,753
UCL114004,478,71,35,0,0,0,0,580
UCL114005,333,58,14,9,0,0,16,429
UCL114006,353,47,27,0,3,4,4,444
UCL114007,553,72,45,11,6,0,4,691
UCL114008,410,50,32,6,0,0,5,515
UCL114009,747,89,26,0,0,0,4,874
UCL114010,451,62,30,4,0,0,4,555
UCL114011,272,43,16,5,0,0,6,348
UCL114012,962,88,47,11,0,0,3,1111
UCL114013,611,94,48,6,0,3,10,778
UCL114014,906,89,27,13,0,0,0,1042
UCL114015,586,102,61,8,0,0,19,769
UCL114016,570,74,34,7,0,0,4,696
UCL114017,798,82,26,12,0,0,6,923
UCL114018,497,103,22,0,0,0,3,630
UCL114019,426,57,26,7,0,0,5,528
UCL114020,777,111,53,4,0,0,0,948
UCL114021,733,122,51,10,0,5,4,921
UCL114022,316,41,29,4,0,0,3,403
UCL114023,397,41,22,8,0,0,7,483
UCL114024,711,131,59,14,4,0,15,920
UCL114025,737,105,37,7,0,0,5,887
UCL114026,504,74,41,6,0,0,5,631
UCL114027,379,48,15,3,0,0,6,443
UCL114028,410,76,28,4,3,0,11,524
UCL114029,723,56,34,5,0,0,3,822
UCL114030,324,26,19,4,0,0,8,384
UCL114031,536,90,53,0,3,0,10,698
UCL114032,455,70,54,7,0,0,4,593
UCL114033,491,85,37,4,0,0,12,630
UCL114034,525,102,53,17,0,0,6,713
UCL114035,463,55,7,3,0,0,5,539
UCL114036,381,48,20,6,0,0,3,458
UCL114037,526,91,22,7,0,0,10,656
UCL114038,524,77,59,7,0,0,12,680
UCL115001,154,31,12,0,0,0,3,210
UCL115002,411,67,22,13,0,0,5,513
UCL115003,393,39,21,9,0,0,3,467
UCL115004,119,14,3,0,0,0,0,143
UCL115005,67,9,7,0,0,0,0,83
UCL115006,258,23,9,0,0,0,0,292
UCL115007,348,46,26,0,0,0,3,423
UCL115008,48,7,4,0,0,0,0,61
UCL115009,138,18,15,0,0,0,4,173
UCL115010,40,4,4,0,0,0,0,46
UCL115011,124,21,4,0,0,0,5,151
UCL115012,58,5,5,0,0,0,0,73
UCL115013,279,50,25,0,0,0,0,362
UCL115014,224,34,22,6,0,0,0,287
UCL115015,92,17,10,0,0,0,6,122
UCL115016,90,7,0,0,0,0,0,101
UCL115017,197,15,0,0,0,0,3,222
UCL115018,42,9,4,0,0,0,4,50
UCL115019,311,42,7,0,0,0,3,364
UCL115020,240,29,23,7,0,0,10,310
UCL115021,71,12,3,0,0,0,6,92
UCL115022,253,36,9,0,0,0,0,301
UCL115023,81,17,13,0,0,0,4,106
UCL115024,102,17,3,3,0,0,3,130
UCL115025,177,24,15,0,0,0,3,221
UCL115026,90,11,8,3,0,0,0,112
UCL115027,271,43,16,4,0,0,4,346
UCL115028,196,28,14,0,0,0,0,235
UCL115029,109,11,4,0,0,0,0,128
UCL115030,50,13,8,0,0,0,4,73
UCL115031,180,13,4,0,0,0,0,195
UCL115032,204,14,7,3,0,0,0,232
UCL115033,503,69,20,8,0,0,0,609
UCL115034,192,27,20,3,0,0,0,232
UCL115035,377,60,31,6,0,0,4,472
UCL115036,213,38,14,0,0,0,4,275
UCL115037,152,14,5,4,0,0,0,174
UCL115038,84,17,6,0,0,0,0,106
UCL115039,226,39,22,0,0,0,7,294
UCL115040,179,14,9,4,0,0,4,207
UCL115041,181,24,6,5,0,0,8,217
UCL115042,127,19,16,3,0,0,3,164
UCL115043,126,10,8,3,0,0,0,142
UCL115044,115,14,6,7,0,0,6,145
UCL115045,65,17,6,6,5,0,0,84
UCL115046,147,17,17,3,0,0,0,186
UCL115047,149,26,10,0,0,0,0,185
UCL115048,242,35,10,0,0,0,3,297
UCL115049,85,17,7,3,0,0,0,107
UCL115050,251,30,16,4,0,0,0,294
UCL115051,132,18,7,0,0,0,0,158
UCL115052,102,32,19,0,6,0,0,157
UCL115053,57,7,3,0,0,0,0,73
UCL115054,137,6,4,0,0,0,0,154
UCL115055,152,24,11,3,0,0,4,196
UCL115056,164,39,17,3,0,0,4,231
UCL115057,167,36,16,0,0,0,3,223
UCL115058,77,23,4,0,0,0,0,107
UCL115059,93,10,12,0,0,0,0,119
UCL115060,221,33,29,0,0,0,0,286
UCL115061,66,14,7,0,0,0,0,85
UCL115062,155,21,12,0,0,0,4,184
UCL115063,159,19,3,0,0,0,0,184
UCL115064,461,59,14,3,0,0,4,543
UCL115065,112,24,10,5,0,0,5,148
UCL115066,308,46,17,4,0,0,0,370
UCL115067,131,25,13,0,0,0,3,168
UCL115068,84,13,4,0,0,0,0,101
UCL115069,117,24,5,0,0,0,0,146
UCL115070,337,54,35,6,0,0,4,442
UCL115071,141,29,16,0,0,0,4,195
UCL115072,163,25,12,0,0,0,0,207
UCL115073,147,10,7,3,0,0,4,168
UCL115074,117,22,9,8,0,0,0,153
UCL115075,58,10,0,0,0,0,0,68
UCL115076,120,14,9,0,0,0,0,140
UCL115077,134,21,8,6,0,0,4,170
UCL115078,55,11,6,0,0,0,0,77
UCL115079,124,18,10,3,0,0,6,166
UCL115080,253,23,20,0,0,0,3,306
UCL115081,69,9,7,0,0,0,0,83
UCL115082,63,13,10,0,0,0,0,81
UCL115083,200,30,17,0,0,0,5,253
UCL115084,64,16,3,0,0,0,0,88
UCL115085,137,14,5,3,0,0,0,164
UCL115086,143,18,3,0,0,0,0,162
UCL115087,137,19,4,0,0,0,0,163
UCL115088,128,10,8,0,0,0,0,155
UCL115089,301,36,27,5,0,0,3,373
UCL115090,52,6,0,0,0,0,0,64
UCL115091,84,12,7,0,0,0,0,111
UCL115092,137,27,10,0,0,0,3,189
UCL115093,120,18,3,0,0,0,0,146
UCL115094,147,21,19,0,0,0,0,189
UCL115095,80,5,5,6,0,0,4,95
UCL115096,325,42,16,0,0,0,9,390
UCL115097,155,32,17,5,3,0,6,215
UCL115098,57,20,6,0,0,0,4,81
UCL115099,183,40,13,8,0,0,0,245
UCL115100,138,17,14,6,0,0,4,181
UCL115101,152,16,12,0,0,0,0,186
UCL115102,108,10,12,6,0,0,3,141
UCL115103,64,3,9,0,0,0,0,82
UCL115104,116,11,5,4,0,0,3,138
UCL115105,121,16,12,4,0,0,0,155
UCL115106,162,36,12,5,0,0,6,216
UCL115107,273,36,16,3,0,0,3,329
UCL115108,280,33,18,4,0,0,0,339
UCL115109,177,23,16,0,0,0,0,218
UCL115110,227,32,15,4,0,0,9,290
UCL115111,215,36,16,4,0,0,4,283
UCL115112,229,51,19,0,0,0,0,302
UCL115113,145,22,10,0,0,0,0,181
UCL115114,158,22,11,4,0,0,3,204
UCL115115,359,39,26,0,6,0,3,430
UCL115116,314,49,21,3,0,0,0,390
UCL115117,71,10,7,0,0,0,3,93
UCL115118,111,12,8,0,0,0,0,136
UCL115119,437,42,19,9,0,0,0,502
UCL115120,486,39,26,0,0,0,4,559
UCL115121,126,14,15,0,0,0,5,159
UCL115122,152,26,14,0,0,0,9,198
UCL115123,155,21,7,0,0,0,0,182
UCL115124,414,52,17,7,0,0,6,500
UCL115125,217,26,12,0,0,0,4,251
UCL115126,89,14,3,0,0,0,0,107
UCL115127,93,14,4,0,0,0,0,113
UCL115128,199,41,4,0,0,0,0,238
UCL115129,226,15,6,4,0,0,0,246
UCL115130,193,20,10,0,0,0,4,232
UCL115131,282,47,30,5,5,0,9,382
UCL115132,106,11,0,0,0,0,0,116
UCL115133,88,13,5,7,0,0,0,113
UCL115134,284,27,15,7,0,0,4,338
UCL115135,142,16,4,0,0,0,5,172
UCL115136,306,30,19,0,0,0,0,358
UCL115137,401,44,31,4,0,0,0,484
UCL115138,221,36,12,6,0,0,0,278
UCL115139,141,16,18,0,0,0,0,179
UCL115140,95,9,0,0,3,0,0,106
UCL115141,92,25,3,0,0,0,5,122
UCL115142,96,19,8,0,0,0,4,124
UCL115143,174,21,14,5,0,0,0,201
UCL115144,135,14,11,5,0,0,3,174
UCL115145,100,13,0,4,0,0,0,120
UCL115146,202,21,4,0,0,0,0,226
UCL115147,122,9,7,0,0,0,0,147
UCL115148,86,15,3,0,0,0,3,108
UCL115149,38,4,7,0,0,0,0,55
UCL115150,102,11,10,0,0,0,0,117
UCL115151,174,37,18,4,0,0,9,238
UCL115152,60,14,4,4,0,0,0,84
UCL115153,66,8,3,0,0,0,0,77
UCL115154,111,9,9,0,0,0,5,141
UCL115155,209,51,23,6,0,0,6,303
UCL115156,39,19,7,0,6,0,0,75
UCL115157,76,14,3,0,0,0,3,104
UCL115158,206,19,18,0,0,0,6,248
UCL115159,240,23,9,0,0,0,0,278
UCL115160,436,51,28,6,4,0,0,520
UCL115161,303,46,29,0,0,0,7,386
UCL115162,313,37,15,4,0,0,0,364
UCL115163,194,23,16,0,0,0,6,240
UCL115164,96,21,10,4,0,0,0,128
UCL115165,112,12,5,0,0,0,3,133
UCL121001,68,10,3,0,0,0,0,88
UCL121002,27,7,6,0,0,0,0,39
UCL121003,57,4,4,0,0,0,0,65
UCL121004,78,12,5,0,0,0,3,106
UCL121005,65,11,3,3,0,0,0,79
UCL121006,44,4,0,0,0,0,0,55
UCL121007,51,8,3,0,0,0,4,68
UCL121008,15,7,3,0,0,0,0,22
UCL121009,55,4,10,0,0,0,0,71
UCL121010,52,0,0,0,0,0,0,56
UCL121011,40,7,6,0,0,0,4,59
UCL121012,109,12,5,4,0,0,0,126
UCL121013,23,3,0,3,0,0,5,35
UCL121014,34,3,3,0,0,0,0,40
UCL121015,78,20,4,0,0,0,0,95
UCL121016,48,9,6,0,0,0,0,61
UCL121017,120,15,0,0,0,0,0,139
UCL121018,78,17,10,5,0,0,0,114
UCL121019,79,8,3,0,0,0,0,96
UCL121020,65,4,0,0,0,0,0,73
UCL121021,40,4,0,0,0,0,0,44
UCL121022,38,7,0,0,0,0,0,50
UCL121023,25,5,0,0,0,0,6,34
UCL121024,41,4,7,0,0,0,0,53
UCL121025,79,3,9,0,0,0,0,91
UCL121026,58,7,0,3,0,0,4,73
UCL121027,61,8,4,0,0,0,0,79
UCL121028,53,6,0,0,0,0,0,53
UCL121029,50,9,6,0,0,0,0,67
UCL121030,52,5,0,0,0,0,0,59
UCL121031,67,8,3,0,0,0,0,85
UCL121032,43,10,5,0,0,0,0,54
UCL121033,56,0,0,0,0,0,0,59
UCL121034,94,8,0,0,0,0,0,104
UCL121035,100,21,11,4,0,0,0,134
UCL121036,152,26,9,0,0,0,0,190
UCL121037,62,10,0,0,0,0,4,81
UCL121038,41,5,5,0,0,0,0,48
UCL121039,70,8,8,0,0,0,0,83
UCL121040,64,7,0,0,0,0,0,72
UCL121041,35,6,3,0,0,0,0,44
UCL121042,37,3,0,0,0,0,0,37
UCL121043,90,12,0,0,0,0,0,103
UCL121044,41,6,0,0,0,0,0,51
UCL121045,33,11,4,0,0,0,0,45
UCL121046,73,5,3,0,0,0,0,86
UCL121047,69,11,4,0,0,0,0,85
UCL121048,53,9,0,0,0,0,0,54
UCL121049,69,6,5,0,0,0,0,78
UCL121050,20,4,0,0,0,0,0,22
UCL121051,50,8,3,6,0,0,3,62
UCL121052,52,3,0,0,0,0,0,56
UCL121053,47,6,0,0,0,0,0,52
UCL121054,115,7,3,0,0,0,0,127
UCL121055,69,3,3,0,0,0,3,77
UCL121056,75,11,5,0,0,0,0,95
UCL121057,87,12,6,0,0,0,0,104
UCL121058,237,33,9,3,0,0,0,278
UCL121059,48,10,0,0,0,0,0,62
UCL121060,109,16,0,0,0,0,0,135
UCL121061,65,11,4,3,0,0,0,80
UCL121062,109,20,0,0,0,0,0,131
UCL121063,27,0,0,0,0,0,0,30
UCL121064,40,12,0,0,0,0,5,53
UCL121065,58,14,4,4,0,0,0,78
UCL121066,45,6,5,0,0,0,0,61
UCL121067,44,6,0,0,0,0,0,51
UCL121068,167,19,11,6,0,0,4,204
UCL121069,131,9,0,0,0,0,0,148
UCL121070,56,4,3,0,0,0,0,60
UCL121071,43,9,9,0,0,0,0,61
UCL121072,69,12,4,0,0,0,0,88
UCL121073,41,7,5,0,0,0,0,49
UCL121074,33,5,0,0,0,0,0,39
UCL121075,51,3,0,0,0,0,0,57
UCL121076,111,15,0,0,0,0,4,136
UCL121077,63,11,4,0,0,0,0,87
UCL121078,78,8,9,0,0,0,0,93
UCL121079,61,9,0,0,0,0,3,74
UCL121080,97,16,5,0,0,0,0,113
UCL121081,69,9,0,0,0,0,0,78
UCL121082,83,14,0,0,0,0,0,102
UCL121083,68,8,0,0,0,0,0,76
UCL121084,130,7,0,0,0,0,0,138
UCL121085,103,23,9,0,0,0,0,132
UCL121086,53,10,4,0,0,0,0,64
UCL121087,51,4,5,0,0,0,3,66
UCL121088,61,4,0,0,0,0,0,67
UCL121089,74,20,8,0,0,0,0,103
UCL121090,90,14,6,0,0,0,4,113
UCL121091,82,12,3,0,0,0,0,92
UCL121092,135,9,8,0,0,0,0,152
UCL121093,106,13,13,5,0,0,0,145
UCL121094,30,7,0,3,0,0,0,47
UCL121095,90,9,6,0,0,0,0,97
UCL121096,59,6,0,5,0,0,0,78
UCL121097,62,10,6,0,0,0,0,73
UCL121098,89,9,3,0,0,0,0,100
UCL121099,45,7,3,0,0,0,0,55
UCL121100,117,15,8,0,0,0,0,140
UCL121101,91,17,10,3,0,0,0,126
UCL121102,90,4,6,0,0,0,0,100
UCL121103,79,11,5,4,0,0,4,100
UCL121104,60,12,6,0,0,0,0,77
UCL121105,30,6,0,4,0,0,0,37
UCL121106,61,9,0,0,0,0,0,78
UCL121107,71,10,9,0,0,0,0,93
UCL121108,56,13,9,0,0,0,0,81
UCL121109,54,6,4,0,0,0,0,63
UCL121110,80,15,8,0,0,0,4,110
UCL121111,41,13,6,0,0,0,0,47
UCL121112,86,9,10,0,0,0,0,99
UCL121113,31,0,0,0,0,0,0,36
UCL121114,82,8,0,4,0,0,0,95
UCL121115,28,10,7,0,0,0,0,41
UCL121116,138,12,6,0,0,0,0,159
UCL121117,51,11,4,0,0,0,0,65
UCL121118,68,8,0,0,0,0,0,76
UCL121119,75,12,6,3,0,0,0,95
UCL121120,11,0,5,0,0,0,0,21
UCL121121,46,14,6,0,0,0,0,65
UCL121122,57,5,8,0,0,0,0,72
UCL121123,52,17,0,0,0,0,0,69
UCL121124,22,6,0,0,0,0,0,26
UCL121125,58,6,8,0,0,0,0,69
UCL121126,64,6,7,0,0,0,0,75
UCL121127,78,9,7,0,0,0,0,97
UCL121128,105,20,8,0,0,0,0,133
UCL122001,25,0,7,0,0,0,0,35
UCL122002,14,3,0,0,0,0,0,14
UCL122003,38,5,3,0,0,0,0,51
UCL122004,13,5,0,0,0,0,0,22
UCL122005,17,0,9,0,0,0,0,24
UCL122006,21,0,0,0,0,0,0,24
UCL122007,20,5,4,0,0,0,3,28
UCL122008,24,3,6,0,0,0,0,31
UCL122009,22,7,4,0,0,0,0,37
UCL122010,36,8,0,0,0,0,4,48
UCL122011,41,7,3,0,0,0,0,52
UCL122012,19,0,0,0,0,0,0,22
UCL122013,10,4,0,0,0,0,0,11
UCL122014,29,4,0,0,0,0,0,32
UCL122015,15,0,0,0,0,0,0,18
UCL122016,30,0,0,0,0,0,0,30
UCL122017,23,4,0,0,0,0,0,27
UCL122018,21,4,0,0,0,0,0,25
UCL122019,13,3,0,0,0,0,0,22
UCL122020,3,0,0,0,0,0,0,9
UCL122021,14,0,0,0,0,0,0,16
UCL122022,51,5,0,0,0,0,0,60
UCL122023,51,4,0,4,0,0,0,61
UCL122024,21,3,4,0,0,0,0,29
UCL122025,23,5,4,0,0,0,0,34
UCL122026,21,4,0,0,0,0,4,32
UCL122027,14,0,0,0,0,0,0,14
UCL122028,18,4,5,0,0,0,0,25
UCL122029,17,0,0,0,0,0,0,23
UCL122030,35,8,0,0,0,0,0,38
UCL122031,68,7,0,0,0,0,0,69
UCL122032,38,4,5,0,0,0,0,43
UCL122033,26,0,3,0,0,0,3,33
UCL122034,28,0,0,0,0,0,0,33
UCL122035,23,9,6,0,0,0,0,36
UCL122036,11,0,0,0,0,0,0,15
UCL122037,33,8,0,0,0,0,0,43
UCL122038,25,5,0,0,0,0,0,31
UCL122039,32,6,3,0,0,0,0,38
UCL122040,14,0,0,0,0,0,0,10
UCL122041,37,4,0,0,0,0,0,40
UCL122042,33,0,0,0,0,0,0,37
UCL122043,27,5,0,0,0,0,0,27
UCL122044,6,0,0,0,0,0,0,8
UCL122045,20,6,0,0,0,0,0,25
UCL122046,32,6,0,0,0,0,0,35
UCL122047,29,0,0,0,0,0,0,34
UCL122048,21,3,0,0,0,0,0,21
UCL122049,11,0,3,0,0,0,0,17
UCL122050,5,0,0,0,0,0,0,7
UCL122051,17,0,0,0,0,0,0,22
UCL122052,26,3,0,0,0,0,0,29
UCL122053,10,3,0,0,0,0,0,16
UCL122054,31,0,0,0,0,0,0,37
UCL122055,34,0,3,0,0,0,0,36
UCL122056,24,3,5,0,0,0,0,40
UCL122057,24,6,6,0,0,0,0,34
UCL122058,33,5,0,0,0,0,0,41
UCL122059,36,5,0,0,0,0,0,48
UCL122060,24,3,3,0,0,0,0,33
UCL122061,3,4,0,0,0,0,0,7
UCL122062,21,3,5,0,0,0,0,30
UCL122063,25,3,3,0,0,0,0,27
UCL122064,20,5,0,0,0,0,0,22
UCL122065,24,0,0,0,0,0,0,25
UCL122066,45,3,8,0,0,0,0,53
UCL122067,32,3,0,0,0,0,0,38
UCL122068,7,0,0,0,0,0,0,8
UCL122069,25,6,0,0,0,0,0,30
UCL122070,57,0,3,0,0,0,0,64
UCL122071,36,9,0,0,0,0,0,44
UCL122072,15,6,0,0,0,0,0,21
UCL122073,15,3,6,0,0,0,0,25
UCL122074,5,4,4,0,0,0,0,7
UCL122075,29,5,3,0,0,0,0,40
UCL122076,21,0,0,0,0,0,0,26
UCL122077,15,5,0,0,0,0,0,32
UCL122078,18,4,4,0,0,0,0,22
UCL122079,33,5,0,0,0,0,0,34
UCL122080,57,7,0,0,0,0,0,67
UCL122081,12,0,0,0,0,0,0,23
UCL122082,3,5,0,0,0,0,0,4
UCL122083,38,3,4,0,0,0,0,45
UCL122084,16,5,0,0,0,0,0,15
UCL122085,18,0,5,0,0,0,0,25
UCL122086,8,0,0,3,0,0,0,18
UCL122087,13,3,0,0,0,0,0,22
UCL122088,13,0,0,0,0,0,0,18
UCL122089,37,9,0,0,0,0,0,47
UCL122090,45,8,0,0,0,0,0,51
UCL122091,21,7,0,0,0,0,0,31
UCL122092,31,4,5,0,0,0,0,40
UCL122093,18,0,0,0,0,0,0,15
UCL122094,22,3,0,0,0,0,0,23
UCL122095,18,5,0,0,0,0,0,22
UCL122096,13,5,0,0,0,0,0,16
UCL122097,11,0,0,0,0,0,0,17
UCL122098,8,0,0,0,0,0,0,14
UCL122099,14,6,0,0,0,0,0,22
UCL122100,29,4,0,0,0,0,0,33
UCL122101,37,4,0,0,0,0,0,39
UCL122102,12,0,0,0,0,0,0,16
UCL122103,8,3,0,0,0,0,0,18
UCL122104,59,6,3,0,0,0,0,70
UCL122105,49,0,0,0,0,0,0,51
UCL122106,13,0,4,0,0,0,0,13
UCL122107,37,11,4,0,0,0,0,43
UCL122108,4,0,0,0,0,0,0,3
UCL122109,4,0,0,0,0,0,0,4
UCL122110,39,5,0,0,0,0,5,47
UCL122111,57,6,0,0,0,0,0,62
UCL122112,15,6,0,0,0,0,0,22
UCL122113,14,4,0,0,0,0,0,17
UCL122114,11,5,0,0,0,0,0,17
UCL122115,27,3,4,0,0,0,0,31
UCL122116,19,3,0,0,0,0,0,25
UCL122117,46,4,4,6,0,0,4,60
UCL122118,23,9,0,0,0,0,0,36
UCL122119,16,0,5,0,0,0,0,21
UCL122120,51,10,3,0,0,0,0,59
UCL122121,33,3,3,0,0,0,0,34
UCL122122,67,3,5,5,0,0,0,73
UCL122123,6,0,0,0,0,0,0,12
UCL122124,37,4,0,0,0,0,0,44
UCL122125,12,0,0,0,0,0,0,14
UCL122126,50,3,4,0,0,0,0,59
UCL122127,16,0,0,0,0,0,0,22
UCL122128,12,4,3,0,0,0,0,14
UCL122129,23,0,0,0,0,0,0,28
UCL122130,24,0,0,0,0,0,0,25
UCL122131,16,0,0,0,0,0,0,16
UCL122132,14,4,5,0,0,0,0,29
UCL122133,7,0,0,0,0,0,0,8
UCL122134,38,7,0,0,0,0,0,44
UCL122135,16,0,0,0,0,0,0,19
UCL122136,8,0,0,0,0,0,0,10
UCL122137,15,5,0,0,0,0,0,15
UCL122138,11,4,0,0,0,0,0,18
UCL122139,18,0,0,0,0,0,0,22
UCL122140,15,4,0,0,0,0,0,16
UCL122141,38,11,3,0,0,0,0,45
UCL122142,14,0,0,0,0,0,0,13
UCL122143,14,0,0,0,0,0,0,15
UCL122144,15,8,6,0,0,0,0,29
UCL122145,9,4,0,0,0,0,0,19
UCL122146,12,0,0,0,0,0,0,18
UCL122147,9,0,0,0,0,0,0,13
UCL122148,7,3,0,0,0,0,0,11
UCL122149,14,8,3,0,0,0,0,30
UCL122150,35,8,6,0,0,0,0,54
UCL122151,8,0,0,0,0,0,0,9
UCL122152,15,4,4,0,0,0,3,22
UCL122153,40,3,4,0,0,0,0,44
UCL122154,44,5,0,0,0,0,0,45
UCL122155,29,11,0,0,0,0,0,42
UCL122156,33,9,0,0,0,0,0,42
UCL122157,58,5,3,0,0,0,5,69
UCL122158,15,0,0,0,0,0,0,16
UCL131001,56049,5933,2502,731,120,48,560,65939
UCL179997,0,0,0,0,0,0,0,0
UCL201001,529066,29684,12983,4596,418,188,1369,578308
UCL203001,9070,851,491,98,16,11,47,10574
UCL203002,8849,850,476,90,12,10,59,10344
UCL203003,17150,1383,664,115,16,9,57,19402
UCL211001,3243,363,230,35,4,5,30,3910
UCL211002,8243,667,451,142,20,12,54,9595
UCL212001,2273,226,150,18,4,3,7,2684
UCL212002,1009,122,70,16,0,0,5,1230
UCL212003,2710,285,167,37,9,3,33,3255
UCL212004,2424,157,57,10,0,0,8,2653
UCL212005,4427,377,217,57,9,7,30,5126
UCL212006,4423,375,214,24,10,0,18,5066
UCL212007,2800,174,79,5,0,0,0,3067
UCL212008,2391,290,152,14,0,5,17,2865
UCL212009,2902,273,119,18,8,0,17,3334
UCL213001,1003,107,52,7,0,4,14,1187
UCL213002,765,68,25,8,0,0,4,864
UCL213003,1017,88,43,11,0,0,6,1161
UCL213004,1346,142,103,11,0,4,10,1624
UCL213005,1452,168,97,20,0,0,12,1745
UCL213006,1490,91,38,3,0,0,3,1627
UCL213007,1377,140,98,11,0,3,15,1644
UCL213008,1835,146,105,16,6,3,11,2124
UCL213009,1262,148,73,12,0,0,3,1498
UCL213010,1000,147,98,15,0,0,13,1270
UCL213011,825,116,75,11,3,0,16,1051
UCL213012,766,86,48,4,0,0,3,901
UCL213013,1120,125,71,4,3,0,8,1332
UCL213014,915,73,50,8,0,0,7,1052
UCL213015,1810,155,106,17,8,0,8,2105
UCL213016,1573,140,96,11,7,3,15,1853
UCL213017,1765,188,106,22,3,0,10,2090
UCL213018,599,69,41,12,0,0,0,727
UCL214001,479,59,39,10,0,0,4,588
UCL214002,834,60,36,7,0,0,8,939
UCL214003,580,62,48,6,0,0,4,702
UCL214004,348,44,25,3,0,0,3,431
UCL214005,91,13,6,0,0,0,0,107
UCL214006,422,33,27,7,0,0,5,489
UCL214007,600,35,26,14,0,0,0,676
UCL214008,775,54,39,0,0,0,12,882
UCL214009,763,86,46,4,0,0,8,911
UCL214010,471,32,12,5,0,0,5,526
UCL214011,859,81,46,9,5,0,4,1003
UCL214012,466,54,27,5,0,0,6,558
UCL214013,467,39,15,3,0,0,0,530
UCL214014,368,43,30,7,0,0,0,450
UCL214015,458,50,27,0,0,0,0,545
UCL214016,470,51,32,4,3,0,3,561
UCL214017,403,22,10,0,0,0,0,436
UCL214018,548,53,18,0,0,0,7,630
UCL214019,380,48,22,0,0,0,6,463
UCL214020,391,27,25,4,0,0,3,455
UCL214021,576,51,25,5,0,0,3,661
UCL214022,557,69,35,3,0,0,5,674
UCL215001,112,12,0,0,0,0,0,121
UCL215002,187,26,3,0,0,0,3,217
UCL215003,275,12,0,0,0,0,0,291
UCL215004,90,3,4,0,0,0,0,101
UCL215005,77,8,0,0,0,0,0,87
UCL215006,234,23,17,4,0,0,0,274
UCL215007,261,17,7,0,0,0,0,283
UCL215008,253,23,16,3,0,0,0,291
UCL215009,59,8,4,0,0,0,0,71
UCL215010,341,23,11,0,0,0,0,374
UCL215011,60,13,7,0,0,0,3,76
UCL215012,262,25,5,0,0,0,0,286
UCL215013,611,48,39,8,0,4,5,713
UCL215014,150,16,9,0,0,0,0,177
UCL215015,191,14,10,0,0,0,0,213
UCL215016,360,50,29,0,0,0,6,441
UCL215017,310,16,17,0,0,0,0,344
UCL215018,210,20,18,0,0,0,0,248
UCL215019,218,22,7,0,0,0,0,246
UCL215020,71,7,0,0,0,0,0,77
UCL215021,98,14,10,0,0,0,0,121
UCL215022,319,43,34,5,0,0,8,405
UCL215023,113,10,10,0,0,0,0,126
UCL215024,132,8,3,0,0,0,0,150
UCL215025,59,6,0,0,0,0,3,79
UCL215026,69,7,4,0,0,0,0,79
UCL215027,76,6,6,0,0,0,0,87
UCL215028,191,19,14,0,6,0,0,232
UCL215029,218,15,7,0,0,0,0,239
UCL215030,81,10,9,0,0,0,0,98
UCL215031,98,7,4,0,0,0,0,111
UCL215032,193,16,13,3,6,0,0,230
UCL215033,427,41,21,4,0,0,0,494
UCL215034,65,0,4,0,0,0,0,69
UCL215035,186,22,6,0,0,0,0,219
UCL215036,135,19,6,0,0,0,0,158
UCL215037,94,14,0,0,0,0,0,105
UCL215038,93,14,9,0,0,0,0,121
UCL215039,108,9,8,0,0,0,0,126
UCL215040,65,4,14,0,0,0,0,86
UCL215041,252,15,23,0,0,0,3,298
UCL215042,123,15,14,3,0,0,0,147
UCL215043,351,47,31,10,0,0,0,434
UCL215044,166,16,11,8,0,0,4,197
UCL215045,302,34,26,3,3,0,0,363
UCL215046,182,20,7,0,4,0,0,209
UCL215047,234,30,21,0,0,0,0,285
UCL215048,166,19,15,5,0,0,0,202
UCL215049,81,4,0,0,0,0,0,85
UCL215050,362,19,6,5,0,0,0,391
UCL215051,358,27,20,0,0,0,0,417
UCL215052,79,13,3,0,0,0,0,98
UCL215053,312,30,15,5,0,0,0,359
UCL215054,141,18,8,0,0,0,0,170
UCL215055,99,5,3,0,0,0,0,106
UCL215056,127,12,8,0,0,0,0,145
UCL215057,148,17,15,0,0,0,0,179
UCL215058,64,3,7,0,0,0,0,80
UCL215059,169,19,3,0,0,0,0,191
UCL215060,208,27,18,0,0,0,0,256
UCL215061,148,22,6,0,0,0,0,167
UCL215062,115,6,14,0,0,0,3,132
UCL215063,110,11,6,0,0,0,3,125
UCL215064,159,15,3,9,0,0,0,182
UCL215065,242,19,19,5,0,0,3,289
UCL215066,109,12,12,3,0,0,0,144
UCL215067,72,0,6,0,0,0,0,76
UCL215068,166,19,12,3,0,0,0,205
UCL215069,287,16,4,0,0,0,0,310
UCL215070,204,30,25,6,0,0,0,275
UCL215071,472,30,14,0,0,0,3,518
UCL215072,146,14,3,8,5,0,5,189
UCL215073,176,19,12,0,0,0,0,215
UCL215074,601,41,22,7,0,0,4,676
UCL215075,90,9,6,4,0,0,3,117
UCL215076,184,15,16,0,0,0,0,211
UCL215077,134,10,6,0,0,0,0,155
UCL215078,245,23,7,3,0,0,0,281
UCL215079,134,11,9,0,0,0,0,160
UCL215080,199,26,14,4,0,0,5,244
UCL215081,378,35,18,5,0,0,0,432
UCL215082,305,29,22,3,0,0,0,361
UCL215083,153,13,3,0,0,0,0,168
UCL215084,105,5,8,0,0,0,0,119
UCL215085,152,15,8,0,0,0,0,170
UCL215086,333,39,26,5,0,0,5,404
UCL215087,210,15,10,7,0,0,0,239
UCL215088,117,14,4,0,0,0,0,143
UCL215089,133,8,13,0,0,0,0,154
UCL215090,189,26,7,0,0,0,0,218
UCL215091,225,12,4,3,0,0,0,242
UCL215092,493,39,17,4,0,0,0,559
UCL215093,466,39,33,5,0,0,3,552
UCL215094,114,5,7,0,0,0,0,128
UCL215095,90,11,10,0,0,0,3,115
UCL215096,283,29,11,0,0,0,0,327
UCL215097,307,28,17,11,0,0,0,360
UCL215098,122,8,13,3,0,0,0,144
UCL215099,96,12,8,0,0,0,0,116
UCL215100,77,12,6,0,0,0,0,96
UCL221001,84,4,0,0,0,0,0,89
UCL221002,71,6,4,0,0,0,0,87
UCL221003,61,6,5,0,0,0,0,71
UCL221004,172,11,0,0,0,0,0,185
UCL221005,62,5,5,0,0,0,0,68
UCL221006,63,6,3,0,0,0,0,72
UCL221007,38,3,0,0,0,0,0,47
UCL221008,49,3,3,0,0,0,0,53
UCL221009,46,4,3,0,0,0,0,65
UCL221010,53,8,0,0,0,0,0,66
UCL221011,80,10,3,0,0,0,0,91
UCL221012,58,3,7,0,0,0,0,63
UCL221013,59,7,3,0,0,0,0,73
UCL221014,87,3,6,0,0,0,0,94
UCL221015,47,5,0,0,0,0,0,49
UCL221016,121,14,14,5,0,0,0,154
UCL221017,89,6,5,0,0,0,0,101
UCL221018,53,5,6,0,0,0,0,59
UCL221019,54,10,9,0,0,0,0,65
UCL221020,46,7,3,0,0,0,0,53
UCL221021,58,3,4,0,0,0,0,72
UCL221022,45,6,0,0,0,0,0,53
UCL221023,22,9,4,0,0,0,0,38
UCL221024,49,10,3,0,0,0,0,62
UCL221025,38,5,5,0,0,0,0,44
UCL221026,27,5,0,0,0,0,0,32
UCL221027,48,0,3,0,0,0,0,54
UCL221028,51,3,0,0,0,0,0,52
UCL221029,90,3,5,0,0,0,0,104
UCL221030,18,5,0,0,0,0,0,19
UCL221031,70,6,0,0,0,0,0,77
UCL221032,56,0,3,0,0,0,0,60
UCL221033,28,0,0,0,0,0,0,28
UCL221034,156,10,6,0,0,0,0,167
UCL221035,46,7,4,0,0,0,4,58
UCL221036,110,4,0,0,0,0,0,113
UCL221037,52,4,0,0,0,0,0,51
UCL221038,117,10,0,0,0,0,0,130
UCL221039,65,3,0,0,0,0,0,74
UCL221040,43,10,0,0,0,0,0,56
UCL221041,76,5,8,0,0,0,0,90
UCL221042,35,0,3,0,0,0,0,44
UCL221043,19,3,0,0,0,0,4,29
UCL221044,68,8,3,0,0,0,0,81
UCL221045,82,3,0,0,0,0,0,85
UCL221046,214,11,12,0,0,0,4,243
UCL221047,91,6,3,0,0,0,0,99
UCL221048,41,6,0,0,0,0,0,43
UCL221049,103,5,5,0,0,0,0,117
UCL221050,59,3,0,0,0,0,0,69
UCL221051,63,4,8,0,0,0,0,73
UCL221052,53,4,0,0,0,0,0,61
UCL221053,49,7,0,0,0,0,0,59
UCL221054,65,0,0,0,0,0,0,67
UCL221055,114,8,0,0,0,0,0,118
UCL221056,28,4,0,0,0,0,0,31
UCL221057,89,14,11,0,0,0,0,113
UCL221058,64,0,0,0,0,0,0,67
UCL221059,75,6,0,0,0,0,0,90
UCL221060,21,9,0,0,0,0,0,26
UCL221061,38,7,0,0,0,0,0,50
UCL221062,49,8,4,0,0,0,5,62
UCL221063,35,5,6,0,0,0,0,41
UCL221064,90,8,3,0,0,0,0,98
UCL221065,43,0,0,0,0,0,0,43
UCL221066,75,9,8,0,0,0,0,98
UCL221067,48,10,3,0,0,0,0,68
UCL221068,49,0,4,0,0,0,0,57
UCL221069,86,4,3,0,0,0,0,94
UCL221070,74,4,3,0,0,0,0,82
UCL221071,57,8,4,0,0,0,0,73
UCL221072,40,7,4,0,0,0,4,57
UCL221073,65,6,3,0,0,0,0,80
UCL221074,53,4,3,5,0,0,0,61
UCL221075,56,0,0,0,0,0,0,63
UCL221076,46,4,5,0,0,0,4,54
UCL221077,32,9,6,0,0,0,0,46
UCL221078,51,14,4,0,0,0,0,68
UCL221079,35,4,0,0,0,0,0,38
UCL221080,42,3,0,0,0,0,0,50
UCL221081,38,0,3,0,0,0,0,42
UCL221082,89,11,5,0,0,0,0,105
UCL221083,92,3,3,0,0,0,0,108
UCL221084,90,13,7,0,0,0,0,110
UCL222001,40,0,3,0,0,0,0,37
UCL222002,49,3,0,0,0,0,0,51
UCL222003,45,0,0,0,0,0,0,47
UCL222004,0,0,0,0,0,0,0,0
UCL222005,24,6,0,0,0,0,0,25
UCL222006,36,9,6,0,0,0,0,48
UCL222007,17,4,0,0,0,0,0,20
UCL222008,25,4,0,0,0,0,0,28
UCL222009,22,5,0,0,0,0,0,30
UCL222010,39,6,0,0,0,0,0,56
UCL222011,50,3,5,0,0,0,0,50
UCL222012,40,0,5,0,0,0,0,43
UCL222013,14,0,7,0,0,0,0,16
UCL222014,54,6,0,0,0,0,0,64
UCL222015,46,0,4,0,0,0,0,56
UCL222016,17,3,0,0,0,0,0,21
UCL222017,8,0,0,0,0,0,0,9
UCL222018,8,0,0,0,0,0,0,9
UCL222019,39,5,0,0,0,0,0,47
UCL222020,21,0,0,0,0,0,0,25
UCL222021,19,4,0,0,0,0,0,29
UCL222022,19,0,0,0,0,0,0,31
UCL222023,64,0,0,0,0,0,0,69
UCL222024,8,0,0,0,0,0,0,3
UCL222025,16,0,0,0,0,0,0,19
UCL222026,40,4,0,0,0,0,0,45
UCL222027,31,3,0,0,0,0,0,37
UCL222028,33,7,4,0,0,0,0,43
UCL222029,13,0,0,0,0,0,0,14
UCL222030,17,0,0,0,0,0,0,21
UCL222031,25,0,0,0,0,0,0,27
UCL222032,22,0,0,0,0,0,0,22
UCL222033,27,5,0,0,0,0,0,31
UCL222034,27,6,0,0,0,0,0,33
UCL222035,15,6,0,0,0,0,0,19
UCL222036,19,6,3,0,0,0,0,19
UCL222037,24,0,0,0,0,0,0,28
UCL222038,33,0,0,0,0,0,0,38
UCL222039,40,0,0,0,0,0,0,43
UCL222040,42,4,0,0,0,0,0,46
UCL222041,23,6,3,0,0,0,0,28
UCL222042,14,0,0,0,0,0,0,19
UCL222043,32,5,4,4,0,0,0,41
UCL222044,16,4,0,0,0,0,0,23
UCL222045,34,3,0,0,0,0,0,34
UCL222046,21,3,0,0,0,0,0,23
UCL222047,10,0,0,0,0,0,0,13
UCL222048,13,0,0,0,0,0,0,14
UCL222049,18,0,0,0,0,0,0,22
UCL222050,38,3,0,0,0,0,0,46
UCL222051,26,3,0,0,0,0,0,29
UCL222052,39,6,5,0,0,0,0,55
UCL222053,31,3,0,0,0,0,0,44
UCL222054,31,4,0,0,0,0,0,32
UCL222055,17,8,0,0,0,0,0,27
UCL222056,4,0,0,0,0,0,0,4
UCL222057,38,3,0,0,0,0,0,41
UCL222058,4,0,0,0,0,0,0,4
UCL222059,18,3,0,0,0,0,0,21
UCL222060,16,0,4,0,0,0,0,19
UCL222061,24,4,0,0,0,0,0,28
UCL222062,24,3,0,0,0,0,0,22
UCL222063,34,7,0,0,0,0,0,38
UCL222064,31,3,4,0,0,0,0,35
UCL222065,18,3,0,0,0,0,0,19
UCL222066,13,0,0,0,0,0,0,26
UCL222067,12,0,0,0,0,0,0,19
UCL222068,23,4,0,0,0,0,0,29
UCL222069,31,0,0,0,0,0,0,39
UCL222070,11,0,0,0,0,0,0,20
UCL222071,44,4,0,0,0,0,0,47
UCL222072,20,0,3,0,0,0,0,21
UCL222073,22,0,0,0,0,0,0,25
UCL222074,13,0,0,0,0,0,0,20
UCL222075,37,5,0,3,0,0,3,47
UCL222076,33,3,0,0,0,0,0,39
UCL222077,31,0,3,0,0,0,0,34
UCL222078,20,4,4,0,0,0,0,18
UCL222079,52,4,5,0,0,0,0,60
UCL222080,22,0,4,0,0,0,0,21
UCL222081,20,0,0,0,0,0,0,20
UCL222082,19,0,0,0,0,0,0,21
UCL222083,26,0,0,0,0,0,0,30
UCL222084,22,5,6,0,0,0,0,24
UCL222085,26,0,0,0,0,0,0,33
UCL222086,40,4,3,0,0,0,0,51
UCL222087,28,0,4,0,0,0,0,33
UCL222088,5,3,0,0,0,0,0,14
UCL222089,16,0,0,0,0,0,0,17
UCL222090,25,0,0,0,0,0,0,27
UCL222091,44,4,0,0,0,0,0,56
UCL222092,49,5,7,0,0,0,0,59
UCL222093,21,0,0,0,0,0,0,22
UCL222094,23,0,4,0,0,0,0,27
UCL222095,17,3,0,0,0,0,0,21
UCL222096,54,3,6,0,0,0,0,58
UCL222097,40,3,5,0,0,0,0,42
UCL222098,43,7,0,0,0,0,0,48
UCL222099,22,0,3,0,0,0,0,27
UCL222100,16,0,0,0,0,0,0,16
UCL222101,24,0,4,0,0,0,0,28
UCL222102,36,3,3,0,0,0,0,47
UCL222103,32,0,0,0,0,0,0,32
UCL222104,21,0,0,0,0,0,0,25
UCL222105,10,6,4,0,0,0,0,19
UCL231001,43739,3361,1886,405,69,21,315,49784
UCL279997,0,0,0,0,0,0,0,0
UCL301001,229824,25380,10683,2492,422,169,1171,270139
UCL302001,55765,7171,2867,479,104,36,294,66722
UCL302002,24931,3351,1048,181,34,14,139,29687
UCL303001,12134,1847,653,212,46,16,102,15011
UCL303002,8416,1085,490,105,11,7,71,10184
UCL303003,13761,2554,1016,179,36,15,122,17684
UCL311001,3561,569,311,52,15,9,37,4560
UCL311002,3600,650,274,53,13,8,47,4641
UCL311003,6698,1346,502,85,23,10,61,8713
UCL311004,4905,970,374,79,23,10,44,6405
UCL312001,917,193,55,23,4,0,16,1203
UCL312002,2968,503,223,28,4,10,36,3771
UCL312003,1247,239,132,27,3,0,24,1668
UCL312004,1754,285,132,16,5,0,9,2201
UCL313001,672,190,57,8,0,0,0,918
UCL313002,968,158,63,10,4,0,7,1210
UCL313003,982,170,68,16,3,3,10,1260
UCL313004,1358,254,96,18,4,4,9,1749
UCL313005,938,233,121,10,8,3,14,1331
UCL313006,1259,223,117,19,0,3,25,1646
UCL313007,1173,141,75,12,0,0,4,1396
UCL313008,715,100,63,5,0,0,10,895
UCL313009,1486,231,117,36,7,3,18,1898
UCL313010,942,148,85,5,4,0,13,1204
UCL313011,893,163,135,15,0,0,5,1208
UCL313012,1488,320,91,10,0,3,17,1932
UCL314001,439,56,30,0,0,0,10,546
UCL314002,573,81,29,0,6,0,7,692
UCL314003,553,88,54,8,4,3,4,708
UCL314004,529,77,27,0,3,0,0,650
UCL314005,523,44,36,4,0,0,0,607
UCL314006,647,99,49,12,3,0,13,826
UCL314007,453,53,40,8,6,0,8,564
UCL314008,488,43,43,0,0,4,0,580
UCL314009,880,139,73,16,8,0,13,1126
UCL314010,454,54,22,6,0,0,7,544
UCL314011,475,36,20,8,0,0,7,553
UCL314012,498,107,32,18,4,0,0,656
UCL314013,459,55,28,10,3,0,8,564
UCL314014,673,76,43,8,0,0,3,802
UCL314015,553,112,47,10,4,0,3,729
UCL314016,549,60,41,13,0,3,15,683
UCL314017,891,132,68,11,0,0,3,1112
UCL314018,1011,124,42,14,5,0,4,1197
UCL314019,474,75,21,4,0,0,4,580
UCL314020,505,97,45,3,0,0,7,659
UCL314021,701,163,58,7,0,0,7,942
UCL314022,722,93,30,7,0,0,7,860
UCL314023,932,153,53,11,4,0,12,1168
UCL315001,73,8,0,0,0,0,0,87
UCL315002,313,66,15,0,0,0,4,401
UCL315003,77,3,8,0,0,0,0,85
UCL315004,70,3,5,5,0,0,7,92
UCL315005,76,11,10,0,0,0,0,99
UCL315006,79,12,10,4,0,0,3,108
UCL315007,195,34,25,4,0,0,4,268
UCL315008,403,47,31,4,0,0,4,487
UCL315009,173,25,11,0,3,0,3,222
UCL315010,164,32,3,6,0,0,0,205
UCL315011,40,7,0,0,0,0,0,45
UCL315012,429,86,53,5,0,0,4,577
UCL315013,171,14,15,4,0,0,4,213
UCL315014,48,13,6,0,0,0,0,64
UCL315015,243,39,21,0,0,3,0,298
UCL315016,418,28,33,8,0,0,6,496
UCL315017,150,32,8,0,0,0,0,188
UCL315018,53,8,5,4,0,0,7,73
UCL315019,56,10,8,0,0,0,0,77
UCL315020,187,16,13,0,0,0,0,209
UCL315021,77,12,5,0,0,0,0,95
UCL315022,179,30,19,6,0,0,0,237
UCL315023,95,14,3,0,0,0,0,116
UCL315024,110,19,9,5,0,0,9,146
UCL315025,138,10,13,9,0,0,0,168
UCL315026,279,47,17,0,0,0,3,343
UCL315027,82,6,6,0,0,0,0,94
UCL315028,134,20,18,0,0,0,0,175
UCL315029,259,37,15,3,0,0,0,315
UCL315030,104,15,10,27,0,0,0,150
UCL315031,216,22,18,0,0,0,0,256
UCL315032,313,58,30,4,0,0,4,401
UCL315033,62,4,7,0,0,0,0,73
UCL315034,114,17,4,0,0,0,0,130
UCL315035,326,53,31,3,0,0,5,424
UCL315036,98,12,5,0,0,0,0,113
UCL315037,380,62,37,7,0,0,3,487
UCL315038,258,31,14,0,0,0,3,302
UCL315039,56,9,3,14,0,0,7,85
UCL315040,9,3,0,0,0,0,0,17
UCL315041,122,12,4,0,0,0,4,144
UCL315042,181,32,13,4,0,0,3,240
UCL315043,44,5,5,0,0,0,0,55
UCL315044,275,33,16,4,0,0,0,326
UCL315045,319,48,18,0,0,0,5,388
UCL315046,199,15,25,0,0,0,3,240
UCL315047,184,33,28,3,0,0,0,258
UCL315048,90,16,12,0,0,0,4,124
UCL315049,176,18,6,6,0,0,0,208
UCL315050,196,43,25,0,0,3,5,273
UCL315051,455,69,36,3,0,0,0,568
UCL315052,355,60,27,3,3,0,8,456
UCL315053,201,22,14,4,0,0,0,245
UCL315054,268,49,37,7,0,0,6,358
UCL315055,104,21,18,0,0,0,4,139
UCL315056,116,11,3,0,0,0,0,135
UCL315057,169,16,9,0,0,0,0,198
UCL315058,412,117,30,0,0,0,0,557
UCL315059,159,31,9,6,0,0,0,210
UCL315060,319,47,18,0,0,0,7,389
UCL315061,151,9,12,0,0,0,0,167
UCL315062,83,7,0,0,0,0,0,100
UCL315063,111,8,3,0,0,0,0,119
UCL315064,127,16,12,0,0,0,0,157
UCL315065,44,11,3,0,0,0,0,64
UCL315066,365,37,16,3,0,0,3,425
UCL315067,129,26,4,0,0,0,7,168
UCL315068,124,14,13,4,0,0,3,150
UCL315069,107,16,5,4,0,0,7,143
UCL315070,133,18,12,4,0,0,0,171
UCL315071,90,21,7,0,0,0,0,124
UCL315072,56,4,4,0,0,0,0,60
UCL315073,91,17,5,4,0,3,0,114
UCL315074,170,30,18,8,0,0,10,229
UCL315075,55,5,0,0,0,0,0,58
UCL315076,276,59,33,6,4,4,10,400
UCL315077,100,13,10,15,0,4,12,157
UCL315078,233,18,22,3,4,0,0,279
UCL315079,154,12,7,4,0,0,6,180
UCL315080,258,29,9,0,0,0,0,294
UCL315081,228,45,23,3,0,0,3,305
UCL315082,62,6,0,0,0,0,0,68
UCL315083,114,35,8,3,0,0,0,156
UCL315084,120,21,14,5,0,0,0,166
UCL315085,196,40,18,7,0,4,4,266
UCL315086,126,37,7,0,0,0,7,179
UCL315087,408,26,13,0,0,0,4,443
UCL315088,247,38,29,7,0,0,5,324
UCL315089,178,29,5,5,0,0,3,220
UCL315090,304,27,28,4,0,0,3,370
UCL315091,198,28,19,18,5,0,4,269
UCL315092,72,10,3,0,0,0,0,85
UCL315093,47,9,3,0,0,0,0,67
UCL315094,140,31,10,0,0,0,3,186
UCL315095,144,12,10,8,0,0,0,173
UCL315096,345,70,24,4,0,0,0,448
UCL315097,181,32,24,3,0,0,3,243
UCL315098,405,73,35,10,5,0,3,525
UCL315099,494,61,35,12,0,0,6,603
UCL315100,124,24,11,5,0,0,4,162
UCL315101,229,29,12,0,0,0,0,269
UCL315102,103,17,3,3,3,0,0,134
UCL315103,83,17,3,0,0,0,0,97
UCL315104,169,39,8,9,4,0,6,224
UCL315105,38,13,0,0,0,0,4,58
UCL315106,188,45,15,5,0,0,0,251
UCL315107,246,35,19,0,3,0,0,306
UCL315108,90,7,6,12,0,0,0,111
UCL315109,75,10,3,0,0,0,0,90
UCL321001,37,6,0,4,0,0,0,49
UCL321002,52,3,4,0,0,0,0,60
UCL321003,42,9,3,0,0,0,0,51
UCL321004,41,8,4,0,0,0,3,53
UCL321005,67,13,4,0,0,0,0,79
UCL321006,57,0,0,10,0,0,3,73
UCL321007,152,30,16,0,0,0,0,201
UCL321008,41,7,3,0,0,0,0,46
UCL321009,88,12,0,0,0,0,0,99
UCL321010,85,4,11,7,0,0,0,100
UCL321011,94,3,7,0,0,0,0,107
UCL321012,26,3,0,0,0,0,0,33
UCL321013,78,9,3,4,0,0,0,98
UCL321014,60,11,0,0,0,0,0,72
UCL321015,72,4,0,0,0,0,0,79
UCL321016,31,4,0,0,0,0,0,28
UCL321017,108,13,4,0,0,0,0,125
UCL321018,56,23,4,0,0,0,0,89
UCL321019,105,22,10,0,0,0,0,140
UCL321020,73,15,6,0,0,0,0,97
UCL321021,74,10,0,0,0,0,0,87
UCL321022,82,4,3,0,0,0,0,97
UCL321023,73,6,5,0,0,0,5,83
UCL321024,53,13,0,0,0,0,0,66
UCL321025,31,4,0,0,0,0,0,39
UCL321026,47,5,4,4,0,0,0,57
UCL321027,76,15,3,0,0,0,0,98
UCL321028,80,8,0,0,0,0,0,93
UCL321029,22,10,0,0,0,0,0,36
UCL321030,37,3,3,0,0,0,0,50
UCL321031,88,17,4,0,0,0,0,108
UCL321032,218,26,9,3,0,0,4,264
UCL321033,97,12,6,0,0,0,0,114
UCL321034,61,8,3,3,4,0,0,82
UCL321035,162,21,10,6,0,0,6,204
UCL321036,125,22,10,0,0,0,0,161
UCL321037,48,11,4,0,0,0,0,65
UCL321038,46,11,6,0,0,0,0,69
UCL321039,61,8,0,0,0,0,0,80
UCL321040,60,3,7,0,0,0,0,76
UCL321041,43,6,4,0,0,0,3,58
UCL321042,63,8,8,4,0,0,0,76
UCL321043,86,15,3,0,0,0,0,98
UCL321044,92,17,8,0,0,0,0,122
UCL321045,140,6,4,0,0,0,0,157
UCL321046,61,8,0,0,0,0,0,72
UCL321047,49,6,7,4,3,0,0,63
UCL321048,25,3,3,0,0,0,0,32
UCL321049,55,9,6,3,0,0,0,69
UCL321050,52,13,8,0,0,0,0,78
UCL321051,38,3,4,0,0,0,0,49
UCL321052,53,4,4,4,0,0,6,74
UCL321053,37,0,3,3,0,0,0,54
UCL321054,39,0,3,0,0,0,0,42
UCL321055,62,7,7,0,0,0,0,79
UCL321056,34,12,6,0,0,0,0,52
UCL321057,29,9,9,0,0,0,3,52
UCL321058,86,10,6,0,0,0,0,97
UCL321059,161,16,4,0,0,0,0,180
UCL321060,37,4,6,0,0,0,0,43
UCL321061,28,6,0,0,0,0,0,35
UCL321062,48,9,4,10,3,0,0,81
UCL321063,100,7,0,0,0,0,0,112
UCL321064,23,5,0,0,0,0,0,34
UCL321065,105,18,5,0,0,0,3,135
UCL321066,12,4,0,0,0,0,0,15
UCL321067,31,7,0,3,0,0,0,43
UCL321068,79,16,4,0,0,0,0,100
UCL321069,55,5,4,0,0,0,0,65
UCL321070,63,7,5,0,0,0,0,74
UCL321071,59,0,9,0,0,0,6,69
UCL321072,102,9,14,3,0,0,0,129
UCL321073,59,5,5,0,0,0,0,67
UCL321074,61,9,0,0,0,0,5,67
UCL321075,150,19,11,0,0,0,0,185
UCL321076,51,13,6,7,0,0,0,79
UCL321077,33,7,0,0,0,0,0,40
UCL321078,52,4,0,0,0,0,0,62
UCL321079,72,14,3,8,0,0,5,100
UCL321080,197,24,5,6,0,0,0,238
UCL321081,51,7,0,0,0,0,0,63
UCL321082,58,10,3,0,0,0,0,69
UCL321083,134,28,10,3,0,0,0,176
UCL321084,48,3,0,0,0,0,0,53
UCL321085,5,0,0,0,0,0,0,9
UCL321086,35,9,3,6,4,0,0,50
UCL321087,62,3,0,0,0,0,0,70
UCL321088,24,3,4,6,0,0,0,30
UCL321089,14,5,0,0,0,0,0,28
UCL321090,99,3,0,0,0,0,0,109
UCL321091,9,0,0,0,0,0,0,18
UCL321092,20,3,6,0,0,0,0,36
UCL321093,70,9,3,0,0,0,0,82
UCL321094,59,14,0,0,0,0,0,78
UCL321095,68,9,0,0,0,0,0,80
UCL321096,53,8,7,0,0,0,0,64
UCL321097,93,24,4,3,0,0,0,126
UCL321098,64,0,4,0,0,0,0,70
UCL321099,40,7,3,0,0,0,0,44
UCL321100,48,0,3,0,0,0,0,59
UCL321101,47,5,0,0,0,0,0,51
UCL321102,77,17,5,0,0,0,0,102
UCL321103,100,16,8,0,0,0,0,126
UCL321104,79,8,11,0,0,0,0,94
UCL321105,135,16,9,4,0,0,0,165
UCL321106,85,12,8,0,0,0,0,102
UCL321107,40,6,0,0,0,0,0,47
UCL321108,49,5,0,0,0,0,0,61
UCL321109,48,11,3,0,0,0,0,68
UCL321110,73,10,3,0,0,0,0,81
UCL321111,54,8,3,0,0,0,0,65
UCL321112,28,4,4,0,3,0,3,49
UCL321113,43,7,5,0,0,0,0,54
UCL321114,43,6,5,0,0,0,0,52
UCL322001,31,3,0,4,0,0,0,40
UCL322002,18,5,0,0,0,0,0,20
UCL322003,11,0,0,0,0,0,0,13
UCL322004,23,4,0,0,0,0,0,22
UCL322005,15,0,3,0,0,0,0,17
UCL322006,7,0,0,0,0,0,0,6
UCL322007,19,4,5,0,0,0,0,22
UCL322008,25,0,0,0,0,0,0,25
UCL322009,14,0,0,0,0,0,0,16
UCL322010,7,4,3,0,0,0,0,12
UCL322011,33,8,3,0,0,0,0,45
UCL322012,18,3,0,0,0,0,0,23
UCL322013,52,8,4,0,0,0,0,64
UCL322014,17,0,6,0,0,0,0,19
UCL322015,18,0,0,0,0,0,0,23
UCL322016,16,0,0,0,0,0,0,19
UCL322017,5,0,4,0,0,0,0,12
UCL322018,20,9,0,0,0,0,0,28
UCL322019,14,0,0,0,0,0,0,8
UCL322020,11,0,0,0,0,0,0,12
UCL322021,3,0,0,0,0,0,0,3
UCL322022,6,4,0,0,0,0,0,7
UCL322023,35,0,0,0,0,0,0,38
UCL322024,42,4,0,0,0,0,0,53
UCL322025,3,0,0,0,0,0,0,6
UCL322026,17,3,0,0,0,0,3,23
UCL322027,12,0,0,0,0,0,0,11
UCL322028,8,0,0,0,0,0,0,21
UCL322029,15,4,4,0,0,0,3,24
UCL322030,13,0,0,0,0,0,0,21
UCL322031,18,5,0,0,0,0,0,26
UCL322032,5,0,0,0,0,0,0,5
UCL322033,8,0,3,0,0,0,0,8
UCL322034,16,4,0,0,0,0,0,15
UCL322035,21,3,0,0,0,0,0,23
UCL322036,23,8,0,0,0,0,0,34
UCL322037,13,0,0,0,0,0,0,19
UCL322038,20,3,0,0,0,0,3,28
UCL322039,13,3,0,0,0,0,0,19
UCL322040,57,7,0,0,0,0,0,69
UCL322041,23,3,3,0,0,0,0,30
UCL322042,33,4,3,0,0,0,0,42
UCL322043,25,5,3,0,0,0,0,35
UCL322044,18,3,0,0,0,0,0,21
UCL322045,28,4,0,0,0,0,0,31
UCL322046,16,3,0,0,0,0,0,19
UCL322047,0,0,0,0,0,0,0,0
UCL322048,16,6,0,0,0,0,0,17
UCL322049,16,0,0,0,0,0,0,18
UCL322050,34,7,3,0,0,0,0,47
UCL322051,20,4,0,0,0,0,0,18
UCL322052,12,0,5,0,0,0,0,21
UCL322053,28,4,3,0,0,0,0,36
UCL322054,18,0,0,0,0,0,0,19
UCL322055,23,0,0,0,0,0,0,25
UCL322056,25,5,0,3,0,0,0,27
UCL322057,53,8,0,0,0,0,0,64
UCL322058,24,0,0,0,0,0,0,25
UCL322059,21,6,0,3,0,0,0,29
UCL322060,29,7,7,0,0,0,0,34
UCL322061,27,7,4,6,0,0,5,47
UCL322062,16,0,0,0,0,0,0,20
UCL322063,33,6,0,0,0,0,0,35
UCL322064,28,0,10,0,0,0,0,28
UCL322065,16,0,0,0,0,0,0,24
UCL322066,4,3,0,0,0,0,0,6
UCL322067,13,5,0,0,0,0,0,19
UCL322068,18,0,0,0,0,0,0,21
UCL322069,16,3,0,0,0,0,0,22
UCL322070,21,0,0,0,0,0,0,28
UCL322071,5,0,0,0,0,0,0,8
UCL322072,16,3,6,0,0,0,0,24
UCL322073,19,5,0,0,0,0,5,23
UCL322074,0,0,0,0,0,0,0,0
UCL322075,16,0,4,3,0,0,0,24
UCL322076,20,4,3,0,0,0,3,33
UCL322077,34,0,0,5,0,0,4,49
UCL322078,19,0,0,0,0,0,0,22
UCL322079,36,5,5,0,0,0,0,40
UCL322080,16,0,0,0,0,0,0,15
UCL322081,16,3,0,0,0,0,0,22
UCL322082,25,3,0,0,0,0,0,31
UCL322083,25,0,0,0,0,0,0,25
UCL322084,12,0,0,0,0,0,0,16
UCL322085,45,5,0,0,0,0,0,57
UCL322086,9,6,0,0,0,0,0,12
UCL322087,40,5,0,0,0,0,0,47
UCL322088,14,0,0,0,0,0,0,19
UCL322089,31,8,0,0,0,0,0,35
UCL322090,30,3,0,0,0,0,0,30
UCL322091,12,5,0,0,0,0,0,19
UCL322092,32,5,3,0,0,0,0,45
UCL322093,21,0,0,0,0,0,0,21
UCL322094,9,0,0,0,0,0,0,12
UCL322095,20,5,0,0,0,0,0,22
UCL322096,50,11,3,0,0,0,0,67
UCL322097,8,4,0,0,0,0,0,9
UCL322098,47,3,3,0,0,0,0,54
UCL322099,10,3,3,0,0,0,0,18
UCL322100,43,3,3,0,0,0,0,48
UCL322101,33,7,0,0,0,0,0,46
UCL322102,29,8,0,0,0,0,0,33
UCL322103,26,0,0,0,0,0,0,34
UCL322104,26,4,5,0,0,0,0,31
UCL322105,14,0,0,0,0,0,0,18
UCL322106,17,0,0,0,0,0,0,24
UCL322107,5,0,0,0,0,0,0,7
UCL322108,10,6,0,0,0,0,0,21
UCL322109,46,3,4,0,0,0,0,49
UCL322110,25,3,0,7,0,0,0,33
UCL322111,31,0,0,0,0,0,0,33
UCL322112,19,0,0,0,0,0,0,21
UCL322113,19,0,3,4,0,0,0,28
UCL322114,27,5,3,0,0,0,0,31
UCL322115,17,0,5,0,0,0,0,21
UCL322116,13,0,3,0,0,0,4,22
UCL322117,12,0,0,0,0,0,0,12
UCL322118,19,5,4,0,0,0,0,26
UCL322119,20,5,3,0,0,0,0,25
UCL322120,27,3,0,0,0,0,0,32
UCL322121,16,3,0,0,0,0,0,24
UCL322122,11,0,0,0,0,0,0,9
UCL322123,13,0,0,0,0,0,0,16
UCL322124,10,0,0,0,0,0,0,10
UCL322125,29,6,0,4,0,0,0,31
UCL322126,22,0,0,0,0,0,0,24
UCL322127,22,7,0,0,0,0,0,31
UCL322128,24,3,5,0,0,0,0,34
UCL322129,14,0,3,0,0,0,0,17
UCL322130,17,0,0,0,0,0,0,19
UCL322131,9,10,0,0,0,0,0,16
UCL322132,21,3,0,0,0,0,0,26
UCL322133,18,3,3,0,0,0,0,33
UCL322134,0,0,0,0,0,0,0,0
UCL322135,20,6,0,3,0,0,0,25
UCL322136,43,0,5,0,0,0,0,45
UCL322137,15,0,0,0,0,0,0,19
UCL322138,7,0,4,0,0,0,0,12
UCL322139,20,0,0,4,0,0,0,22
UCL331001,42003,4394,2032,546,103,42,426,49545
UCL379997,0,0,0,0,0,0,0,0
UCL401001,125185,9574,4864,1238,180,53,607,141701
UCL412001,2578,298,164,21,9,0,21,3101
UCL412002,2289,181,124,8,3,0,5,2624
UCL412003,2065,232,192,30,0,4,24,2543
UCL412004,1554,172,136,21,0,0,31,1916
UCL413001,2022,126,52,10,0,0,3,2221
UCL413002,1216,130,104,23,6,3,12,1507
UCL413003,828,89,66,13,3,6,19,1028
UCL413004,1086,113,81,10,3,0,11,1307
UCL413005,976,104,74,15,9,0,22,1197
UCL413006,929,108,56,16,3,0,20,1131
UCL414001,408,56,30,0,0,0,6,508
UCL414002,594,49,29,7,0,0,0,674
UCL414003,430,38,17,7,0,0,3,494
UCL414004,533,65,35,3,0,0,5,638
UCL414005,540,54,30,8,0,0,3,636
UCL415001,220,14,10,0,0,0,0,236
UCL415002,569,38,25,8,4,0,3,648
UCL415003,146,15,12,0,0,0,0,177
UCL415004,186,16,9,0,0,0,0,210
UCL415005,108,13,6,0,0,0,4,134
UCL415006,266,34,11,0,0,0,4,316
UCL415007,234,14,17,0,0,0,6,263
UCL415008,173,12,6,9,0,0,8,212
UCL415009,256,18,17,4,0,0,0,292
UCL415010,65,10,0,4,0,0,0,75
UCL415011,96,4,4,0,0,0,4,111
UCL415012,255,22,28,4,0,0,8,317
UCL415013,239,24,7,0,0,0,0,265
UCL415014,116,7,3,0,0,0,0,125
UCL415015,336,33,29,11,0,0,8,407
UCL415016,202,15,12,0,0,0,5,237
UCL415017,112,10,6,0,0,0,0,128
UCL415018,97,9,9,0,0,0,0,121
UCL415019,252,26,24,8,4,0,3,316
UCL415020,223,19,10,3,0,0,0,251
UCL415021,274,29,21,3,0,0,3,324
UCL415022,195,20,15,0,0,0,0,230
UCL415023,61,8,5,0,0,0,5,80
UCL415024,118,21,9,0,0,0,5,143
UCL415025,174,11,8,0,0,0,0,193
UCL415026,275,36,9,0,0,0,0,321
UCL415027,132,16,14,0,0,0,4,164
UCL415028,99,3,9,0,0,0,0,103
UCL415029,321,32,28,9,0,0,7,398
UCL415030,243,20,24,9,0,0,4,287
UCL415031,131,14,17,0,0,0,0,169
UCL415032,117,17,13,3,0,0,4,145
UCL415033,73,7,6,0,0,0,0,87
UCL415034,120,7,7,0,0,0,0,132
UCL415035,47,5,5,0,0,0,5,59
UCL415036,58,9,3,0,0,0,0,63
UCL415037,313,34,20,4,0,0,0,374
UCL415038,77,10,6,0,0,0,0,88
UCL415039,403,46,23,7,0,0,5,483
UCL415040,63,12,10,0,0,0,0,83
UCL415041,407,38,8,0,0,0,3,462
UCL415042,90,5,0,0,0,0,0,96
UCL415043,322,36,22,8,0,0,8,396
UCL415044,230,16,7,4,0,0,0,260
UCL415045,96,9,8,3,0,0,5,110
UCL415046,208,29,14,0,0,0,3,259
UCL415047,263,16,13,5,0,0,0,301
UCL415048,248,24,19,0,0,0,0,294
UCL415049,174,24,9,4,0,0,5,212
UCL421001,62,6,3,0,0,0,0,70
UCL421002,30,0,0,0,0,0,0,31
UCL421003,97,10,6,0,0,0,0,116
UCL421004,50,4,4,0,0,0,3,65
UCL421005,50,0,6,0,0,0,0,62
UCL421006,85,4,8,0,0,0,0,98
UCL421007,38,0,3,0,0,0,0,41
UCL421008,60,10,3,0,0,0,0,71
UCL421009,61,6,4,0,0,0,0,70
UCL421010,79,3,5,0,0,0,0,91
UCL421011,24,5,4,6,0,0,0,29
UCL421012,34,6,0,0,0,0,0,43
UCL421013,120,9,7,0,0,0,0,139
UCL421014,73,7,0,0,0,0,0,85
UCL421015,39,6,4,3,0,0,0,54
UCL421016,70,3,0,0,0,0,0,79
UCL421017,56,0,11,0,0,0,0,70
UCL421018,83,4,7,0,0,0,0,100
UCL421019,42,0,0,0,0,0,0,44
UCL421020,40,6,0,0,0,0,0,51
UCL421021,42,3,0,0,0,0,0,51
UCL421022,110,12,0,0,0,0,4,123
UCL421023,70,7,5,0,0,0,0,83
UCL421024,41,5,6,6,0,0,3,52
UCL421025,49,3,3,0,0,0,0,61
UCL421026,48,5,0,0,0,0,0,53
UCL421027,41,9,4,0,0,0,0,52
UCL421028,83,5,7,0,0,0,0,91
UCL421029,36,0,0,0,0,0,0,44
UCL421030,31,4,0,0,0,0,0,34
UCL421031,37,0,0,0,0,0,0,44
UCL421032,47,3,6,0,0,0,0,61
UCL421033,36,0,3,5,0,0,3,48
UCL421034,65,7,8,0,0,0,0,81
UCL421035,38,9,0,3,0,0,0,45
UCL421036,128,20,9,3,0,0,0,155
UCL421037,77,0,0,0,0,0,0,79
UCL421038,108,14,9,0,0,0,0,130
UCL421039,84,5,4,0,0,0,0,92
UCL421040,65,7,9,0,0,0,0,85
UCL421041,36,0,7,0,0,0,0,49
UCL421042,44,11,6,0,0,0,0,57
UCL421043,47,3,0,0,0,0,0,51
UCL422001,35,0,3,0,0,0,0,41
UCL422002,31,0,0,4,3,0,0,46
UCL422003,9,0,0,0,0,0,0,14
UCL422004,15,5,0,0,0,0,0,15
UCL422005,17,0,0,0,0,0,0,17
UCL422006,22,0,0,0,0,0,0,30
UCL422007,9,7,0,0,0,0,0,14
UCL422008,37,5,6,0,0,0,0,44
UCL422009,17,0,0,0,0,0,0,17
UCL422010,40,4,3,0,0,0,0,45
UCL422011,7,3,0,0,0,0,0,16
UCL422012,38,3,3,0,0,0,0,51
UCL422013,42,7,0,0,0,0,0,47
UCL422014,25,0,0,0,0,0,0,25
UCL422015,11,4,0,0,0,0,0,18
UCL422016,12,6,0,0,0,0,0,12
UCL422017,10,0,0,0,0,0,0,13
UCL422018,12,4,0,0,0,0,0,17
UCL422019,13,3,4,0,0,0,0,23
UCL422020,27,3,0,0,0,0,0,31
UCL422021,21,0,0,0,0,0,0,19
UCL422022,25,0,4,4,0,0,0,34
UCL422023,15,0,0,0,0,0,0,16
UCL422024,23,0,0,0,0,0,0,23
UCL422025,20,4,0,0,0,0,0,25
UCL422026,57,0,5,0,0,0,0,65
UCL422027,4,0,0,0,0,0,0,4
UCL422028,23,0,0,0,0,0,0,27
UCL422029,23,0,4,0,0,0,0,33
UCL422030,16,0,0,0,0,0,0,18
UCL422031,21,0,3,0,0,0,0,27
UCL422032,40,3,5,5,0,0,0,47
UCL422033,23,0,0,0,0,0,0,23
UCL422034,21,0,0,0,0,0,0,30
UCL422035,50,5,3,6,0,0,0,60
UCL422036,31,0,3,0,0,0,0,33
UCL422037,25,0,5,0,0,0,0,30
UCL422038,16,0,0,0,0,0,0,22
UCL422039,16,3,0,0,0,0,0,16
UCL422040,20,0,0,0,0,0,0,16
UCL422041,20,4,0,0,0,0,0,18
UCL422042,18,0,0,0,0,0,0,18
UCL422043,4,0,0,0,0,0,0,5
UCL422044,17,3,0,0,0,0,0,22
UCL422045,11,3,0,0,0,0,0,17
UCL422046,16,3,0,0,0,0,0,24
UCL422047,9,0,0,0,0,0,0,9
UCL422048,15,5,0,0,0,0,0,17
UCL422049,26,0,7,0,0,0,0,29
UCL422050,7,9,0,0,0,0,0,12
UCL422051,28,3,0,0,0,0,0,33
UCL422052,18,4,0,0,0,0,0,23
UCL422053,7,3,0,0,0,0,0,4
UCL422054,17,3,0,0,0,0,0,16
UCL422055,20,0,0,0,0,0,0,23
UCL422056,21,3,0,0,0,0,0,27
UCL422057,42,6,3,0,0,0,0,48
UCL422058,9,0,4,0,0,0,0,14
UCL422059,44,0,6,0,0,0,4,49
UCL422060,10,0,0,0,0,0,0,9
UCL422061,3,0,3,0,0,0,0,10
UCL422062,23,0,0,6,0,0,0,29
UCL422063,23,5,0,3,0,0,0,33
UCL431001,14650,1051,678,158,21,13,145,16722
UCL479997,0,0,0,0,0,0,0,0
UCL501001,207275,32266,8649,2003,399,123,1136,251858
UCL511001,6289,1377,433,79,29,7,52,8268
UCL512001,2287,443,137,23,7,5,31,2931
UCL512002,2052,517,140,22,7,0,19,2758
UCL512003,2343,548,163,42,4,9,27,3139
UCL512004,2584,477,183,34,6,0,28,3312
UCL513001,1114,199,56,19,10,0,24,1435
UCL513002,749,140,52,9,3,0,9,964
UCL513003,1759,271,102,15,3,0,6,2162
UCL513004,1296,236,118,24,11,3,8,1704
UCL513005,1005,285,99,11,3,0,7,1405
UCL514001,457,118,50,13,6,0,7,649
UCL514002,667,150,26,3,0,0,4,843
UCL514003,654,141,27,5,0,0,0,832
UCL514004,406,85,35,10,0,0,14,553
UCL515001,59,11,0,0,0,0,0,75
UCL515002,102,19,9,0,0,0,0,130
UCL515003,141,30,12,0,0,0,0,185
UCL515004,161,68,23,3,0,0,3,261
UCL515005,172,60,14,0,0,0,3,259
UCL515006,220,53,22,14,4,0,7,315
UCL515007,249,39,12,0,3,0,0,298
UCL515008,163,23,5,0,0,0,0,193
UCL515009,184,23,7,0,0,0,0,219
UCL515010,139,31,9,9,0,0,3,188
UCL515011,186,51,15,3,0,0,0,253
UCL515012,215,73,12,0,0,0,0,304
UCL515013,231,49,10,0,0,0,3,290
UCL515014,50,3,10,7,0,0,9,82
UCL515015,247,37,23,0,0,0,0,303
UCL515016,83,26,9,0,0,0,0,116
UCL515017,74,19,0,0,0,0,0,93
UCL515018,128,23,10,6,0,0,3,174
UCL515019,263,33,15,3,0,0,4,327
UCL515020,285,56,9,14,0,0,4,372
UCL515021,152,19,6,0,0,0,0,180
UCL515022,295,54,22,8,0,0,0,370
UCL515023,164,29,15,4,0,0,3,215
UCL515024,91,25,0,3,0,0,0,126
UCL515025,130,19,12,0,0,0,3,164
UCL515026,215,49,24,0,0,0,0,289
UCL515027,247,27,10,0,3,0,8,295
UCL515028,405,77,40,10,0,0,5,536
UCL515029,81,26,0,0,0,0,0,116
UCL515030,260,79,21,11,0,0,12,373
UCL515031,169,40,13,3,0,0,0,234
UCL515032,146,47,16,5,0,0,0,218
UCL515033,311,45,28,3,0,0,0,390
UCL515034,212,85,22,4,0,0,0,330
UCL515035,62,9,7,0,0,0,0,78
UCL515036,161,49,11,4,0,0,5,228
UCL515037,211,26,16,6,0,0,6,259
UCL515038,122,31,9,5,0,0,3,171
UCL521001,46,13,0,0,0,0,0,60
UCL521002,54,21,6,0,0,0,0,83
UCL521003,43,6,5,0,0,0,0,62
UCL521004,41,7,8,3,0,0,4,62
UCL521005,86,28,3,3,0,0,0,124
UCL521006,69,13,4,5,0,0,0,94
UCL521007,22,4,0,0,0,0,0,31
UCL521008,31,5,3,0,0,0,0,33
UCL521009,37,11,0,0,0,0,0,42
UCL521010,45,14,9,3,0,0,0,72
UCL521011,77,11,0,0,0,0,0,95
UCL521012,35,8,0,0,0,0,0,46
UCL521013,83,24,5,0,0,0,0,114
UCL521014,35,6,0,0,0,0,0,45
UCL521015,26,3,5,0,0,0,0,41
UCL521016,58,4,4,0,0,0,0,68
UCL521017,68,13,0,0,0,0,0,82
UCL521018,50,10,0,0,0,0,0,67
UCL521019,26,12,0,0,0,0,0,40
UCL521020,50,19,9,0,0,0,0,77
UCL521021,79,19,0,0,0,0,5,108
UCL521022,63,11,4,0,0,0,0,81
UCL521023,52,3,4,4,0,0,0,65
UCL521024,72,10,9,0,5,0,5,102
UCL521025,53,5,6,0,0,0,0,71
UCL521026,78,15,5,0,0,0,0,102
UCL521027,45,3,4,3,0,0,0,52
UCL521028,34,9,7,0,0,0,0,51
UCL521029,64,5,5,0,0,0,3,84
UCL521030,22,8,3,0,0,0,0,35
UCL521031,21,10,3,0,0,0,0,32
UCL521032,26,3,0,0,0,0,4,40
UCL521033,16,0,0,0,0,0,0,18
UCL521034,76,21,3,0,0,0,0,93
UCL521035,30,4,4,0,0,0,0,39
UCL521036,16,3,4,0,0,0,0,26
UCL521037,57,17,3,0,0,0,6,87
UCL521038,35,12,3,0,0,0,4,56
UCL521039,73,15,4,0,0,0,0,94
UCL521040,72,5,0,0,0,0,0,83
UCL521041,21,5,3,0,0,0,0,23
UCL521042,36,8,0,0,0,0,0,45
UCL521043,45,0,5,0,0,0,0,51
UCL521044,31,12,3,0,0,0,0,48
UCL521045,16,7,0,0,0,0,0,29
UCL521046,24,5,3,4,0,0,4,47
UCL521047,29,3,3,0,0,0,0,35
UCL521048,33,10,6,0,0,0,0,52
UCL521049,37,0,0,4,0,3,5,46
UCL521050,48,3,4,0,0,0,0,54
UCL521051,62,13,10,0,0,0,5,88
UCL521052,36,7,8,3,0,0,0,59
UCL522001,37,8,5,10,0,0,0,56
UCL522002,8,5,3,0,0,0,0,19
UCL522003,26,4,0,0,0,0,4,34
UCL522004,26,0,0,0,0,0,0,30
UCL522005,24,0,4,0,0,0,0,35
UCL522006,58,4,3,0,0,0,0,67
UCL522007,0,0,4,0,0,0,0,6
UCL522008,9,0,0,0,0,0,0,14
UCL522009,27,6,6,0,0,0,0,39
UCL522010,44,4,0,0,0,0,0,47
UCL522011,19,0,0,0,0,0,0,20
UCL522012,30,8,0,0,0,0,0,38
UCL522013,43,7,0,0,0,0,4,55
UCL522014,17,7,4,0,0,0,0,32
UCL522015,8,0,0,0,0,0,0,7
UCL522016,16,0,4,0,0,0,0,14
UCL522017,25,5,4,0,0,0,0,30
UCL522018,3,0,0,0,0,0,0,3
UCL522019,8,0,0,0,0,0,0,7
UCL522020,17,6,0,0,0,0,0,26
UCL522021,20,0,3,0,0,0,0,25
UCL522022,11,5,4,0,0,0,0,16
UCL522023,23,7,4,0,0,0,0,27
UCL522024,11,0,0,0,0,0,0,11
UCL522025,25,3,4,0,0,0,0,31
UCL522026,8,0,0,0,0,0,0,14
UCL522027,24,0,4,0,0,0,0,26
UCL522028,0,5,0,0,0,0,0,3
UCL522029,40,8,0,0,0,0,0,46
UCL522030,18,0,0,0,0,0,0,26
UCL522031,15,0,0,0,0,0,0,24
UCL522032,31,3,0,4,0,0,0,39
UCL522033,22,0,3,0,0,0,0,28
UCL522034,11,3,0,0,0,0,0,21
UCL522035,8,0,0,0,0,0,0,12
UCL522036,10,0,0,0,0,0,0,17
UCL522037,22,4,3,0,0,0,0,26
UCL522038,48,0,0,0,0,0,0,57
UCL522039,8,0,0,0,0,0,6,17
UCL522040,8,0,0,0,0,0,0,8
UCL522041,17,0,0,0,0,0,0,23
UCL522042,29,4,3,0,0,0,0,40
UCL522043,24,5,0,6,0,0,0,41
UCL522044,0,0,0,3,0,0,0,8
UCL522045,19,3,0,0,0,0,0,28
UCL522046,14,3,0,0,0,0,0,20
UCL522047,22,5,0,0,0,0,0,30
UCL522048,19,0,0,0,0,0,0,23
UCL522049,8,0,0,0,0,0,0,15
UCL522050,32,0,0,0,0,0,0,35
UCL522051,19,5,0,0,0,0,0,28
UCL522052,9,0,0,0,0,0,0,7
UCL522053,13,0,0,4,0,0,5,11
UCL522054,14,0,0,0,0,0,0,12
UCL522055,22,3,0,0,0,0,0,22
UCL522056,19,10,5,0,0,0,0,31
UCL522057,5,0,0,0,0,0,0,3
UCL522058,14,3,3,0,0,0,0,18
UCL522059,19,7,0,0,0,0,0,22
UCL522060,6,0,0,0,0,0,0,6
UCL522061,6,0,0,0,0,0,0,14
UCL522062,19,0,0,0,3,0,0,29
UCL522063,14,0,0,0,0,0,0,14
UCL522064,31,0,0,6,0,0,4,38
UCL522065,7,3,0,0,0,0,0,12
UCL522066,33,0,5,0,0,0,0,40
UCL522067,3,0,0,0,0,0,0,4
UCL522068,37,9,0,0,0,0,0,53
UCL522069,10,0,0,0,0,0,0,14
UCL522070,14,7,6,0,0,0,0,34
UCL522071,39,0,0,6,0,0,5,52
UCL531001,13452,2321,636,208,42,9,168,16840
UCL579997,0,0,0,0,0,0,0,0
UCL603001,16829,1705,973,169,29,9,128,19832
UCL611001,6610,670,437,57,9,6,51,7838
UCL612001,1494,202,133,15,0,0,17,1867
UCL612002,1707,292,156,15,5,3,21,2199
UCL613001,943,116,64,8,0,0,13,1151
UCL614001,441,75,33,4,5,0,5,559
UCL614002,426,61,43,4,4,0,6,549
UCL614003,354,36,32,3,0,0,8,433
UCL615001,61,17,10,0,0,0,0,89
UCL615002,67,10,0,0,0,0,0,74
UCL615003,77,4,3,0,0,0,0,86
UCL615004,71,8,8,3,0,0,0,84
UCL615005,187,22,9,0,0,0,0,221
UCL615006,91,10,0,0,0,0,0,98
UCL615007,88,8,5,0,0,0,0,99
UCL615008,271,29,45,8,0,0,3,351
UCL615009,244,31,18,6,0,0,0,292
UCL615010,143,22,14,4,4,0,3,191
UCL615011,336,43,48,7,0,4,3,431
UCL615012,459,43,26,0,0,0,0,529
UCL615013,265,38,23,0,0,0,5,330
UCL615014,306,29,22,0,0,0,0,356
UCL615015,280,50,26,0,0,0,4,362
UCL615016,252,43,17,0,0,0,0,316
UCL615017,305,35,22,0,0,0,4,371
UCL615018,246,35,13,0,0,0,0,292
UCL615019,46,14,4,0,0,0,0,62
UCL615020,105,12,11,0,0,0,0,131
UCL615021,146,11,12,0,0,0,3,169
UCL615022,74,14,0,0,0,0,0,86
UCL615023,224,29,20,0,0,0,0,280
UCL615024,204,13,23,3,0,0,0,238
UCL615025,253,30,23,3,0,0,4,314
UCL615026,67,15,3,0,0,0,0,87
UCL615027,122,8,7,0,0,0,0,144
UCL621001,48,0,8,0,0,0,0,68
UCL621002,53,4,0,0,0,0,0,60
UCL621003,49,10,10,0,0,0,3,71
UCL621004,46,5,0,0,0,0,0,54
UCL621005,53,7,5,0,0,0,0,60
UCL621006,88,8,3,0,0,0,0,99
UCL621007,67,9,0,0,0,0,0,81
UCL621008,61,5,0,0,0,0,0,67
UCL621009,43,6,4,0,0,0,0,47
UCL621010,26,8,0,0,0,0,0,33
UCL621011,57,4,9,0,0,0,0,75
UCL621012,84,3,4,3,0,0,0,92
UCL621013,47,5,8,0,0,0,4,61
UCL621014,60,7,3,0,0,0,0,68
UCL621015,120,8,3,0,0,0,0,128
UCL621016,102,5,0,0,0,0,0,111
UCL621017,21,0,3,0,0,0,0,24
UCL621018,36,3,3,0,0,0,0,38
UCL621019,29,0,0,0,0,0,0,38
UCL621020,54,11,9,0,0,0,0,79
UCL621021,119,3,11,3,0,0,0,137
UCL621022,75,10,9,0,0,0,0,93
UCL621023,34,8,3,0,0,0,0,46
UCL621024,44,4,7,0,0,0,0,52
UCL621025,63,5,6,0,0,0,0,68
UCL621026,37,3,5,0,0,0,0,45
UCL621027,46,6,0,0,0,0,0,50
UCL621028,40,8,3,0,0,0,0,50
UCL621029,74,5,3,0,0,0,0,81
UCL621030,28,4,0,0,0,0,0,29
UCL621031,48,3,6,0,0,0,0,54
UCL621032,46,5,5,0,0,0,0,54
UCL622001,16,0,0,0,0,0,0,16
UCL622002,33,3,0,0,0,0,0,33
UCL622003,39,0,0,0,0,0,0,43
UCL622004,19,6,0,0,0,0,0,31
UCL622005,34,5,0,0,0,0,0,43
UCL622006,24,6,0,0,0,0,0,27
UCL622007,25,7,0,0,0,0,0,30
UCL622008,24,4,0,0,0,0,0,31
UCL622009,47,0,0,0,0,0,0,45
UCL622010,22,3,0,0,0,0,0,33
UCL622011,29,6,0,0,0,0,0,31
UCL622012,19,5,0,0,0,0,0,28
UCL622013,46,4,0,0,0,0,0,54
UCL622014,32,8,5,0,0,0,0,45
UCL622015,38,0,0,0,0,0,0,40
UCL622016,30,0,0,0,0,0,0,32
UCL622017,10,5,0,0,0,0,0,15
UCL622018,14,3,3,0,0,0,0,25
UCL622019,25,3,0,0,0,0,0,30
UCL622020,50,5,3,0,0,0,0,58
UCL622021,11,3,0,0,0,0,0,14
UCL622022,36,4,3,0,0,0,0,46
UCL622023,34,4,0,0,0,0,0,38
UCL622024,28,0,0,0,0,0,0,30
UCL622025,11,0,4,0,0,0,0,18
UCL622026,16,3,0,0,0,0,0,17
UCL622027,10,3,0,0,0,0,0,9
UCL631001,10159,924,630,94,17,6,93,11923
UCL679997,0,0,0,0,0,0,0,0
UCL703001,10700,1854,564,219,33,11,85,13475
UCL712001,2028,315,120,57,12,9,34,2579
UCL714001,349,82,43,23,9,0,19,524
UCL715001,196,8,7,27,0,5,0,242
UCL715002,98,6,3,12,3,4,6,132
UCL715003,236,7,19,28,6,4,8,310
UCL715004,77,5,3,12,5,5,0,101
UCL715005,80,5,0,21,5,4,3,118
UCL715006,320,47,22,0,0,0,4,394
UCL715007,172,27,14,12,8,4,3,243
UCL715008,155,14,6,17,8,0,4,207
UCL715009,110,10,3,11,0,0,0,130
UCL721001,84,9,5,0,0,0,0,102
UCL721002,87,5,4,13,0,3,3,116
UCL721003,38,3,4,16,3,0,3,69
UCL721004,56,10,0,3,0,0,0,64
UCL721005,44,5,7,11,0,0,0,69
UCL721006,43,4,0,7,5,0,5,59
UCL721007,66,12,3,0,0,0,0,83
UCL721008,61,9,0,0,0,0,5,70
UCL721009,52,8,0,0,0,0,0,59
UCL721010,54,0,6,6,0,4,0,73
UCL721011,51,5,3,6,3,0,3,68
UCL721012,61,6,0,5,0,0,0,77
UCL721013,63,0,5,13,3,0,0,87
UCL721014,41,0,5,9,0,0,3,63
UCL721015,42,0,5,9,5,0,0,61
UCL721016,56,0,0,3,0,0,0,66
UCL721017,40,4,5,7,0,0,3,64
UCL721018,19,5,0,0,0,0,0,24
UCL722001,5,6,0,0,0,0,0,14
UCL722002,29,0,0,3,0,0,0,36
UCL722003,39,0,3,0,0,3,3,53
UCL722004,4,0,3,4,0,0,0,14
UCL722005,37,0,0,0,0,0,5,49
UCL722006,19,3,0,3,0,0,0,20
UCL722007,20,4,0,0,5,0,0,26
UCL722008,17,0,0,3,0,0,0,24
UCL722009,26,0,0,5,0,0,0,30
UCL722010,8,5,0,0,0,0,0,12
UCL722011,13,0,0,0,0,0,0,21
UCL722012,22,5,0,4,0,0,0,32
UCL722013,13,0,0,4,0,3,0,18
UCL722014,17,4,3,3,0,0,4,22
UCL722015,13,3,3,4,0,0,0,25
UCL722016,35,13,0,0,0,0,0,48
UCL722017,19,0,0,3,0,0,0,29
UCL722018,15,4,0,0,0,0,0,21
UCL722019,9,8,0,0,0,0,0,14
UCL722020,14,0,0,3,0,0,0,16
UCL722021,35,0,0,0,0,0,0,43
UCL722022,16,0,5,3,0,0,0,23
UCL722023,23,0,0,3,4,0,0,31
UCL722024,22,6,0,0,0,0,0,29
UCL722025,44,4,0,8,0,0,0,59
UCL722026,16,0,0,3,0,0,7,25
UCL722027,26,0,0,7,0,0,0,38
UCL722028,15,3,0,5,0,0,4,22
UCL722029,28,4,0,0,0,0,0,34
UCL722030,16,0,0,3,0,0,0,19
UCL722031,16,5,0,0,0,0,0,22
UCL722032,19,0,0,0,0,0,0,22
UCL722033,32,5,0,3,0,0,0,43
UCL722034,23,8,0,0,0,0,0,29
UCL722035,25,5,6,6,4,0,0,43
UCL722036,34,4,0,4,0,0,0,48
UCL722037,13,3,0,3,0,0,3,26
UCL722038,20,0,0,0,0,0,0,21
UCL722039,24,0,0,5,0,0,0,29
UCL722040,14,0,0,0,0,0,3,14
UCL731001,2669,427,158,137,21,20,54,3477
UCL779997,0,0,0,0,0,0,0,0
UCL802001,48471,3365,1639,403,41,22,191,54131
UCL822001,35,5,0,0,0,0,0,43
UCL822002,50,0,0,0,0,0,0,51
UCL831001,42,5,4,0,0,0,0,45
UCL879997,0,0,0,0,0,0,0,0
UCL915001,133,11,4,0,0,0,0,149
UCL921001,101,17,8,3,0,0,0,127
UCL922001,58,4,0,0,0,0,0,58
UCL922002,9,3,0,0,0,0,0,12
UCL922003,14,6,0,0,0,0,0,12
UCL931001,46,0,5,0,0,0,0,54
UCL979997,0,0,0,0,0,0,0,0
