SA3_CODE_2021,Num_pns_pres_Cen_Ngt_1_Fam_hh,Nu_pn_pre_Cen_Ngt_1_No_fam_hh,Num_pns_pres_Cen_Ngt_1_Tot,Num_pns_pres_Cen_Ngt_2_Fam_hh,Nu_pn_pre_Cen_Ngt_2_No_fam_hh,Num_pns_pres_Cen_Ngt_2_Tot,Num_pns_pres_Cen_Ngt_3_Fam_hh,Nu_pn_pre_Cen_Ngt_3_No_fam_hh,Num_pns_pres_Cen_Ngt_3_Tot,Num_pns_pres_Cen_Ngt_4_Fam_hh,Nu_pn_pre_Cen_Ngt_4_No_fam_hh,Num_pns_pres_Cen_Ngt_4_Tot,Num_pns_pres_Cen_Ngt_5_Fam_hh,Nu_pn_pre_Cen_Nt_5_Non_fam_hh,Nu_pn_pre_Cen_Ngt_5_Tot,Num_pn_pres_Cen_Ngt_6m_Fam_hh,Nu_pn_pre_Ce_Ngt_6m_No_fam_hh,Num_pns_pres_Cen_Ngt_6m_Tot,Tot_Family_households,Tot_Non_family_households,Tot_Tot
10102,373,6140,6516,6920,1012,7924,3770,250,4024,3824,183,4004,1549,87,1638,722,34,757,17164,7705,24870
10103,140,2591,2738,2418,772,3183,959,260,1216,905,205,1110,426,113,535,205,95,303,5049,4028,9085
10104,500,10239,10737,12030,2268,14303,3449,434,3878,2891,272,3163,1265,126,1389,713,60,769,20841,13402,34239
10105,203,4585,4785,4770,805,5570,1846,187,2030,1730,129,1855,810,56,872,459,42,501,9814,5798,15613
10106,200,3810,4010,4617,732,5353,1870,158,2022,1822,114,1934,978,63,1043,528,17,545,10017,4892,14912
10201,873,19505,20383,21438,3246,24682,9722,750,10473,9788,466,10259,3958,179,4135,1866,109,1975,47656,24245,71898
10202,779,17370,18145,19576,3089,22664,9277,702,9979,8699,434,9136,3949,222,4174,2074,104,2182,44351,21923,66274
10301,314,5277,5586,5681,960,6642,2424,270,2691,2317,132,2449,1096,95,1189,568,34,604,12400,6765,19166
10302,345,7318,7665,6915,1245,8162,2611,314,2923,2140,226,2367,1229,114,1344,651,55,704,13897,9277,23167
10303,264,6105,6372,5965,1110,7072,2325,257,2579,2128,176,2306,1043,92,1137,546,34,582,12268,7779,20045
10304,323,6474,6792,6968,1074,8043,3179,325,3505,2955,175,3123,1609,106,1720,761,53,810,15791,8213,23994
10401,325,6294,6615,7524,1692,9209,2554,296,2855,2087,151,2244,982,93,1071,611,44,655,14084,8569,22655
10402,537,10255,10795,11500,2354,13855,4745,535,5279,4196,312,4507,1950,138,2089,1184,84,1266,24117,13683,37796
10501,130,3074,3204,2197,999,3192,941,251,1188,737,164,901,426,108,531,305,65,367,4733,4654,9382
10502,156,3254,3405,2475,641,3113,1023,142,1164,748,96,845,314,40,358,200,40,238,4908,4210,9114
10503,400,8024,8424,8012,1745,9760,3667,561,4232,3217,375,3588,1719,221,1946,969,110,1075,17989,11036,29023
10601,586,8502,9088,10652,1564,12215,5487,420,5906,5028,279,5309,2457,111,2566,1361,52,1415,25577,10935,36513
10602,489,6977,7461,9599,1096,10689,5219,318,5538,5172,203,5370,2202,94,2301,1045,42,1087,23721,8725,32449
10603,442,7939,8381,10971,1502,12476,3816,300,4121,3408,181,3589,1593,82,1671,912,43,957,21145,10051,31197
10604,191,3558,3751,3589,631,4222,1550,150,1702,1479,96,1577,732,37,767,347,25,373,7891,4504,12392
10701,303,7293,7599,8798,1062,9857,4640,277,4921,4581,183,4757,1972,82,2055,1039,32,1069,21335,8930,30268
10702,0,0,0,0,0,0,0,0,0,0,0,0,0,0,0,0,0,0,0,0,0
10703,470,7945,8408,12105,1392,13499,5613,320,5935,5721,259,5979,2445,99,2545,1131,56,1182,27473,10069,37542
10704,614,14635,15252,15263,2736,17995,7142,979,8128,7399,509,7914,2911,177,3087,1135,106,1238,34467,19139,53608
10801,211,4899,5104,5308,1029,6340,1498,180,1675,1191,109,1307,543,60,605,282,21,302,9036,6294,15335
10802,240,6317,6554,6730,1684,8413,2448,287,2741,1915,186,2105,970,112,1091,673,74,746,12980,8661,21644
10803,8,64,67,50,18,76,23,0,29,15,7,19,4,0,4,3,0,3,109,95,193
10804,439,10214,10654,12674,1876,14558,4239,414,4649,3816,213,4030,1734,90,1824,884,42,928,23789,12850,36641
10805,344,7005,7345,8380,1341,9720,2762,282,3041,2207,158,2366,1089,116,1201,680,72,752,15461,8971,24428
10901,412,8344,8752,8123,1358,9480,3355,389,3748,3144,217,3358,1456,95,1551,684,54,741,17170,10460,27631
10902,81,1478,1558,1600,357,1957,589,111,699,536,90,624,282,37,315,142,23,164,3226,2094,5319
10903,284,5732,6012,6322,1024,7344,1830,195,2023,1729,155,1882,871,85,951,374,38,414,11408,7230,18631
11001,191,4600,4791,4537,813,5354,1688,259,1949,1537,139,1681,717,61,777,422,26,448,9093,5903,14997
11002,233,5216,5447,5290,1105,6400,1784,275,2055,1417,167,1583,733,87,822,403,39,444,9863,6895,16755
11003,140,2935,3081,2575,892,3474,1132,261,1394,957,210,1162,553,119,674,330,63,389,5685,4482,10164
11004,472,9698,10174,9874,1867,11743,4304,481,4782,3952,340,4294,1957,194,2144,1006,77,1080,21559,12659,34224
11101,687,12595,13283,15625,1850,17477,7141,461,7606,7413,216,7624,2841,109,2956,1124,44,1167,34837,15280,50114
11102,435,7462,7901,10489,1259,11747,4830,294,5126,4542,156,4701,1871,74,1945,1030,44,1075,23201,9289,32494
11103,1115,21114,22228,20524,4237,24758,9523,1584,11107,8892,696,9588,3451,253,3706,1352,129,1479,44850,28009,72864
11201,532,9919,10454,10598,2791,13391,4486,798,5291,4022,506,4524,1683,220,1902,835,99,933,22157,14335,36495
11202,423,8790,9214,8750,1844,10593,3569,507,4074,2993,300,3294,1467,155,1625,920,100,1023,18126,11700,29825
11203,548,11507,12063,12410,2593,15002,4876,606,5491,4612,334,4945,1989,147,2133,1000,59,1056,25436,15247,40683
11301,219,5038,5256,5278,1030,6308,2455,300,2751,2279,200,2485,1243,130,1379,695,73,771,12171,6774,18946
11302,94,1867,1963,2006,287,2294,717,82,803,643,59,702,302,27,325,154,9,161,3913,2332,6246
11303,570,10914,11483,11466,1785,13256,4895,551,5450,4516,304,4827,2316,159,2478,1244,94,1342,25012,13815,38827
11401,628,12697,13327,15648,2559,18204,5360,545,5907,4493,426,4914,2064,186,2245,1112,95,1206,29300,16503,45802
11402,260,5364,5624,7208,1004,8218,2598,205,2807,2607,151,2762,1199,74,1270,602,43,644,14478,6839,21314
11501,415,6669,7088,13172,846,14020,9480,300,9780,11840,254,12092,4770,114,4884,2304,50,2356,41984,8232,50214
11502,95,1324,1417,2417,228,2648,1249,73,1318,1733,64,1793,920,38,958,698,15,714,7115,1735,8852
11503,73,1325,1400,2527,310,2841,1339,71,1417,1442,50,1492,785,25,804,520,12,526,6685,1786,8473
11504,179,1741,1915,3765,350,4114,3281,103,3385,4671,101,4772,2039,47,2081,1009,19,1027,14930,2369,17298
11601,376,9336,9708,11503,1918,13425,8786,779,9566,8939,554,9496,3742,304,4046,2533,162,2694,35876,13055,48936
11602,325,4496,4820,8691,989,9681,9182,450,9637,11840,407,12248,4395,153,4546,2438,74,2513,36874,6567,43441
11603,250,6525,6767,7684,1317,9001,6181,527,6709,6450,539,6987,3568,293,3865,3075,203,3282,27207,9397,36608
11701,285,5882,6163,6150,1619,7770,3606,614,4222,3156,262,3418,1151,103,1252,547,36,581,14894,8510,23407
11702,297,6775,7077,6439,1685,8127,2915,652,3561,2530,346,2875,728,102,828,376,42,417,13284,9605,22888
11703,1095,43638,44731,30675,10566,41242,8893,3357,12252,5236,1522,6758,1334,475,1812,564,214,776,47795,59768,107568
11801,744,16817,17557,15373,4150,19516,6378,1303,7683,6077,483,6562,2121,157,2278,628,38,666,31317,22952,54266
11802,671,15168,15845,14599,3714,18310,7298,1172,8466,7244,490,7732,2383,160,2536,853,82,936,33047,20782,53825
11901,368,11665,12030,13091,1978,15066,9537,802,10341,10181,684,10860,5971,426,6388,4918,302,5220,44060,15855,59913
11902,336,10307,10640,10953,2321,13271,7837,1078,8916,7557,716,8272,3776,367,4139,2961,222,3186,33417,15005,48423
11903,411,10201,10612,11956,1735,13698,8081,730,8813,8003,462,8468,3471,200,3670,1942,92,2038,33859,13428,47291
11904,485,13591,14065,14901,3092,17990,8886,1133,10017,7699,568,8265,3210,241,3451,1865,114,1981,37038,18730,55766
12001,416,8452,8866,10762,1612,12374,5443,438,5882,4984,217,5208,1745,80,1826,609,26,636,23958,10826,34787
12002,377,6870,7249,6950,1207,8150,3303,371,3674,3398,181,3583,846,45,888,175,13,186,15045,8679,23727
12003,592,16046,16635,16318,4030,20347,9816,1596,11415,8378,930,9308,3039,367,3410,1610,188,1794,39741,23160,62908
12101,535,11156,11689,12958,2047,15001,7157,545,7704,7518,293,7814,2554,81,2635,833,39,868,31552,14163,45709
12102,338,6296,6639,8546,896,9440,5941,239,6184,6232,150,6389,2101,60,2166,874,18,893,24038,7663,31706
12103,474,7020,7500,11968,928,12893,7617,248,7867,9205,175,9379,3686,70,3763,1358,23,1381,34310,8470,42781
12104,615,15993,16606,13848,2330,16182,5133,548,5690,4116,213,4326,1187,50,1242,312,15,329,25223,19149,44374
12201,240,4060,4307,5085,897,5982,2387,303,2690,2689,107,2797,944,46,985,224,10,234,11565,5423,16993
12202,295,4664,4958,6986,752,7735,3309,191,3500,4114,166,4281,1849,74,1928,685,34,715,17231,5885,23113
12203,691,12605,13297,15526,2093,17618,8652,517,9165,10830,324,11158,4160,139,4297,1675,58,1736,41535,15729,57262
12301,231,3574,3811,6149,533,6687,4201,148,4342,5160,129,5291,2630,65,2693,1180,29,1212,19545,4485,24029
12302,527,11739,12265,14746,2144,16886,10668,696,11360,10400,537,10935,4912,284,5192,3609,202,3814,44856,15596,60455
12303,161,2644,2810,4405,453,4858,2336,136,2469,2668,125,2793,1501,63,1561,913,31,949,11992,3442,15434
12401,431,8192,8625,10097,1241,11333,4289,226,4516,4225,143,4366,1770,66,1837,778,23,798,21584,9890,31473
12402,0,3,3,0,0,0,0,0,0,0,0,0,0,0,0,0,0,0,0,8,8
12403,583,12537,13122,14802,2152,16958,9490,615,10110,9528,370,9895,4464,200,4658,2453,114,2572,41313,16002,57311
12404,157,3479,3636,3762,515,4282,2099,140,2236,1857,108,1967,909,45,947,610,38,651,9399,4319,13719
12405,187,4049,4229,4952,880,5837,3367,295,3663,3157,227,3389,1485,110,1596,1111,71,1182,14261,5636,19895
12501,257,7463,7724,8708,2029,10734,5748,962,6707,4856,699,5553,2305,387,2689,2158,231,2395,24037,11768,35804
12502,234,4861,5098,6284,858,7145,4757,267,5021,4951,167,5124,2069,84,2157,1107,39,1146,19401,6279,25687
12503,310,11182,11492,10737,2210,12947,7739,1066,8808,8000,860,8857,4933,570,5497,4776,394,5165,36490,16284,52771
12504,462,13217,13683,13484,3012,16494,10538,1320,11859,9415,771,10186,2947,259,3205,1548,131,1678,38396,18709,57104
12601,163,3231,3398,5260,638,5904,3494,186,3683,3971,103,4079,1377,42,1420,702,23,725,14974,4227,19200
12602,599,14704,15305,15966,2625,18597,9021,740,9763,8507,396,8901,3059,143,3205,1432,87,1517,38589,18692,57279
12701,281,5284,5574,8705,994,9699,7606,401,8014,9309,409,9718,5272,249,5518,3867,161,4028,35051,7500,42554
12702,286,9958,10245,12814,1786,14601,10144,733,10874,10376,592,10975,6524,353,6874,5999,255,6257,46143,13680,59830
12703,372,8897,9271,9789,1602,11392,7601,571,8174,8375,469,8840,4061,229,4286,2932,151,3089,33129,11920,45048
12801,577,11376,11950,13622,1742,15368,6488,367,6855,7190,222,7409,2977,98,3078,1092,37,1134,31944,13842,45784
12802,450,7320,7770,11502,956,12454,6528,199,6724,7890,130,8020,3353,54,3413,1168,24,1188,30884,8684,39566
19797,0,0,0,0,0,0,0,0,0,0,0,0,0,0,0,0,0,0,0,0,0
20101,619,13913,14529,13861,2203,16064,6107,657,6762,5886,309,6193,2593,127,2720,1018,71,1092,30077,17283,47357
20102,194,3589,3781,4302,763,5064,1474,147,1618,1391,91,1487,644,65,709,292,15,310,8300,4664,12962
20103,126,3839,3966,3787,632,4421,1244,114,1358,1035,74,1100,486,46,528,270,28,298,6942,4732,11674
20201,554,12300,12855,12340,1858,14196,5490,555,6041,5053,289,5340,2217,137,2357,1042,55,1099,26704,15196,41895
20202,318,5729,6046,7080,1103,8183,2637,245,2877,2631,168,2798,1027,71,1103,442,28,474,14136,7344,21484
20203,44,1541,1585,1664,325,1992,558,89,650,490,33,524,266,26,295,124,10,137,3150,2039,5185
20301,109,1263,1367,2419,256,2680,1191,75,1264,1443,66,1513,681,37,718,286,12,299,6128,1709,7837
20302,1029,23966,24994,24297,3673,27973,11709,1301,13011,11117,728,11849,4364,298,4664,1810,159,1969,54329,30129,84458
20303,538,8551,9098,12684,2055,14744,4620,471,5091,5168,341,5512,2124,115,2242,606,48,658,25751,11591,37342
20401,386,7509,7891,8204,1444,9647,2889,340,3229,2494,253,2747,1180,140,1317,534,68,596,15680,9749,25424
20402,266,6386,6648,6831,970,7796,2365,225,2592,2107,131,2235,976,58,1036,396,40,440,12937,7809,20748
20403,473,8532,9003,9914,1491,11408,3858,360,4216,3679,246,3931,1631,126,1750,686,60,742,20239,10826,31055
20501,270,5641,5913,7422,890,8313,2964,213,3178,2892,144,3040,1387,86,1480,642,48,692,15572,7027,22606
20502,320,6602,6918,7450,1207,8658,2222,250,2471,1855,163,2018,861,78,935,395,41,435,13095,8342,21440
20503,431,9397,9826,10500,1882,12380,3235,354,3591,2935,247,3183,1457,99,1560,582,38,619,19140,12021,31159
20504,428,10319,10746,9699,1590,11288,3993,401,4391,3566,253,3814,1506,121,1621,687,65,744,19870,12745,32609
20505,258,5625,5891,6076,936,7009,2163,262,2421,1940,148,2088,923,71,993,411,25,442,11767,7070,18838
20601,424,12548,12973,10627,2833,13459,4734,1295,6030,4397,638,5041,1174,159,1335,411,44,452,21770,17523,39297
20602,291,7193,7493,5911,1261,7169,2857,628,3481,3046,264,3308,817,81,898,227,27,249,13150,9451,22606
20603,336,9769,10106,7804,1617,9424,3691,489,4180,3816,226,4046,1325,61,1389,361,26,387,17337,12188,29523
20604,720,32931,33654,20436,9888,30329,5683,2421,8104,2770,893,3670,623,240,860,266,77,343,30508,46450,76956
20605,662,22714,23378,14288,3955,18242,4558,920,5477,3421,307,3731,940,78,1016,255,25,280,24123,27997,52123
20606,359,14252,14613,9211,2790,12005,2533,754,3284,1733,217,1953,573,55,623,139,8,153,14548,18078,32631
20607,439,15927,16367,12409,3704,16111,4091,1638,5718,3065,624,3693,827,168,997,258,45,305,21095,22101,43195
20701,782,16504,17287,17940,2750,20694,9180,815,9992,10756,452,11210,4059,203,4263,1159,66,1230,43878,20797,64668
20702,416,7636,8051,11183,1043,12225,6391,315,6713,6366,221,6589,2253,85,2335,916,49,962,27527,9348,36874
20703,423,10779,11203,11303,2000,13299,6355,742,7097,6451,461,6913,2154,160,2314,803,98,908,27494,14240,41733
20801,546,9699,10256,11599,1205,12808,5670,280,5947,6899,200,7093,2427,105,2534,535,20,556,27673,11514,39190
20802,741,17372,18116,17264,2799,20071,9001,813,9817,9804,478,10287,3270,176,3445,1032,61,1095,41115,21707,62824
20803,595,13989,14578,14205,1673,15881,7457,408,7872,8014,235,8250,2481,66,2544,672,22,699,33416,16403,49824
20804,200,4999,5200,4659,851,5508,2215,240,2452,2524,139,2666,927,47,978,222,7,229,10745,6289,17033
20901,625,11992,12622,14413,1770,16182,7446,521,7970,8210,295,8501,2685,107,2792,892,57,950,34279,14753,49024
20902,406,11534,11945,10573,2277,12847,5481,802,6286,5015,421,5435,1608,162,1767,831,93,925,23916,15293,39208
20903,294,3373,3668,6862,540,7405,3963,150,4112,4934,102,5036,2026,63,2087,631,20,648,18712,4243,22954
20904,838,15303,16144,21834,2639,24472,15435,965,16399,16964,737,17692,7385,336,7725,3729,192,3918,66185,20170,86356
21001,231,5300,5531,6857,684,7544,3776,197,3967,4204,120,4325,1491,56,1545,471,17,493,17036,6367,23405
21002,148,2032,2182,3697,356,4053,1769,117,1883,2173,71,2246,945,49,994,356,22,379,9091,2638,11734
21003,306,8040,8338,8164,1434,9597,4637,484,5123,4560,367,4922,1733,169,1905,954,105,1063,20358,10595,30953
21004,189,3605,3790,4945,637,5581,2882,158,3034,2831,84,2916,1146,50,1198,425,15,444,12413,4550,16962
21005,428,10231,10656,13888,1977,15860,11439,845,12289,12735,735,13471,6542,394,6939,5035,217,5252,50064,14400,64461
21101,603,12288,12892,17029,1914,18945,10283,484,10767,10576,296,10873,3799,122,3920,1558,46,1598,43844,15142,58993
21102,103,1372,1475,2591,186,2781,1460,52,1511,1871,45,1908,828,17,848,325,6,331,7175,1674,8848
21103,539,10791,11333,12747,1477,14222,6931,382,7317,7190,180,7370,2623,90,2715,1026,36,1063,31061,12954,44016
21104,261,5467,5727,6530,769,7299,3795,237,4035,4331,146,4483,1482,61,1539,534,38,567,16937,6709,23647
21105,761,12073,12832,17453,1881,19333,9053,482,9534,9676,332,10008,3882,123,4009,1769,67,1834,42593,14957,57549
21201,492,7827,8321,11165,1474,12644,6784,462,7250,7478,325,7805,3362,169,3532,1827,78,1909,31104,10339,41446
21202,414,8154,8564,12074,1534,13610,8105,630,8735,8836,412,9244,3781,205,3983,2316,115,2431,35525,11053,46577
21203,579,9820,10404,15768,2021,17789,13291,873,14161,15591,669,16267,7097,357,7457,5092,205,5303,57428,13947,71374
21204,478,14644,15122,16042,2732,18765,11330,1296,12629,10404,845,11249,4959,439,5394,3850,237,4090,47066,20187,67259
21205,613,13603,14212,18049,2770,20822,11091,1367,12462,11624,952,12576,3946,376,4322,1635,210,1845,46956,19275,66234
21301,486,13032,13520,15682,2517,18205,10761,1120,11880,10579,854,11430,4974,458,5431,3607,219,3830,46092,18203,64294
21302,424,8859,9284,9822,1289,11117,5326,329,5651,5421,232,5652,1796,88,1886,653,37,691,23441,10835,34278
21303,396,10487,10886,9444,2325,11772,4888,868,5757,4467,347,4818,1411,155,1562,598,73,672,21213,14259,35472
21304,598,10968,11562,14860,2019,16874,11433,707,12137,13437,557,13992,6023,322,6343,3630,179,3810,49975,14750,64728
21305,845,14612,15458,20611,3271,23883,18792,1573,20368,20310,1298,21606,8119,650,8774,5594,395,5993,74276,21797,96080
21401,672,15210,15882,15372,2369,17736,8503,621,9127,7947,313,8259,3039,163,3197,1205,73,1278,36737,18755,55490
21402,899,18300,19201,22638,3371,26006,8559,743,9300,8813,516,9327,3550,230,3777,1277,85,1363,45733,23236,68977
21501,324,8611,8934,8227,1301,9529,2910,259,3172,2390,170,2548,1216,92,1308,482,34,515,15549,10462,26015
21502,333,6644,6978,6647,1284,7929,2928,361,3287,2589,260,2846,1258,120,1379,669,79,744,14414,8753,23170
21503,167,4872,5038,4925,954,5882,1767,225,1999,1493,178,1669,849,104,951,428,43,478,9639,6377,16017
21601,210,4652,4859,5272,784,6060,1870,168,2037,1670,110,1782,866,62,924,424,25,455,10316,5793,16113
21602,169,3779,3949,4321,681,5002,1340,145,1488,1212,90,1298,639,57,697,333,32,370,8013,4784,12793
21603,275,7475,7758,7550,1240,8793,3449,407,3857,3269,249,3521,1578,124,1708,921,70,994,17051,9574,26627
21701,230,5173,5400,5193,772,5961,1830,142,1973,1539,99,1642,695,47,741,286,14,300,9782,6243,16023
21703,214,5066,5275,5110,929,6040,1796,197,1992,1571,119,1692,859,75,929,390,34,423,9940,6418,16359
21704,269,6109,6374,6863,984,7854,2691,249,2946,2535,155,2690,1188,87,1271,465,46,511,14008,7632,21636
29797,0,0,0,0,0,0,0,0,0,0,0,0,0,0,0,0,0,0,0,0,0
30101,404,5423,5822,8435,815,9251,4447,224,4675,4434,120,4556,1783,45,1822,929,25,951,20434,6645,27080
30102,545,8082,8627,11793,1420,13221,5273,277,5550,5299,161,5464,2107,73,2183,1040,30,1070,26059,10047,36110
30103,443,6120,6564,7973,972,8946,4626,273,4899,4746,139,4875,1636,57,1695,668,27,692,20094,7585,27674
30201,272,3202,3480,5091,537,5632,2978,188,3163,2982,85,3068,1048,24,1080,487,15,507,12867,4053,16916
30202,425,8680,9106,8676,1562,10239,4235,378,4616,4173,187,4355,1504,63,1566,574,27,597,19584,10895,30482
30203,263,5485,5748,5117,1064,6184,2534,256,2785,2191,110,2298,745,30,774,315,20,332,11165,6966,18126
30204,351,6255,6599,6771,1026,7798,3719,231,3952,3512,103,3619,1335,62,1391,621,20,639,16318,7695,24011
30301,297,4508,4800,5966,812,6776,3383,302,3686,3457,136,3592,1284,44,1320,452,22,477,14838,5819,20659
30302,454,10437,10890,9065,2626,11692,4080,929,5008,3781,361,4144,1330,121,1452,466,53,517,19173,14532,33706
30303,292,5501,5798,7140,1267,8402,4786,508,5299,5046,263,5304,2032,112,2140,1111,60,1175,20400,7710,28118
30304,181,3513,3691,3913,780,4691,2280,302,2582,2441,157,2597,880,63,945,399,36,434,10098,4853,14946
30305,239,3336,3578,5669,764,6423,4280,331,4609,4381,176,4562,1925,99,2024,1234,37,1269,17729,4741,22470
30306,143,2765,2904,4068,709,4778,2959,362,3323,2833,241,3069,1346,115,1459,1061,62,1123,12408,4261,16663
30401,170,1795,1968,3629,282,3904,2134,73,2207,2293,44,2338,811,10,817,355,9,368,9392,2208,11603
30402,204,2101,2303,4642,343,4986,2848,103,2954,3660,63,3725,1441,32,1468,512,9,521,13304,2648,15955
30403,293,5228,5519,5546,1497,7047,2866,643,3504,2946,229,3172,1037,109,1142,331,31,363,13010,7742,20751
30404,375,4110,4487,5620,654,6276,3221,182,3406,3685,89,3777,1362,33,1396,451,7,459,14717,5081,19795
30501,589,16906,17490,11549,4681,16230,3625,1206,4823,2207,476,2687,647,141,787,227,46,278,18839,23451,42291
30502,340,4574,4908,4992,1192,6184,2541,395,2942,2570,165,2730,857,68,918,249,25,276,11540,6422,17963
30503,627,15224,15853,12372,3826,16200,4835,939,5772,4387,341,4723,1626,103,1726,473,36,510,24322,20466,44789
30504,358,6478,6839,6299,1716,8016,3080,683,3762,3326,302,3629,1331,94,1425,363,25,390,14753,9305,24060
30601,496,4997,5491,6899,1583,8477,3346,305,3649,3162,181,3344,1136,62,1201,560,28,586,15597,7146,22747
30602,707,12164,12867,10757,2984,13741,5410,799,6213,4474,455,4930,1971,205,2178,1458,156,1615,24776,16765,41543
30603,228,4026,4244,4247,1786,6031,1626,274,1905,1349,213,1559,664,112,783,625,55,678,8735,6463,15199
30604,94,1560,1655,1592,967,2556,528,149,674,453,108,561,182,35,223,122,34,154,2973,2859,5826
30605,358,5115,5470,5542,1729,7272,1974,347,2321,1606,236,1838,828,135,959,634,74,706,10944,7632,18575
30701,373,5331,5701,4952,1614,6565,2070,328,2394,1788,236,2022,938,128,1064,574,66,637,10692,7696,18386
30702,291,4304,4586,5251,952,6201,2087,247,2333,1795,154,1944,957,82,1038,650,39,691,11022,5771,16796
30703,280,4846,5125,5810,907,6719,1929,229,2156,1595,133,1730,870,80,951,508,37,554,10990,6237,17224
30801,260,3066,3328,2722,1110,3831,1341,237,1576,1368,143,1511,729,72,804,406,41,445,6828,4670,11498
30803,1176,12352,13532,13655,3123,16781,6289,676,6969,5714,417,6126,2534,209,2751,1478,95,1579,30846,16882,47726
30804,119,1739,1856,1611,533,2150,642,121,765,660,81,741,328,48,374,165,29,191,3528,2550,6073
30805,568,6548,7114,7213,1958,9168,3375,325,3691,3170,212,3376,1409,83,1497,801,46,848,16535,9170,25699
30901,416,8006,8421,8454,2610,11061,3537,644,4183,3176,310,3489,1069,89,1163,373,38,407,17023,11701,28724
30902,355,6424,6780,6878,1870,8745,3196,403,3595,3030,189,3222,1039,65,1098,451,23,476,14944,8969,23914
30903,452,9380,9825,9997,1948,11947,3852,465,4315,2810,189,3001,999,83,1086,455,33,491,18566,12095,30663
30904,126,1397,1518,2472,340,2813,1050,80,1129,1020,66,1079,467,23,489,313,19,333,5436,1924,7366
30905,168,1554,1720,3143,386,3528,2078,129,2212,2520,107,2623,1040,43,1087,589,18,610,9544,2237,11776
30906,339,4766,5109,7070,1089,8151,4246,305,4547,4295,176,4479,1700,88,1792,1012,29,1043,18667,6450,25124
30907,782,7289,8071,15122,2221,17341,9571,812,10389,9996,557,10552,4284,260,4540,2508,118,2621,42258,11260,53516
30908,313,4523,4835,6192,1008,7204,3456,367,3821,3077,188,3260,997,60,1053,424,23,450,14455,6162,20624
30909,320,7720,8035,7226,2259,9488,3554,658,4214,2770,324,3092,1025,119,1145,552,57,610,15442,11141,26580
30910,271,6960,7234,6186,2157,8340,2021,548,2574,1629,249,1873,562,79,641,241,30,272,10907,10020,20929
31001,317,5642,5963,6435,1126,7565,4413,421,4837,4112,255,4371,1917,118,2036,1571,66,1639,18769,7633,26402
31002,348,5485,5834,8105,1252,9361,3349,295,3646,3107,187,3294,1559,97,1659,1072,69,1139,17540,7381,24921
31003,698,10974,11669,12399,1889,14289,6767,558,7328,6076,262,6335,2773,170,2940,1604,73,1679,30311,13927,44237
31004,520,6107,6626,8316,1371,9682,6095,485,6580,6301,322,6620,2896,166,3064,2379,98,2473,26502,8548,35044
31101,81,1504,1581,1837,300,2136,751,72,823,626,48,675,297,24,325,221,9,229,3818,1953,5771
31102,222,4727,4947,4995,932,5926,2610,325,2935,2157,181,2332,1012,111,1119,735,57,791,11726,6327,18051
31103,387,5568,5960,7799,1404,9199,5063,534,5595,4874,402,5278,2502,201,2699,2322,131,2454,22941,8244,31183
31104,261,2170,2433,5041,581,5622,3418,202,3619,3722,212,3935,1965,110,2070,1471,56,1527,15875,3323,19201
31105,278,4916,5196,6318,995,7313,3643,341,3978,3410,195,3603,1532,99,1631,1235,78,1306,16414,6618,23031
31106,332,6614,6947,7015,1269,8278,4353,503,4854,3854,302,4162,1956,141,2099,1726,98,1820,19239,8933,28169
31201,323,3970,4292,3259,1689,4949,1501,284,1784,1482,190,1670,753,84,839,412,54,463,7731,6265,13996
31202,1330,11234,12561,13457,2880,16338,6526,755,7278,5909,467,6374,2751,246,2998,1379,95,1475,31358,15673,47026
31203,212,2271,2483,2465,1340,3805,1077,215,1289,982,129,1108,401,57,459,202,35,233,5338,4049,9386
31301,237,4803,5036,7159,918,8077,1628,101,1731,1158,59,1214,542,28,576,312,25,336,11036,5927,16965
31302,434,6174,6607,7923,1385,9308,4395,395,4786,3886,290,4177,2031,177,2211,1487,110,1602,20153,8528,28684
31303,75,1120,1198,1682,306,1978,645,80,728,633,64,694,297,37,339,211,13,227,3551,1611,5165
31304,376,4783,5159,7137,867,7997,3955,278,4232,3868,178,4042,1769,91,1858,1230,41,1275,18332,6237,24568
31305,429,8847,9276,8659,1368,10022,3402,270,3673,2749,139,2892,1137,60,1195,609,29,634,16981,10717,27695
31401,470,4186,4653,9485,713,10196,5405,194,5601,6477,131,6605,2489,48,2545,1114,16,1132,25443,5296,30734
31402,528,5996,6526,8579,1200,9780,5550,329,5876,5618,185,5810,2223,76,2296,1227,38,1267,23733,7821,31550
31403,228,3453,3683,4316,652,4971,2446,176,2621,2186,98,2282,935,40,977,533,26,560,10641,4451,15093
31501,160,3234,3388,2209,1984,4191,1229,295,1526,1141,255,1392,750,125,873,960,81,1043,6443,5976,12415
31502,213,3700,3912,2540,2312,4852,1304,281,1584,1232,196,1431,676,94,769,658,59,722,6629,6639,13272
31503,183,2793,2974,2067,1658,3728,761,173,934,605,123,723,300,59,364,191,48,233,4110,4849,8959
31601,366,4748,5110,6941,885,7827,3245,315,3559,3445,165,3609,1352,65,1417,536,15,551,15885,6191,22078
31602,675,9372,10043,12798,2022,14815,5094,512,5607,5043,279,5322,1915,117,2037,871,29,903,26396,12336,38729
31603,503,8034,8540,9063,2793,11856,3220,537,3757,2644,236,2878,988,73,1061,366,28,398,16792,11700,28493
31605,364,4580,4942,6695,1473,8164,2429,285,2718,2417,159,2574,887,65,950,288,28,321,13075,6588,19666
31606,383,4244,4627,7441,1037,8480,3262,298,3560,3020,198,3216,1302,75,1374,824,35,862,16231,5888,22122
31607,309,4223,4533,5823,853,6674,2800,216,3018,2707,139,2846,1179,55,1235,650,28,682,13470,5517,18986
31608,169,1724,1890,3157,499,3662,1304,121,1435,1249,83,1333,520,23,544,325,10,337,6729,2471,9201
31701,1064,16815,17882,19070,2823,21891,8394,793,9187,7489,417,7906,3567,217,3780,2234,99,2336,41817,21169,62994
31801,350,5183,5528,5320,1660,6982,1834,285,2123,1586,192,1773,794,114,907,490,62,552,10371,7498,17872
31802,1727,19259,20984,21058,4926,25987,10654,1296,11946,8997,704,9700,3819,302,4127,2321,190,2513,48583,26673,75255
31901,608,10504,11112,12958,2863,15823,4693,485,5181,3903,292,4191,1778,120,1905,1144,80,1224,25083,14349,39434
31902,346,6257,6600,6656,1653,8315,2287,347,2630,1682,206,1884,959,111,1074,663,80,745,12586,8661,21247
31903,363,5938,6303,7307,1464,8774,2635,269,2908,2118,183,2306,1059,68,1121,723,44,770,14212,7968,22185
31904,417,7002,7421,9688,2182,11872,3123,272,3394,2466,143,2610,1156,54,1213,727,30,757,17581,9686,27265
31905,312,5687,5995,7098,1396,8498,2206,295,2498,1717,134,1851,783,73,856,579,39,618,12690,7624,20313
39797,0,3,3,0,0,3,0,0,0,0,0,0,0,0,0,0,0,0,0,7,5
40101,145,5353,5496,3277,1399,4674,844,380,1221,420,120,530,88,24,115,36,18,49,4802,7286,12093
40102,618,6130,6745,9803,963,10761,4564,268,4830,4811,166,4980,1858,63,1915,707,28,736,22354,7625,29974
40103,240,4777,5020,5386,510,5896,2443,114,2555,3046,94,3136,1050,29,1074,355,11,366,12506,5548,18049
40104,309,5769,6081,6265,735,6996,3459,254,3715,3422,122,3546,1133,46,1173,413,24,439,14999,6947,21952
40105,230,5728,5958,4585,855,5438,1998,237,2233,1969,113,2082,615,49,656,163,12,173,9551,6992,16546
40106,166,3341,3505,3396,557,3957,1675,201,1872,1838,104,1947,664,32,690,184,18,203,7910,4259,12168
40107,234,4746,4980,4744,645,5386,2065,232,2294,2219,88,2307,726,24,750,181,13,194,10164,5753,15917
40201,279,3663,3944,4506,548,5056,2240,122,2359,1967,87,2053,879,25,900,447,16,465,10309,4459,14771
40202,571,9650,10221,9649,1669,11318,5649,530,6183,4934,292,5229,2393,146,2541,1874,78,1953,25077,12363,37447
40203,371,7909,8274,7468,1415,8886,4542,545,5085,4258,292,4551,1582,131,1709,947,77,1023,19158,10376,29532
40204,653,13376,14027,14303,2046,16344,8279,647,8926,7674,356,8030,3556,197,3744,2524,94,2616,36976,16716,53694
40205,533,8888,9419,12171,1033,13206,5928,236,6165,5861,124,5985,2043,55,2098,829,26,856,27363,10369,37728
40301,263,5439,5706,5065,698,5759,1772,139,1911,1671,66,1740,568,25,591,157,3,165,9489,6368,15862
40302,581,11400,11978,11755,1627,13378,5882,609,6489,5243,243,5479,1737,83,1814,679,39,717,25867,13994,39860
40303,397,5919,6314,7612,763,8369,3729,220,3949,4382,118,4503,1502,50,1555,432,29,459,18060,7097,25155
40304,1194,18086,19275,22480,2614,25092,10735,648,11387,9689,348,10037,3554,143,3696,1444,53,1498,49089,21895,70986
40401,703,14600,15303,14325,2133,16463,7013,653,7667,6361,280,6636,2152,112,2267,933,45,981,31490,17825,49318
40402,356,7983,8336,7006,1157,8165,3586,300,3887,3043,124,3163,1114,57,1173,641,34,682,15737,9661,25403
40403,357,8405,8762,7505,1443,8938,3755,563,4319,3514,242,3751,1107,76,1177,375,39,409,16611,10760,27369
40501,263,3732,3992,5058,559,5614,1964,147,2114,1928,101,2024,860,37,896,389,13,403,10464,4586,15052
40502,177,3101,3276,3311,582,3894,1029,97,1123,870,45,912,469,22,493,222,9,236,6072,3861,9935
40503,223,4159,4388,3777,757,4541,1294,138,1436,994,76,1070,548,29,574,245,16,257,7082,5182,12262
40504,222,3960,4179,4530,865,5396,1068,119,1188,851,75,929,392,33,424,226,20,244,7289,5071,12362
40601,513,8099,8614,7453,1681,9141,2706,319,3025,2481,187,2675,1109,103,1210,480,42,524,14743,10442,25188
40602,215,3862,4083,2508,1206,3716,1094,202,1298,912,147,1060,482,58,540,407,40,443,5613,5515,11129
40701,446,7408,7850,9445,1306,10747,2444,193,2633,2048,140,2185,882,45,926,433,29,457,15690,9111,24801
40702,443,8329,8766,8898,1357,10254,3184,346,3528,2938,186,3131,1346,84,1432,574,55,625,17388,10359,27743
40703,491,9638,10130,9894,1815,11714,3320,365,3687,2883,258,3137,1368,109,1475,661,62,724,18617,12253,30870
49797,0,0,0,0,0,0,0,0,0,0,0,0,0,0,0,0,0,0,0,0,0
50101,639,5539,6176,7112,1423,8536,2982,305,3282,2818,245,3064,1098,96,1190,419,41,462,15066,7651,22716
50102,1067,11139,12206,13140,1815,14954,5670,418,6089,5307,243,5548,2292,110,2399,1048,59,1111,28531,13783,42309
50103,256,2873,3131,3433,604,4033,1039,108,1146,945,78,1021,462,38,497,197,28,227,6326,3734,10060
50201,1239,11834,13073,14639,1698,16336,5631,379,6004,4839,215,5058,2002,102,2113,961,58,1017,29308,14289,43597
50301,513,6390,6898,7503,1072,8580,3507,361,3865,4298,195,4488,1941,69,2011,499,14,513,18258,8101,26355
50302,1025,18822,19844,13885,3333,17221,5329,955,6284,4822,353,5170,1400,82,1485,319,22,342,26775,23572,50349
50401,775,10435,11204,10122,1695,11817,5084,458,5545,4387,225,4605,1386,80,1465,652,47,696,22405,12940,35348
50402,395,3473,3868,5174,488,5663,2429,126,2554,2206,69,2277,999,45,1044,435,25,461,11638,4231,15867
50403,1211,11297,12508,14121,1863,15982,8915,559,9478,8771,310,9082,3592,133,3729,2294,84,2377,38902,14253,53156
50501,1365,11022,12390,18814,1492,20300,9859,430,10294,10818,216,11037,3747,87,3836,1199,38,1244,45800,13289,59093
50502,1698,25817,27513,23790,4107,27890,11908,1223,13125,11266,537,11801,3802,194,3994,1619,91,1707,54082,31966,86042
50503,1761,13957,15723,19659,2048,21711,13010,628,13640,13196,413,13611,5434,189,5621,2831,100,2928,55904,17337,73237
50601,684,7283,7965,8978,1180,10152,5632,355,5991,5686,222,5900,2367,123,2484,1398,60,1458,24740,9218,33956
50602,729,10731,11459,8760,2086,10844,4171,737,4916,3309,316,3623,1102,111,1215,571,53,626,18647,14033,32679
50603,585,8265,8850,8970,1407,10376,5659,678,6338,5998,436,6432,2396,200,2596,1238,96,1338,24845,11077,35928
50604,743,9615,10355,11158,1588,12747,7223,564,7789,7361,345,7704,3324,173,3496,2181,94,2278,31996,12376,44372
50605,485,4808,5298,6828,647,7476,3388,150,3535,3369,98,3467,1460,35,1504,631,32,659,16165,5774,21938
50606,260,1598,1856,2959,312,3264,1849,83,1933,1947,47,1992,897,33,933,584,20,600,8492,2087,10578
50607,339,5874,6213,5477,991,6473,2269,333,2595,2123,103,2228,668,42,711,215,19,241,11092,7364,18452
50701,1036,10338,11371,12442,1667,14107,7301,466,7763,7137,232,7366,2486,103,2590,1028,45,1069,31427,12851,44274
50702,395,5585,5980,4862,1022,5883,2136,284,2422,1926,130,2059,616,43,657,184,26,209,10119,7092,17214
50703,392,3796,4187,4112,657,4768,2714,182,2899,2550,110,2657,1133,58,1195,634,31,667,11540,4838,16373
50704,720,9579,10304,12229,1265,13491,6133,396,6524,6614,201,6813,2415,86,2502,815,33,851,28923,11554,40478
50705,1444,11683,13125,14297,1760,16056,7957,470,8427,7495,296,7796,3191,148,3336,1573,61,1638,35958,14423,50382
50901,547,7358,7906,7945,1344,9287,2981,337,3321,2576,175,2757,1158,91,1255,666,61,726,15882,9373,25248
50902,634,6777,7410,7280,1612,8891,2510,334,2844,2003,269,2273,991,110,1102,589,58,642,14002,9165,23168
50903,203,2507,2703,2575,530,3110,821,128,947,726,83,810,355,59,410,163,12,173,4842,3320,8162
51001,279,3990,4269,2261,4263,6527,1430,575,2008,1353,505,1856,820,259,1078,894,138,1032,7035,9740,16774
51002,211,2735,2950,1553,1006,2559,970,230,1205,952,175,1128,507,75,577,412,45,456,4604,4269,8873
51003,267,2687,2950,1920,1746,3670,1171,313,1478,1445,280,1721,744,140,882,357,83,445,5904,5243,11148
51101,190,2008,2196,1856,487,2346,739,105,841,659,77,737,300,48,349,142,13,162,3894,2741,6634
51102,112,1522,1642,945,2640,3577,382,246,630,393,288,674,157,110,266,112,71,189,2104,4876,6981
51103,295,4558,4860,3326,1174,4496,1786,286,2080,1646,209,1851,804,97,895,514,37,547,8373,6358,14732
51104,624,6706,7332,6348,2193,8536,2642,432,3077,2182,298,2477,1002,167,1170,583,97,682,13382,9890,23274
59797,0,8,8,0,3,3,0,0,0,0,0,0,0,0,0,0,0,0,0,13,13
60101,111,1583,1689,2214,289,2505,1302,94,1394,1045,58,1109,446,21,471,247,7,255,5369,2052,7423
60102,403,6041,6443,7375,880,8258,3476,246,3720,3037,141,3173,1204,62,1267,535,34,567,16026,7402,23429
60103,355,7235,7591,6503,997,7503,3321,360,3676,2674,191,2870,1223,109,1334,727,31,759,14813,8933,23739
60104,272,3256,3522,4352,489,4835,2099,154,2251,2124,79,2193,862,23,887,371,24,389,10075,4014,14085
60105,350,6710,7063,6390,1304,7699,2816,641,3457,2489,314,2805,889,126,1014,376,61,437,13313,9166,22475
60106,128,1996,2123,2516,330,2850,1066,90,1156,909,54,962,333,22,353,166,15,177,5114,2509,7622
60201,561,10888,11447,10649,1647,12301,4815,469,5284,4154,245,4397,1645,103,1747,790,46,833,22607,13400,36005
60202,182,2662,2841,3607,475,4084,1192,103,1297,1069,46,1121,470,20,482,260,16,274,6780,3320,10102
60203,287,5157,5444,5982,896,6881,1980,174,2150,1571,94,1668,692,50,742,351,19,371,10868,6387,17254
60301,81,1370,1452,1589,267,1853,638,81,720,566,43,608,235,20,254,168,14,182,3276,1792,5073
60302,182,2305,2488,3109,464,3574,1092,78,1165,924,71,995,402,27,432,254,16,270,5967,2965,8934
60303,85,1223,1307,1356,304,1659,308,28,336,204,29,231,66,8,70,39,6,46,2059,1589,3654
60401,410,6692,7109,7029,840,7866,2622,195,2814,2241,96,2342,882,60,942,440,24,454,13624,7903,21527
60402,350,5797,6146,6829,930,7757,2617,175,2801,2088,91,2176,855,44,895,430,27,462,13169,7067,20237
60403,150,2571,2719,2384,511,2892,826,106,930,684,83,765,322,33,358,187,6,194,4555,3308,7862
69797,0,0,0,0,0,0,0,0,0,0,0,0,0,0,0,0,0,0,0,0,0
70101,313,3707,4022,2835,1293,4125,1489,424,1909,1088,182,1262,401,47,447,208,29,237,6332,5675,12011
70102,434,4352,4789,4509,1639,6145,3265,469,3734,2803,309,3105,1293,155,1452,918,94,1007,13216,7018,20234
70103,190,1452,1641,1716,1036,2755,927,217,1141,994,229,1220,531,91,616,422,52,471,4778,3074,7853
70104,421,2784,3205,3042,717,3761,2237,326,2554,2054,191,2241,951,94,1051,549,41,589,9254,4149,13402
70201,213,3952,4161,2577,1804,4382,1607,310,1915,1387,191,1579,768,99,865,1005,44,1053,7569,6384,13954
70202,23,576,596,289,477,762,163,48,208,142,35,178,104,12,116,226,6,232,951,1148,2097
70203,63,1291,1356,791,1220,2006,405,185,593,364,138,500,301,57,352,839,26,863,2764,2912,5671
70204,41,574,609,393,187,584,328,59,392,380,56,436,242,33,278,674,11,692,2066,927,2991
70205,95,1631,1731,985,1680,2667,551,179,731,545,210,754,369,83,454,772,54,827,3315,3836,7152
79797,0,5,5,0,0,0,0,0,0,0,0,0,0,0,0,0,0,0,0,7,7
80101,537,9843,10383,11779,1832,13615,6070,741,6816,6038,362,6402,2241,140,2388,1102,72,1177,27775,13001,40780
80103,10,381,393,106,88,200,48,17,64,43,11,48,9,4,17,10,8,22,234,506,735
80104,456,5484,5945,7450,1089,8536,5359,423,5782,6235,300,6531,2436,122,2565,1153,64,1211,23084,7475,30566
80105,406,8512,8925,6749,1910,8665,2614,875,3490,2372,331,2699,799,122,913,251,45,296,13192,11796,24992
80106,245,4968,5218,4116,942,5060,1566,226,1785,1416,119,1538,485,40,525,187,9,192,8017,6311,14324
80107,515,7464,7983,10000,1033,11025,5458,289,5751,5561,174,5730,2178,67,2243,999,25,1030,24717,9052,33764
80108,165,2240,2402,2826,304,3130,1367,98,1464,1541,52,1595,620,32,655,196,14,210,6709,2744,9451
80109,245,4569,4812,4464,637,5100,2132,207,2334,2296,84,2380,825,28,854,341,19,354,10301,5534,15835
80110,58,937,992,1100,219,1320,736,87,820,773,34,807,248,7,255,117,3,123,3029,1296,4323
80111,0,29,30,57,9,65,32,4,39,43,4,40,17,0,14,15,0,15,160,51,207
89797,0,0,0,0,0,0,0,0,0,0,0,0,0,0,0,0,0,0,0,0,0
90101,14,154,169,109,24,130,63,13,78,65,5,71,32,0,33,11,0,11,292,201,499
90102,0,22,23,33,11,45,20,6,27,16,8,20,18,0,18,24,0,29,114,52,168
90103,0,29,34,19,8,33,7,0,13,13,0,15,6,0,6,11,0,11,68,42,106
90104,15,375,396,305,74,381,98,19,121,77,15,92,33,8,42,13,0,9,539,496,1034
99797,0,0,0,0,0,0,0,0,0,0,0,0,0,0,0,0,0,0,0,0,0
