CED_CODE_2021,OneMeth_Train_M,OneMeth_Train_F,OneMeth_Train_P,OneMeth_Bus_M,OneMeth_Bus_F,OneMeth_Bus_P,OneMeth_Ferry_M,OneMeth_Ferry_F,OneMeth_Ferry_P,OneMeth_Tram_lt_rail_M,OneMeth_Tram_lt_rail_F,OneMeth_Tram_lt_rail_P,OneMeth_Taxi_rs_serv_M,OneMeth_Taxi_rs_serv_F,OneMeth_Taxi_rs_serv_P,OneMeth_Car_as_driver_M,OneMeth_Car_as_driver_F,OneMeth_Car_as_driver_P,OneMeth_Car_as_passenger_M,OneMeth_Car_as_passenger_F,OneMeth_Car_as_passenger_P,OneMeth_Truck_M,OneMeth_Truck_F,OneMeth_Truck_P,OneMeth_Motorbike_scooter_M,OneMeth_Motorbike_scooter_F,OneMeth_Motorbike_scooter_P,OneMeth_Bicycle_M,OneMeth_Bicycle_F,OneMeth_Bicycle_P,OneMeth_Other_M,OneMeth_Other_F,OneMeth_Other_P,OneMeth_Walked_only_M,OneMeth_Walked_only_F,OneMeth_Walked_only_P,OneMeth_Tot_OneMeth_M,OneMeth_Tot_OneMeth_F,OneMeth_Tot_OneMeth_P,TwoMeth_Train_Bus_M,TwoMeth_Train_Bus_F,TwoMeth_Train_Bus_P,TwoMeth_Train_Ferry_M,TwoMeth_Train_Ferry_F,TwoMeth_Train_Ferry_P,TwoMeth_Trn_Trm_lt_rl_M,TwoMeth_Trn_Trm_lt_rl_F,TwoMeth_Trn_Trm_lt_rl_P,TwoMeth_Train_Car_as_drvr_M,TwoMeth_Train_Car_as_drvr_F,TwoMeth_Train_Car_as_drvr_P,TwoMeth_Trn_Car_as_pass_M,TwoMeth_Trn_Car_as_pass_F,TwoMeth_Trn_Car_as_pass_P,TwoMeth_Train_Other_M,TwoMeth_Train_Other_F,TwoMeth_Train_Other_P,TwoMeth_Train_Tot_M,TwoMeth_Train_Tot_F,TwoMeth_Train_Tot_P,TwoMeth_Bus_Ferry_M,TwoMeth_Bus_Ferry_F,TwoMeth_Bus_Ferry_P,TwoMeth_Bus_Trm_lt_rl_M,TwoMeth_Bus_Trm_lt_rl_F,TwoMeth_Bus_Trm_lt_rl_P,TwoMeth_Bus_Car_as_driver_M,TwoMeth_Bus_Car_as_driver_F,TwoMeth_Bus_Car_as_driver_P,TwoMeth_Bus_Car_as_pass_M,TwoMeth_Bus_Car_as_pass_F,TwoMeth_Bus_Car_as_pass_P,TwoMeth_Bus_Other_M,TwoMeth_Bus_Other_F,TwoMeth_Bus_Other_P,TwoMeth_Bus_Tot_M,TwoMeth_Bus_Tot_F,TwoMeth_Bus_Tot_P,TwoMeth_Other_TwoMeth_M,TwoMeth_Other_TwoMeth_F,TwoMeth_Other_TwoMeth_P,TwoMeth_Tot_TwoMeth_M,TwoMeth_Tot_TwoMeth_F,TwoMeth_Tot_TwoMeth_P,ThreeMeth_Trn_2_othr_mthd_M,ThreeMeth_Trn_2_othr_mthd_F,ThreeMeth_Trn_2_othr_mthd_P,ThreMth_Bu_2_ot_met_exc_tra_M,ThreMth_Bu_2_ot_met_exc_tra_F,ThreMth_Bu_2_ot_met_exc_tra_P,ThreeMeth_Oth_ThreeMeth_M,ThreeMeth_Oth_ThreeMeth_F,ThreeMeth_Oth_ThreeMeth_P,ThreeMeth_Tot_ThreeMeth_M,ThreeMeth_Tot_ThreeMeth_F,ThreeMeth_Tot_ThreeMeth_P,Worked_home_M,Worked_home_F,Worked_home_P,Did_not_go_to_work_M,Did_not_go_to_work_F,Did_not_go_to_work_P,Meth_travel_to_work_NS_M,Meth_travel_to_work_NS_F,Meth_travel_to_work_NS_P,Tot_M,Tot_F,Tot_P
CED101,1821,1895,3719,139,217,357,0,0,0,0,0,4,44,30,80,13565,9302,22862,596,1285,1881,297,8,299,147,8,152,92,21,120,174,124,299,428,622,1050,17300,13523,30828,410,564,974,3,0,3,17,33,47,128,74,202,24,60,84,41,23,60,618,750,1374,0,0,0,0,0,0,5,3,11,9,26,35,9,3,11,23,40,60,144,98,245,789,885,1676,75,108,181,0,8,6,4,0,4,79,113,189,12637,14914,27548,6080,6073,12153,180,134,308,37061,35638,72702
CED102,3084,2997,6085,307,493,805,3,0,8,11,16,30,70,80,147,15807,9291,25103,665,1487,2150,360,10,375,371,38,410,223,64,287,249,172,422,897,1271,2161,22064,15917,37982,767,1025,1798,8,3,9,37,50,87,186,92,278,44,107,147,50,37,92,1095,1315,2415,0,0,0,0,4,5,17,13,29,9,51,64,8,18,23,39,90,130,176,83,263,1306,1494,2798,157,196,353,0,9,11,3,0,8,162,209,375,14322,16590,30912,5803,6466,12269,275,196,466,43922,40878,84802
CED103,1233,1331,2560,693,844,1538,14,17,29,3,6,9,31,50,85,15909,11052,26965,569,1465,2034,275,8,280,269,39,308,153,31,186,205,155,357,845,948,1795,20205,15954,36156,461,569,1032,14,0,14,12,24,34,116,74,188,34,81,109,40,30,75,673,781,1444,3,3,7,5,9,15,37,24,59,28,50,80,13,30,38,85,117,199,186,120,303,937,1010,1954,144,169,308,18,22,37,5,3,4,162,188,350,22133,21977,44115,4953,6640,11594,201,138,340,48595,45908,94497
CED104,656,605,1265,222,194,414,0,0,0,0,3,3,16,11,29,13737,10630,24371,563,969,1535,485,0,484,157,14,172,71,15,89,155,107,265,511,516,1026,16576,13083,29651,191,187,383,0,3,4,5,0,6,151,85,234,27,50,80,22,11,27,394,341,737,0,0,0,4,0,7,25,9,34,7,12,22,7,5,10,45,19,68,153,69,220,594,429,1023,76,68,144,0,4,7,6,0,6,85,73,157,17378,17195,34574,3680,5453,9130,112,108,221,38421,36334,74757
CED105,1695,1628,3318,182,242,422,0,0,0,3,5,3,75,67,140,15563,8725,24285,792,1508,2296,424,7,438,173,9,189,109,30,143,234,151,387,489,624,1112,19739,12991,32734,474,643,1117,0,3,3,21,18,39,123,67,182,49,74,125,33,24,58,698,828,1529,0,0,0,0,0,0,10,12,26,7,32,45,8,6,18,28,52,77,164,118,278,892,995,1890,172,141,311,4,4,6,8,0,7,182,147,326,6913,8074,14994,5645,4625,10269,311,156,469,33680,26994,60680
CED106,1338,1342,2675,179,249,425,0,0,0,0,0,0,26,32,58,11373,8715,20083,499,1141,1634,161,3,166,152,14,168,123,24,147,152,141,295,798,1058,1859,14798,12716,27510,228,332,561,0,0,0,10,12,21,138,102,245,32,63,97,34,19,57,449,525,971,0,0,0,0,0,0,20,11,34,7,11,22,0,6,11,29,35,61,99,67,166,572,632,1204,73,66,133,9,7,10,3,0,3,86,70,148,22125,20181,42311,3419,5456,8882,123,104,226,41118,39160,80277
CED107,11,12,23,179,104,282,12,4,20,0,0,0,72,95,169,26706,23463,50167,1950,1914,3859,778,20,797,208,32,246,141,37,179,193,102,291,1344,1210,2561,31597,26991,58588,5,0,8,0,0,0,0,0,0,6,11,15,0,0,0,3,3,8,11,12,25,0,0,0,0,0,0,21,5,24,11,12,24,0,8,8,29,27,54,299,159,459,341,201,543,0,6,3,9,7,9,17,3,22,29,11,35,4124,5231,9353,3252,4756,8011,260,242,502,39609,37425,77039
CED108,1056,1144,2194,249,413,662,0,0,3,4,0,3,89,100,179,21988,14463,36449,1347,2267,3616,533,15,549,177,22,197,86,12,97,250,189,438,249,325,576,26018,18946,44964,390,622,1014,0,0,0,6,9,13,242,131,369,39,107,142,29,20,43,710,884,1588,0,0,0,0,4,3,23,12,37,22,63,85,5,22,26,51,99,152,244,136,381,1004,1113,2121,170,231,398,8,14,26,11,5,13,184,256,440,10160,12014,22175,5890,5705,11594,276,207,485,43533,38241,81783
CED109,613,553,1165,77,131,209,0,0,4,0,0,0,33,31,66,17808,11883,29698,708,1129,1842,470,11,477,218,17,236,158,40,197,148,140,290,508,834,1340,20744,14777,35524,147,131,275,0,0,0,9,5,13,107,53,158,23,24,44,17,11,24,299,217,518,0,0,0,0,0,0,3,5,10,8,3,10,0,0,0,11,18,27,163,90,253,469,324,799,37,40,72,0,4,0,4,0,4,40,39,85,11530,15035,26561,4122,6100,10224,127,109,232,37035,36382,73421
CED110,13,3,19,116,134,249,4,0,10,0,0,0,38,67,100,22223,22054,44276,1593,1939,3538,657,11,671,330,50,380,287,88,378,165,87,250,940,1023,1958,26370,25463,51832,0,5,5,0,0,0,0,0,0,8,3,10,0,0,0,7,0,7,15,7,20,0,0,0,0,0,0,8,6,11,9,19,25,4,0,6,16,34,45,255,146,398,284,180,460,3,3,7,0,4,5,11,0,14,13,11,26,3702,4620,8317,2958,4704,7665,257,249,509,33586,35220,68809
CED111,392,229,626,225,348,570,5,0,6,3,5,3,39,43,73,19993,14042,34040,857,1194,2046,410,4,418,228,23,255,299,72,370,134,108,247,847,932,1774,23433,16990,40422,34,47,78,0,0,0,3,5,3,103,43,146,12,15,25,20,6,26,169,119,286,0,0,0,0,0,0,18,10,30,20,42,59,15,8,22,51,59,110,189,101,286,403,280,682,26,21,44,3,13,20,5,6,10,37,35,70,9619,12274,21891,4591,6880,11471,117,102,220,38205,36561,74762
CED112,215,111,330,167,228,392,0,0,5,0,0,0,4,15,22,20690,16010,36696,1215,1262,2478,590,11,598,193,16,216,89,19,115,123,93,222,326,408,740,23627,18181,41808,72,49,124,0,0,3,0,0,0,103,35,141,14,8,27,10,0,18,209,97,308,0,0,0,0,0,0,11,8,17,14,33,47,11,9,15,35,48,79,209,79,286,455,227,676,37,28,66,4,3,8,6,0,6,50,33,85,6588,9277,15869,4508,7028,11532,164,145,309,35391,34889,70283
CED113,18,24,44,256,243,497,4,5,9,0,3,9,44,31,76,28337,24049,52387,1685,2170,3854,862,25,884,369,43,415,188,61,255,323,171,495,1594,1601,3192,33683,28420,62104,12,0,15,0,0,0,0,0,0,33,33,65,9,8,13,4,4,3,61,44,103,0,0,0,0,8,6,30,39,67,28,46,69,4,11,14,58,99,156,372,201,579,490,344,833,10,6,12,3,18,22,23,5,25,30,29,62,4572,5665,10237,3700,5419,9120,303,233,534,42783,40103,82890
CED114,8,4,12,138,98,232,18,7,25,0,0,3,63,69,132,29249,25169,54415,2008,2259,4268,708,21,723,251,41,294,335,105,445,325,110,433,1586,1470,3057,34688,29356,64048,0,0,0,0,0,0,0,0,0,5,4,11,0,0,0,4,0,0,14,8,18,0,0,0,0,0,0,11,6,18,7,11,20,9,5,7,24,21,46,289,177,465,325,203,533,3,0,3,3,5,7,37,9,43,39,8,49,3599,4180,7771,2235,4311,6545,349,276,625,41236,38338,79567
CED115,611,673,1283,172,254,427,0,0,0,0,0,0,37,37,72,15931,10104,26036,790,1607,2395,438,8,446,88,8,100,77,17,88,166,127,295,450,682,1129,18754,13525,32280,239,244,483,0,0,0,5,5,8,119,85,204,28,55,84,12,13,29,404,411,812,0,0,0,0,0,0,11,17,27,10,32,43,5,4,17,26,56,82,190,145,330,616,603,1223,83,93,175,10,5,12,3,0,6,93,98,196,5755,7698,13449,4727,4251,8979,204,145,348,30151,26321,56472
CED116,36,20,53,47,64,109,6,0,10,0,5,5,19,37,52,21404,18826,40230,1299,1464,2765,719,21,736,231,26,251,234,82,315,172,84,252,827,872,1696,24981,21489,46469,4,4,11,0,0,0,0,0,0,18,9,21,0,4,5,4,0,9,22,18,41,0,0,0,0,0,0,9,14,20,6,17,22,0,0,5,22,31,51,243,91,333,286,132,420,3,3,4,0,6,3,12,6,16,13,12,23,4434,5834,10269,3186,4787,7969,240,212,446,33142,32471,65606
CED117,1357,1140,2493,659,770,1431,58,23,78,81,70,151,84,107,193,10038,6921,16956,457,799,1252,177,3,182,461,77,538,729,269,996,177,132,310,1311,1494,2802,15576,11809,27381,411,414,827,4,5,12,30,37,62,40,39,75,16,38,52,51,34,82,551,557,1113,9,18,32,23,33,55,12,17,26,9,27,40,28,21,50,89,111,203,142,87,228,787,755,1548,113,86,200,18,13,27,3,0,4,140,97,237,20773,24367,45142,3976,5545,9523,125,111,238,41376,42684,84060
CED118,1131,1255,2389,337,494,830,0,0,3,7,6,6,65,51,120,20011,13828,33839,830,1674,2508,467,0,467,208,9,218,96,16,109,259,150,413,282,383,664,23704,17872,41574,382,557,940,0,0,0,9,12,27,236,135,377,34,82,112,37,31,68,701,815,1510,0,0,0,0,0,6,37,30,68,18,62,83,8,15,27,65,108,178,218,135,350,984,1064,2045,193,224,414,7,21,27,5,5,9,206,245,452,18548,18836,37380,6839,6950,13790,208,169,378,50485,45136,95618
CED119,871,667,1532,38,56,97,3,10,13,0,0,3,20,20,42,17186,11783,28969,741,940,1687,490,6,496,157,11,173,145,25,164,173,132,307,602,520,1121,20430,14173,34602,120,105,226,3,0,8,14,17,27,173,107,275,28,32,66,30,6,38,367,271,637,0,0,0,0,0,0,6,7,12,0,8,7,4,3,12,9,20,36,118,79,197,499,368,868,49,43,94,0,6,5,4,0,3,58,46,106,12864,16040,28906,4765,6560,11331,109,76,187,38730,37265,75998
CED120,187,110,293,63,62,128,3,4,12,0,0,0,27,26,51,26219,19025,45248,1418,1397,2814,1386,35,1424,211,16,229,74,17,85,202,119,326,741,689,1427,30525,21509,52029,30,25,61,0,0,0,0,0,0,112,60,172,11,13,25,6,0,5,158,98,257,0,0,0,0,0,0,15,11,27,10,11,26,0,5,3,28,29,54,264,102,362,446,224,670,37,15,52,5,0,5,11,3,18,59,23,80,7302,11398,18702,4570,6896,11468,212,208,422,43116,40260,83372
CED121,73,47,113,80,100,181,16,11,23,0,6,6,17,15,35,26238,19970,46207,1297,1433,2730,759,23,777,260,39,297,90,20,116,205,121,331,873,564,1440,29907,22336,52249,16,19,38,0,0,0,0,0,0,18,9,23,11,6,13,4,5,9,46,29,77,0,0,0,0,0,0,7,6,12,10,23,33,4,3,7,19,35,53,241,115,351,312,178,485,15,18,27,4,4,4,9,3,13,29,23,48,4717,7387,12102,5021,7069,12090,199,146,343,40183,37129,77317
CED122,574,528,1104,1471,1954,3420,5,3,6,200,142,345,79,130,212,16555,10736,27289,862,1588,2451,429,3,442,791,138,927,599,231,828,230,166,396,1560,2126,3687,23352,17745,41106,387,447,834,0,3,3,58,42,96,48,19,65,10,21,26,24,5,32,529,528,1055,3,0,4,68,87,150,61,32,93,37,85,118,51,59,113,215,264,477,279,130,411,1019,923,1942,110,152,255,26,42,64,8,6,15,143,195,337,17285,20825,38111,4578,6628,11206,229,160,386,46615,46479,93090
CED123,744,555,1289,115,205,327,10,0,6,3,0,3,60,63,123,25022,16643,41668,1410,1628,3036,1145,13,1163,275,19,295,101,18,125,201,150,352,514,535,1046,29597,19830,49431,227,262,487,0,0,0,12,5,13,165,109,277,29,35,64,34,13,52,473,425,892,0,0,0,0,0,0,16,11,19,10,26,39,9,7,17,33,43,76,259,110,373,765,577,1345,95,90,194,7,11,17,12,4,12,116,107,219,9191,14065,23253,5609,7328,12941,202,155,353,45481,42062,87551
CED124,13,11,24,71,87,160,5,4,7,4,0,9,13,21,40,19558,18171,37729,1111,1353,2467,783,21,809,215,28,241,114,38,159,158,93,254,902,814,1714,22964,20646,43603,0,3,3,0,0,0,0,0,0,0,5,7,6,0,6,0,0,0,4,8,16,0,0,0,0,0,0,6,8,16,7,16,20,10,5,7,18,28,44,217,107,325,241,146,385,3,0,4,0,0,4,10,3,8,10,4,17,3811,4901,8717,2846,4425,7273,272,252,530,30141,30374,60520
CED125,992,864,1854,145,226,377,11,0,14,0,0,7,63,54,112,24341,16740,41078,1368,1901,3275,758,14,773,230,21,251,80,13,96,224,183,407,343,380,728,28567,20396,48964,258,323,586,0,0,0,3,7,11,273,174,440,45,76,122,29,19,47,610,595,1204,0,0,0,0,0,0,14,11,24,9,26,37,6,9,15,35,44,74,206,124,338,848,767,1613,119,145,265,4,10,16,8,3,11,136,151,289,10227,13648,23876,7125,7374,14489,238,162,398,47136,42499,89635
CED126,27,13,35,939,996,1939,14,4,16,0,0,0,33,31,64,16860,12137,28995,806,1031,1832,506,7,516,404,49,460,253,47,300,211,128,334,738,833,1571,20788,15278,36067,48,59,110,0,0,0,0,0,0,18,3,27,0,0,0,3,3,7,75,64,141,10,4,13,11,4,10,57,51,109,35,70,101,19,19,35,126,145,277,186,98,286,387,308,702,20,14,34,21,21,36,6,4,12,46,37,82,14578,16366,30945,3730,5997,9732,150,129,277,39685,38118,77801
CED127,404,250,649,20,37,59,4,6,10,3,0,0,12,36,45,18010,12924,30928,826,924,1755,1006,20,1022,183,25,200,111,30,136,127,118,248,606,517,1120,21306,14872,36183,51,47,99,0,0,0,0,0,0,88,55,136,20,21,41,32,12,38,191,130,320,0,0,0,0,0,0,7,7,14,7,6,17,3,10,6,14,22,37,218,74,295,426,227,651,22,23,49,0,0,7,7,4,12,28,30,61,9314,12585,21894,4331,6193,10529,155,117,271,35561,34027,69590
CED128,569,511,1081,148,197,340,8,0,5,0,0,3,54,46,97,16420,10732,27150,880,1365,2246,617,8,629,100,9,115,62,10,69,209,133,338,276,305,579,19350,13309,32659,230,257,487,0,0,0,0,5,9,115,66,182,23,41,60,21,12,30,382,382,768,0,0,0,0,0,0,7,13,17,12,26,38,7,5,10,25,42,71,151,94,248,558,523,1081,71,86,163,5,4,9,0,0,4,79,90,171,6993,9837,16833,5318,4689,10010,207,158,362,32502,28619,61120
CED129,478,389,869,554,574,1123,3,0,3,5,9,11,25,20,42,18136,13090,31222,757,1312,2070,385,4,388,150,6,163,97,16,111,222,141,360,311,378,689,21117,15938,37055,262,257,515,0,0,0,8,5,16,124,74,199,14,33,49,18,11,24,422,374,801,0,0,0,7,9,16,53,45,101,20,42,63,17,10,26,97,109,206,135,108,241,655,593,1252,98,94,193,13,6,23,4,0,4,112,103,217,21049,21875,42927,5010,6951,11956,142,114,256,48084,45582,93666
CED130,0,7,4,101,62,166,4,7,13,3,0,0,36,50,88,21634,19343,40973,1590,1755,3347,866,38,902,335,50,386,173,43,213,270,151,428,1235,1213,2450,26254,22714,48976,0,0,0,0,0,0,0,0,0,3,4,3,0,0,0,0,0,0,5,8,13,0,0,0,0,0,0,16,3,22,17,10,27,3,3,8,41,21,59,254,128,385,304,155,462,4,4,6,5,8,9,15,4,17,24,18,38,4963,5978,10945,3418,4878,8301,284,236,521,35249,33984,69235
CED131,101,44,144,340,468,811,15,24,40,38,26,61,56,67,119,23285,19080,42360,1033,1485,2518,305,7,319,350,77,429,558,247,808,160,109,272,992,1127,2123,27239,22759,50002,23,14,40,0,0,0,4,3,6,18,8,25,3,7,8,11,3,19,68,36,99,3,4,4,4,6,9,30,31,55,18,50,67,11,25,43,69,110,177,286,186,466,420,326,741,28,14,39,17,11,31,18,8,27,58,40,93,9055,11252,20306,5096,7894,12989,153,112,267,42018,42389,84404
CED132,953,964,1920,865,966,1829,39,24,70,3,0,4,54,63,120,10587,7306,17894,448,1039,1492,142,5,144,330,49,378,290,75,365,180,123,301,1742,1984,3726,15628,12599,28232,284,326,611,10,7,14,9,12,19,47,32,81,17,23,36,36,26,60,405,421,827,0,7,7,15,12,27,44,28,67,23,43,68,32,30,56,107,118,222,100,75,175,617,609,1228,60,54,118,13,10,26,6,5,6,77,65,147,25121,25638,50755,3451,5530,8978,96,119,213,44997,44561,89557
CED133,8,0,5,121,135,251,9,5,12,6,0,6,30,32,61,22710,21132,43842,1491,1718,3208,773,29,805,254,32,288,286,87,380,172,101,272,1139,1049,2186,27004,24309,51318,0,0,0,0,0,0,0,0,0,6,6,17,0,0,0,0,0,0,6,9,14,0,0,0,0,0,0,16,4,16,8,12,21,3,0,8,29,14,42,270,142,416,305,164,471,4,0,6,3,7,10,11,3,21,20,14,30,3866,5028,8892,3343,5103,8447,293,253,547,34838,34872,69710
CED134,3,0,8,373,141,519,7,3,11,0,0,4,46,65,113,23742,21070,44810,1867,1992,3861,882,31,910,256,53,302,180,51,230,308,156,467,1615,1549,3159,29287,25117,54402,0,4,4,0,0,0,0,0,0,0,0,5,0,0,0,0,0,3,5,12,16,0,0,0,0,0,0,50,15,66,8,12,19,7,0,10,61,27,90,291,137,434,358,179,533,8,0,11,5,4,11,37,5,41,48,7,63,3313,3928,7237,2506,3640,6146,311,279,589,35827,33147,68969
CED135,1991,2026,4014,554,777,1326,4,0,6,4,0,4,79,79,163,17592,10120,27716,717,1774,2489,350,0,352,278,34,313,173,49,221,249,180,434,937,1167,2105,22927,16212,39135,755,1035,1792,4,0,4,26,29,51,142,85,221,34,70,106,42,31,69,994,1251,2249,0,0,0,4,3,3,53,31,83,21,66,88,14,20,35,91,124,208,181,136,313,1267,1511,2769,213,253,471,11,19,26,8,3,6,231,271,496,18612,16729,35339,5821,5896,11719,336,163,497,49189,40779,89968
CED136,91,57,151,99,151,250,4,3,9,3,0,3,32,18,46,25605,20004,45617,1391,1406,2800,636,15,654,225,15,237,102,24,124,151,116,267,498,535,1030,28832,22348,51183,13,19,32,0,0,0,6,7,11,30,10,38,4,7,14,17,5,20,77,43,121,0,0,0,3,5,5,4,3,5,14,24,39,4,0,7,25,30,55,255,125,382,357,200,560,25,23,43,5,0,7,10,7,19,36,29,68,5072,7709,12782,5005,7523,12532,184,150,340,39490,37969,77461
CED137,2979,3024,5999,496,660,1159,77,54,127,6,4,15,73,73,145,18350,10785,29139,690,1704,2400,319,6,323,442,39,478,258,73,330,269,188,458,1004,1257,2265,24976,17871,42853,911,1255,2168,12,14,20,34,45,78,171,79,242,30,105,138,60,40,102,1217,1536,2754,6,13,21,6,7,14,27,20,38,21,50,66,14,15,32,72,105,171,196,113,311,1480,1755,3235,199,212,414,8,14,17,15,3,16,221,227,452,20725,22517,43243,5276,6953,12225,231,181,413,52910,49507,102421
CED138,11,3,20,122,124,250,0,3,3,0,0,0,22,18,43,21793,20420,42214,1121,1433,2562,617,22,641,299,33,331,541,314,853,190,129,314,1011,1089,2099,25727,23585,49316,0,0,3,0,0,0,0,0,0,19,11,28,3,0,8,4,0,4,29,16,41,0,0,0,0,0,0,7,7,10,13,24,33,3,4,15,28,39,62,237,146,384,288,196,486,6,0,5,7,8,8,8,7,9,22,10,30,5661,7531,13195,3699,5638,9343,275,236,511,35678,37200,72886
CED139,0,0,6,285,137,424,17,9,24,3,0,3,50,51,98,25705,23087,48792,2039,1864,3903,777,37,808,257,35,288,186,52,237,629,194,822,1907,1560,3470,31852,27024,58871,0,0,0,0,0,0,0,0,0,6,3,9,0,0,0,0,0,0,8,3,14,0,0,0,0,0,0,29,6,37,20,15,29,3,5,8,49,21,72,315,125,442,373,154,524,0,6,0,0,4,5,20,3,27,24,14,37,3617,4121,7738,2261,4026,6293,324,247,570,38444,35584,74032
CED140,477,294,771,162,239,403,21,0,22,0,4,4,25,29,50,16831,13293,30121,880,1120,1997,409,14,423,175,17,192,112,36,154,140,99,240,476,558,1034,19706,15691,35397,146,104,254,0,6,7,0,0,0,163,61,226,15,17,37,25,14,35,359,201,562,0,9,12,0,0,0,7,11,21,15,18,37,9,12,14,31,48,80,188,77,266,585,330,911,56,33,91,13,11,18,11,3,14,76,48,128,9606,11329,20934,4040,6272,10311,172,139,314,34181,33815,67993
CED141,37,29,65,132,197,334,0,0,4,0,0,0,23,18,41,20775,16847,37621,1070,1215,2287,510,10,526,222,21,246,132,33,163,105,93,193,319,359,681,23337,18823,42158,21,12,29,0,0,0,3,0,7,25,12,38,8,0,10,6,0,6,61,30,89,0,0,0,0,0,0,8,11,21,12,26,35,0,7,7,27,37,60,192,85,278,271,151,428,8,9,17,4,3,11,0,0,7,15,13,32,5987,8437,14423,4152,6435,10592,129,133,268,33899,34001,67897
CED142,2531,1928,4460,1676,1880,3556,24,6,34,284,272,558,216,205,421,10281,5625,15906,533,984,1519,120,4,124,838,142,981,1519,521,2035,994,420,1419,6325,5125,11452,25339,17121,42459,856,797,1653,11,9,19,60,50,115,54,29,82,25,30,56,126,46,173,1130,972,2101,10,0,7,80,74,155,34,18,48,20,46,66,64,67,122,205,202,406,242,115,353,1578,1284,2865,245,170,415,34,35,66,20,10,33,298,216,510,32828,29803,62627,6237,7233,13471,251,196,449,66535,55844,122384
CED143,27,25,53,1012,1070,2085,232,89,321,3,0,6,35,46,86,11616,8477,20095,516,917,1434,266,0,268,501,74,574,403,145,544,161,142,302,1027,1240,2261,15791,12229,28018,107,85,192,28,20,45,0,0,0,12,7,12,0,0,4,3,3,9,148,120,269,46,31,75,7,9,19,43,28,69,24,42,65,28,22,49,142,133,277,176,96,278,472,348,821,53,49,109,29,17,48,10,6,16,94,72,167,20373,21294,41671,3244,5420,8664,137,99,237,40115,39457,79576
CED144,1442,1264,2703,238,394,632,6,0,5,6,4,10,82,60,143,14782,8568,23357,693,1391,2086,360,4,363,266,30,294,117,31,149,241,142,384,504,691,1201,18733,12578,31314,445,640,1090,5,4,8,12,24,38,135,65,200,24,58,84,43,20,60,670,803,1474,0,0,0,0,7,11,13,12,31,3,34,41,10,13,21,35,64,103,183,87,269,891,959,1849,127,175,299,5,7,14,7,8,5,139,183,321,9625,11349,20972,6042,5448,11492,280,153,432,35711,30669,66382
CED145,731,520,1253,666,804,1478,105,41,141,12,10,19,105,82,190,9411,6028,15438,460,731,1191,187,3,194,626,133,754,510,191,699,192,161,356,1650,2012,3657,14652,10716,25367,494,434,926,7,8,19,6,4,10,30,14,41,9,9,24,30,21,47,570,492,1062,10,4,16,7,0,3,21,14,36,14,23,35,29,36,61,79,71,150,143,73,209,791,637,1427,114,51,171,9,4,7,15,0,14,135,60,196,20812,22834,43649,2953,4571,7529,175,160,338,39518,38981,78497
CED146,693,789,1486,181,259,434,4,0,0,0,0,0,47,38,86,19911,13754,33666,1103,1739,2846,586,9,592,121,9,131,63,6,65,226,160,384,242,241,486,23182,17003,40178,193,261,457,0,0,3,5,3,16,190,138,325,29,56,84,23,10,32,444,468,913,0,0,0,0,0,0,14,17,33,21,42,66,8,3,8,40,62,103,225,115,341,708,651,1360,113,136,251,9,10,16,9,3,6,127,147,276,9245,11875,21118,6478,5703,12185,225,176,406,39969,35556,75528
CED147,192,79,269,161,161,323,13,0,10,4,0,3,32,28,64,23880,18431,42312,1267,1414,2682,617,18,635,199,15,216,128,25,150,176,119,294,495,544,1041,27157,20839,47998,22,17,38,0,0,0,0,0,0,58,17,77,19,8,20,8,7,13,103,55,163,0,0,0,0,0,0,15,19,33,14,28,44,8,7,9,31,57,83,192,102,288,326,208,538,12,17,31,0,0,4,4,0,4,23,17,36,6217,8763,14981,4323,6591,10919,201,160,366,38251,36580,74832
CED197,0,0,0,0,0,0,0,0,0,0,0,0,0,0,0,3,0,5,0,0,0,22,0,22,0,0,0,0,0,0,0,0,0,0,0,0,29,0,30,0,0,0,0,0,0,0,0,0,0,0,0,0,0,0,0,0,0,0,0,0,0,0,0,0,0,0,0,0,0,0,0,0,0,0,0,0,0,0,0,0,0,0,0,0,0,0,0,0,0,0,0,0,0,0,0,0,0,0,0,0,0,0,0,0,0,33,3,35
CED201,514,360,874,230,261,491,6,7,11,0,10,11,62,55,114,25149,19214,44364,1194,1568,2758,348,9,354,144,10,149,175,37,211,158,111,272,272,313,587,28257,21952,50212,97,94,188,0,0,0,13,25,41,194,110,307,20,32,51,16,10,24,345,264,612,0,0,3,4,5,10,20,12,28,27,39,68,11,13,26,70,64,134,227,122,351,639,454,1087,61,86,146,13,6,17,14,7,20,85,92,176,9664,10909,20574,3180,5862,9045,127,106,236,41951,39377,81332
CED202,119,57,175,126,178,307,12,0,15,8,5,14,87,93,175,23219,19743,42959,1512,1649,3163,416,15,432,104,13,115,260,74,329,145,65,206,859,831,1688,26869,22716,49584,3,10,15,0,0,0,12,10,22,47,22,66,5,3,6,11,0,16,85,41,123,0,0,0,0,0,0,10,3,16,13,31,43,6,16,29,31,59,90,232,132,362,346,229,575,29,19,50,7,10,11,21,7,21,48,34,81,5443,6518,11959,2915,5198,8113,213,198,405,35830,34891,70721
CED203,108,80,185,157,203,363,14,3,16,4,4,9,37,43,80,22851,19797,42650,1457,1644,3100,451,11,460,145,20,164,315,143,457,123,72,190,903,870,1775,26561,22888,49450,4,12,17,0,0,0,8,0,8,24,8,33,8,7,18,27,3,30,75,37,111,0,0,0,0,0,0,11,7,19,23,36,56,8,12,17,43,56,96,195,124,321,312,211,523,8,19,27,4,3,13,11,4,18,31,28,54,4905,6390,11292,2965,5255,8218,218,175,400,34989,34947,69937
CED204,594,466,1056,323,405,728,5,11,12,0,4,8,105,106,210,29899,18528,48424,1556,2071,3632,607,14,615,122,18,137,101,11,112,269,149,422,226,291,516,33800,22068,55871,156,222,375,0,0,0,18,17,40,181,103,286,34,38,66,14,13,31,395,402,800,0,0,0,0,0,0,30,24,51,29,60,89,16,18,32,68,106,171,274,145,419,739,649,1391,108,140,253,11,11,25,12,5,14,136,153,291,6675,8290,14965,2942,4867,7810,229,164,389,44529,36188,80720
CED205,826,745,1569,198,248,452,11,6,19,4,8,7,181,73,253,28773,17265,46035,1485,1817,3299,686,8,690,97,0,101,78,11,89,280,134,415,187,243,427,32801,20559,53364,173,281,453,0,0,0,31,51,87,197,127,330,40,71,102,25,15,37,463,546,1007,0,0,0,5,0,4,23,11,34,28,41,66,9,18,29,63,66,132,308,168,477,833,783,1620,146,235,384,8,17,22,6,3,16,165,253,416,5462,7156,12624,2866,4315,7181,277,172,445,42408,33242,75648
CED206,320,240,553,135,119,258,15,9,25,0,0,0,32,25,55,25501,18897,44400,1365,1212,2580,718,14,734,144,17,163,108,15,123,151,86,231,522,470,996,29017,21103,50124,105,93,199,0,0,0,10,9,19,126,76,200,21,19,37,16,3,15,273,204,475,0,0,0,0,0,0,11,9,20,32,19,52,0,3,3,43,28,77,254,94,340,566,328,895,55,44,102,0,10,13,11,5,10,66,61,126,7821,10323,18144,3594,6832,10427,169,121,294,41238,38766,80000
CED207,1142,908,2047,382,581,966,8,0,9,121,135,256,80,105,184,21502,15991,37493,1022,1767,2780,210,3,218,149,16,171,233,67,302,246,145,389,720,817,1535,25813,20544,46360,253,273,530,0,0,0,84,97,184,220,131,354,25,44,76,36,20,61,629,574,1200,0,0,0,38,53,91,30,24,51,24,75,95,14,14,34,107,166,268,241,192,430,976,926,1902,196,218,408,18,35,52,11,9,18,225,267,490,14630,14129,28757,3658,5705,9365,198,130,331,45500,41700,87202
CED208,1155,1135,2288,252,384,634,9,4,6,466,665,1133,82,110,195,17463,12562,30028,708,1160,1861,251,9,253,251,35,290,1239,749,1984,182,131,314,606,780,1385,22659,17717,40378,171,191,362,0,0,0,135,161,300,96,81,178,25,45,64,63,56,126,491,543,1026,0,0,0,81,118,191,8,11,17,9,29,37,18,12,31,113,162,272,260,207,468,865,910,1775,174,183,356,20,20,38,27,17,44,223,216,435,13486,16367,29845,3720,6031,9750,165,127,289,41111,41359,82472
CED209,150,81,223,141,213,356,21,0,22,13,6,19,37,42,76,23326,19370,42696,1182,1342,2526,385,8,389,85,12,102,220,88,307,123,77,206,478,521,1004,26155,21758,47908,7,13,22,0,0,0,9,4,18,75,37,107,5,3,12,14,4,14,111,61,168,0,0,0,0,0,0,10,17,28,6,31,39,9,7,11,26,56,80,206,117,328,343,231,574,38,19,59,7,10,15,13,3,15,57,31,90,6988,8781,15760,3223,5883,9106,172,154,325,36931,36838,73771
CED210,314,199,513,248,441,693,14,4,18,6,0,5,121,107,229,24426,19592,44018,1492,1751,3244,298,9,308,162,26,185,453,155,602,147,91,238,807,1009,1814,28488,23381,51868,24,40,65,0,0,0,14,14,31,92,52,136,4,9,17,32,5,35,167,124,287,0,0,0,0,0,0,20,13,28,30,37,63,17,25,38,65,67,135,249,143,396,477,340,814,34,47,78,13,14,32,15,9,19,60,68,126,6197,7863,14062,3023,5474,8496,198,166,363,38448,37287,75733
CED211,847,683,1524,209,246,453,12,4,18,13,18,30,57,50,102,22197,17357,39558,1067,1425,2495,317,8,327,114,13,127,213,35,245,138,92,233,420,476,893,25606,20395,46004,207,198,408,0,0,0,36,39,71,186,119,304,24,39,56,23,14,40,482,400,882,0,0,0,4,7,8,12,8,16,19,36,50,8,3,16,42,53,100,202,130,331,729,586,1313,101,130,238,13,5,15,4,4,8,118,145,264,12325,13066,25393,3560,6493,10057,156,142,293,42490,40833,83321
CED212,319,187,509,200,237,434,21,12,29,0,3,6,66,49,115,25124,18772,43897,1371,1362,2731,438,12,451,157,14,174,159,50,209,154,110,261,389,427,810,28403,21224,49627,80,72,147,0,0,0,6,3,11,109,52,164,12,14,23,26,9,33,231,146,382,0,0,0,0,0,0,13,3,22,19,44,66,11,14,25,43,60,108,221,112,336,499,320,821,53,44,99,8,10,21,9,0,13,76,58,132,7022,9740,16762,3272,6297,9567,132,136,267,39402,37780,77177
CED213,59,34,95,124,120,243,13,9,18,0,4,9,18,5,21,20813,16236,37049,1102,1093,2202,482,19,495,85,0,86,173,53,227,197,105,300,1095,649,1746,24159,18328,42487,13,14,24,0,0,0,0,0,0,66,24,85,8,3,15,6,0,6,89,38,130,0,0,0,0,0,0,4,11,19,12,22,33,5,0,8,23,39,62,184,71,262,300,151,454,12,9,18,0,3,9,15,3,18,28,16,43,6406,8427,14834,3319,5949,9270,237,256,493,34452,33127,67577
CED214,1558,1622,3179,371,514,883,8,4,13,57,116,176,177,140,312,23686,14146,37830,1165,2020,3184,324,9,332,242,33,275,496,206,696,217,130,346,557,689,1238,28847,19621,48470,325,489,813,0,0,0,167,223,387,189,155,343,36,89,125,81,45,127,796,1005,1799,0,0,0,16,44,61,21,23,44,25,52,77,10,18,30,76,136,216,321,211,532,1191,1357,2546,269,372,646,12,17,29,14,6,17,291,400,689,10081,11775,21858,3490,5082,8574,255,170,428,44162,38407,82569
CED215,1136,1171,2311,136,219,356,8,4,15,11,12,20,110,124,234,25437,16035,41468,1245,1824,3071,338,10,346,203,24,229,345,121,467,272,151,419,377,512,889,29613,20207,49824,199,326,522,0,0,0,65,93,156,258,176,437,40,99,144,61,29,89,622,733,1349,0,0,0,7,3,15,17,10,32,15,39,54,0,11,16,40,65,110,299,152,453,961,955,1912,207,302,507,7,11,14,8,5,16,220,324,539,14286,15895,30180,3568,5718,9287,227,158,386,48878,43257,92138
CED216,28,17,41,88,114,206,7,6,10,4,7,8,26,35,60,22222,19362,41585,1487,1489,2976,426,9,436,158,21,177,250,90,336,223,124,347,1083,957,2046,26010,22219,48235,12,3,19,0,0,0,0,0,0,10,4,17,12,3,14,6,3,9,41,17,52,0,0,0,0,0,0,12,8,17,9,18,26,0,3,7,17,33,51,271,147,414,329,198,523,12,5,20,10,3,13,9,8,15,35,19,52,3237,4607,7848,2702,4458,7162,297,262,561,32607,31761,64368
CED217,1144,921,2065,108,153,262,10,0,9,58,81,135,57,44,106,15516,12475,27987,616,1047,1662,133,3,133,177,13,186,470,147,616,141,112,254,615,852,1469,19045,15849,34886,120,95,216,0,0,0,86,120,206,110,78,187,21,40,57,46,16,61,381,344,728,0,0,0,6,8,13,3,5,11,3,10,15,11,6,18,20,34,57,133,118,260,536,495,1038,77,82,156,0,8,8,7,10,10,92,92,177,16332,16649,32982,3339,5445,8790,145,136,276,39487,38654,78144
CED218,743,767,1516,104,186,293,4,0,9,3,5,7,102,77,178,28239,18469,46706,1450,2081,3535,520,7,528,93,3,97,69,20,86,270,139,409,143,219,359,31739,21983,53725,135,239,373,0,0,0,28,56,79,256,202,456,31,88,121,14,16,30,454,607,1051,0,0,0,0,6,5,20,22,40,25,39,67,0,0,0,45,66,114,284,165,448,785,830,1617,140,235,374,5,11,19,5,0,9,159,252,403,7373,9678,17048,3488,5547,9034,206,137,339,43749,38433,82174
CED219,676,586,1258,65,128,198,14,7,19,0,5,5,55,41,95,26795,18068,44863,1573,1580,3154,643,19,665,102,5,113,53,27,79,185,113,297,291,350,641,30444,20938,51380,72,104,178,0,0,0,25,34,57,161,126,286,27,36,63,28,9,33,313,312,623,0,0,0,0,0,0,18,10,27,18,28,49,6,9,14,43,46,89,268,140,407,624,499,1120,98,114,215,3,5,8,4,3,11,107,130,238,5681,8558,14236,3365,5579,8947,194,144,336,40415,35845,76262
CED220,1838,1663,3499,116,190,307,13,0,9,557,781,1343,97,107,202,15248,11648,26891,522,1045,1567,88,4,97,215,28,243,772,281,1049,204,128,327,1369,1828,3197,21033,17705,38734,187,185,372,0,0,0,259,317,579,115,77,183,25,35,60,76,44,119,664,656,1320,0,0,0,16,28,47,8,5,13,13,18,26,5,12,12,45,57,101,158,164,325,867,877,1747,161,159,317,5,9,15,16,8,19,180,174,355,18488,19333,37820,3357,5583,8935,164,125,293,44080,43802,87888
CED221,696,575,1270,196,287,489,6,3,9,0,4,4,141,118,256,33440,21986,55429,1771,2253,4030,781,15,793,169,6,177,79,12,97,309,150,460,199,304,503,37792,25723,63517,177,269,449,0,0,0,16,24,38,223,116,336,21,65,89,17,15,33,460,491,946,0,0,0,0,0,0,21,18,34,29,56,91,6,15,14,58,92,144,334,219,555,849,798,1650,153,190,343,13,14,31,15,5,19,179,213,387,5641,7827,13469,3014,5521,8535,257,159,410,47738,40232,87972
CED222,1248,1279,2532,451,719,1167,7,3,13,7,7,18,201,166,362,28912,18705,47618,1648,2824,4466,395,11,408,166,14,184,316,87,398,312,189,500,580,806,1386,34245,24803,59052,366,541,904,0,0,0,72,100,173,248,146,396,24,77,104,40,24,66,760,883,1647,0,0,0,5,9,11,26,22,48,34,106,143,18,33,50,84,165,250,336,216,550,1174,1266,2443,230,308,544,11,32,43,11,9,16,258,347,601,10400,11080,21480,3429,5275,8704,264,178,443,49774,42948,92720
CED223,16,6,21,134,127,264,13,5,21,8,6,11,41,37,86,24296,21109,45400,1515,1526,3042,534,18,557,203,29,231,378,171,551,366,196,554,2144,1925,4070,29659,25163,54822,0,0,7,0,0,0,0,3,4,12,6,19,0,4,3,0,0,4,15,12,30,0,0,0,0,0,0,11,4,20,0,16,19,3,10,16,24,32,56,256,133,388,295,177,472,3,5,8,3,5,4,17,7,24,27,9,33,4654,5831,10489,3200,5379,8580,315,285,604,38147,36847,74992
CED224,779,639,1422,157,243,395,18,4,17,0,3,5,78,53,133,23089,17437,40533,1028,1449,2477,340,9,343,157,16,171,299,75,378,170,105,275,496,621,1120,26609,20658,47263,143,153,299,0,0,0,30,43,74,146,86,228,20,32,49,32,10,47,366,328,698,0,0,0,0,0,0,10,5,18,14,17,43,4,12,17,31,41,71,208,114,321,603,487,1091,79,100,181,6,5,9,7,0,7,91,106,198,11058,13045,24100,3189,5762,8956,170,116,281,41721,40172,81888
CED225,968,731,1698,220,261,479,15,8,16,28,27,53,58,51,109,19757,15262,35023,819,1168,1984,271,3,274,147,11,162,317,94,408,184,123,306,752,835,1581,23532,18563,42102,106,108,211,0,0,0,46,73,115,154,108,267,22,39,55,46,19,70,370,345,716,0,0,0,17,17,38,15,15,26,15,30,49,8,12,28,58,78,137,173,125,296,601,552,1151,80,84,168,12,9,14,4,0,7,99,91,193,13096,14149,27247,3552,6350,9903,140,100,240,41018,39814,80830
CED226,957,886,1838,193,244,440,12,11,17,482,614,1093,59,51,107,16045,13004,29049,647,1313,1962,103,0,101,160,19,173,548,173,722,145,126,262,920,1112,2037,20256,17546,37806,72,72,153,0,0,0,166,166,331,70,63,133,13,34,47,36,23,61,364,356,722,0,0,0,46,63,111,13,25,34,11,13,25,15,4,13,86,102,195,219,199,417,670,663,1331,95,119,218,13,17,27,11,12,22,118,151,267,17272,17418,34691,3592,5714,9308,134,127,260,42045,41617,83665
CED227,593,534,1127,57,87,139,14,4,15,0,3,4,65,67,135,29221,20555,49772,1460,1670,3125,681,18,699,159,11,166,74,26,97,228,114,340,342,373,716,32899,23453,56346,123,168,288,0,0,0,24,20,43,180,85,269,22,35,58,40,19,61,386,326,717,4,0,4,0,0,0,10,4,13,7,30,38,4,3,12,27,36,65,296,155,450,713,516,1229,84,126,210,5,6,16,4,0,9,97,134,233,7241,9670,16908,3088,5939,9031,214,169,378,44248,39873,84125
CED228,1215,1413,2630,154,335,491,15,0,14,4,6,14,164,160,319,30309,18373,48678,1720,2300,4027,594,10,605,168,17,189,147,27,176,339,156,494,259,396,652,35093,23190,58280,271,431,710,0,0,0,42,95,138,365,193,556,41,100,137,51,29,85,774,852,1628,0,0,0,0,0,0,25,17,46,23,44,70,7,14,24,63,79,137,373,183,560,1209,1114,2318,294,489,786,11,10,22,17,3,24,322,510,830,10162,10912,21077,3895,5834,9733,280,177,452,50958,41728,92694
CED229,1000,931,1934,194,252,444,11,8,21,2006,2414,4417,152,201,351,15814,10556,26367,644,1082,1726,98,4,99,437,67,505,1258,598,1854,267,215,487,2854,2931,5784,24731,19254,43985,125,102,234,0,0,0,289,334,622,36,34,68,11,24,38,86,47,136,543,550,1096,0,0,0,60,91,154,7,11,18,5,10,8,8,12,17,86,118,209,354,313,672,987,979,1968,212,221,437,10,17,24,54,38,95,277,279,552,20043,22275,42316,3961,6060,10020,187,182,362,50180,49034,99209
CED230,14,8,20,181,75,256,18,0,19,0,0,0,52,50,97,25939,21435,47370,1935,2251,4185,523,22,545,169,49,211,330,121,452,333,127,459,1929,1753,3688,31420,25882,57300,0,0,5,0,0,0,0,0,0,3,0,10,0,0,0,0,0,0,5,3,13,0,0,0,0,0,0,13,4,19,8,15,25,4,0,5,27,22,50,296,131,429,331,163,493,4,0,3,3,4,4,30,8,35,30,14,48,3672,4327,7996,2238,4096,6329,407,337,745,38093,34817,72910
CED231,971,920,1893,158,186,341,10,3,13,345,588,937,93,86,180,19303,13488,32791,873,1319,2189,237,7,248,183,19,202,643,242,881,196,133,331,603,750,1356,23621,17754,41369,139,153,289,0,0,0,188,214,400,116,85,196,22,40,63,46,29,71,501,520,1024,0,0,0,39,43,81,16,14,28,15,21,35,5,8,9,71,92,160,227,167,405,805,777,1588,152,130,280,7,12,16,24,8,29,182,149,325,12110,14556,26665,3491,5895,9389,145,135,280,40346,39264,79615
CED232,553,455,1012,44,79,123,10,0,9,0,0,3,43,19,66,26136,18676,44808,1231,1314,2550,679,18,695,75,4,79,67,21,88,147,100,252,359,454,812,29348,21149,50501,80,102,183,0,0,0,11,18,29,207,110,316,19,23,41,24,9,35,345,264,603,0,0,0,0,0,0,8,9,24,0,18,20,0,5,5,12,39,49,239,91,333,593,389,989,97,89,189,0,0,0,10,0,14,104,93,199,7773,10261,18035,3244,6160,9403,199,160,357,41270,38213,79482
CED233,1770,1923,3691,372,432,807,8,11,16,3877,4643,8529,186,238,425,12493,8298,20795,475,941,1419,82,0,84,539,120,661,2459,1374,3831,331,246,577,5970,6177,12146,28577,24400,52974,339,328,661,0,0,0,520,623,1140,71,48,115,25,50,84,132,76,213,1082,1125,2212,0,0,0,118,118,236,16,7,26,9,21,26,13,19,34,157,164,316,517,459,984,1753,1751,3507,351,370,718,25,13,37,56,45,101,430,422,855,24922,25139,50061,5587,8359,13940,245,199,447,61507,60278,121778
CED234,436,400,839,757,925,1683,11,5,12,21,28,56,56,49,105,21150,15833,36989,917,1798,2711,300,0,303,117,7,124,132,27,156,190,137,323,464,672,1137,24554,19877,44439,207,148,358,0,0,0,25,43,62,99,57,154,17,23,37,15,7,25,362,279,636,0,0,0,63,53,114,78,66,144,34,62,93,18,22,38,187,202,385,167,139,314,721,616,1339,131,107,238,25,34,52,4,9,7,153,142,297,13529,13684,27214,3465,5742,9205,165,136,301,42593,40200,82794
CED235,117,61,173,64,58,122,9,3,14,0,6,8,19,17,41,21039,17450,38480,1191,1323,2517,465,14,478,138,20,160,158,58,219,146,89,235,980,868,1849,24333,19956,44293,13,18,31,0,0,0,0,0,0,26,16,42,16,3,21,6,0,10,67,39,105,0,0,0,0,0,0,5,3,16,7,7,17,0,0,0,21,18,35,203,88,295,288,144,431,18,10,29,5,3,5,10,0,10,31,11,49,4527,5934,10461,2664,4780,7441,297,265,565,32151,31092,63235
CED236,40,17,61,58,58,115,4,3,13,6,5,12,36,50,88,25307,21206,46511,1733,1870,3603,542,17,558,236,39,274,371,121,493,222,104,326,1581,1307,2886,30135,24796,54935,8,5,8,0,0,0,0,3,3,17,5,24,6,0,6,4,0,3,33,16,46,0,0,0,0,0,0,5,10,13,6,14,14,7,0,5,22,23,41,276,141,420,329,177,506,0,3,10,4,0,5,13,3,18,25,11,34,3506,4352,7856,2334,4351,6683,329,281,612,36661,33963,70626
CED237,846,890,1735,226,353,575,10,0,9,27,44,71,124,82,209,27520,18236,45752,1332,1769,3097,516,7,517,113,10,123,98,17,121,258,141,398,177,283,461,31237,21836,53063,219,305,519,0,0,0,32,56,89,210,137,342,13,51,60,22,27,45,492,569,1059,0,0,0,9,33,44,14,17,36,22,51,76,12,6,16,63,108,170,231,144,375,786,823,1608,143,177,323,14,21,30,13,9,23,171,208,378,6399,8000,14401,2985,5109,8095,238,158,398,41821,36122,77938
CED238,22,13,43,71,73,151,11,5,14,9,5,9,60,45,104,23964,20642,44602,1589,1710,3299,508,21,528,222,59,279,307,96,404,291,134,424,1951,1605,3560,29001,24403,53407,3,3,4,0,0,0,0,0,0,9,9,16,3,0,3,0,0,0,18,13,28,0,0,0,0,0,0,14,5,17,3,15,22,0,0,0,19,23,43,244,115,359,277,150,426,0,4,6,0,4,6,27,4,33,32,9,44,5028,5561,10588,2780,4744,7524,338,298,641,37460,35169,72622
CED239,1276,1226,2501,159,223,383,7,3,11,890,1213,2107,145,138,283,17818,11828,29643,771,1149,1916,222,8,232,264,32,295,1454,889,2350,190,146,337,707,879,1584,23904,17742,41647,204,213,408,0,0,0,226,234,464,109,60,170,14,64,74,65,45,112,618,617,1239,0,0,0,96,126,221,25,12,36,10,28,36,8,10,18,141,179,315,297,222,516,1047,1017,2067,190,202,391,24,30,48,21,23,44,227,250,482,13720,16314,30033,3914,6121,10033,212,128,337,43030,41573,84604
CED297,0,0,0,0,0,0,4,0,5,0,0,0,0,0,0,22,7,30,0,0,0,14,0,14,0,0,0,0,0,0,92,7,98,13,6,17,139,18,155,0,0,0,0,0,0,0,0,0,0,0,0,0,0,0,0,0,0,0,0,0,0,0,0,0,0,0,0,0,0,0,0,0,0,0,0,0,0,0,11,0,11,11,0,11,0,0,0,0,0,0,0,0,0,0,0,0,0,0,0,0,0,0,0,0,0,148,22,170
CED301,497,616,1119,136,155,288,5,4,8,0,0,0,80,86,166,29615,25226,54838,1822,2223,4048,837,23,852,537,43,582,126,39,173,250,116,365,472,534,1006,34382,29064,63453,75,116,189,0,0,0,0,0,0,200,247,445,39,61,98,48,18,64,356,445,794,0,0,0,0,0,0,20,18,44,14,26,39,8,12,16,46,52,93,338,188,525,732,688,1418,61,78,141,8,10,19,16,14,28,88,95,179,4086,5681,9769,3623,5534,9154,257,192,448,43167,41258,84422
CED302,619,650,1275,1220,1594,2815,19,23,44,3,3,6,95,72,170,24933,20952,45894,1292,1899,3196,406,14,414,441,46,486,336,74,409,224,99,318,533,584,1119,30129,26015,56140,69,93,161,0,3,3,0,0,0,131,154,284,20,22,45,29,9,41,247,292,539,4,3,11,0,0,0,125,146,276,41,93,135,33,17,45,201,260,465,281,165,450,735,716,1452,57,51,106,21,22,48,7,4,16,87,83,167,7712,8714,16425,3190,5477,8666,169,143,308,42008,41150,83160
CED303,385,388,778,239,379,620,58,43,99,0,6,7,53,45,98,25216,21922,47142,1243,1515,2759,666,9,673,403,29,434,137,57,196,224,107,329,344,441,789,28975,24952,53926,31,47,75,0,0,0,0,0,4,124,133,257,17,27,44,23,5,31,194,210,407,12,36,48,0,0,0,46,92,139,10,49,60,9,7,18,84,180,268,590,409,998,862,806,1672,26,39,63,17,41,62,45,26,65,86,105,193,4968,6725,11690,3375,5202,8571,131,138,276,38401,37927,76324
CED304,1796,1699,3498,2673,3620,6291,98,113,207,0,4,11,428,487,912,23085,18649,41732,1247,2397,3645,156,7,165,951,190,1145,1424,488,1907,576,277,853,4795,4564,9362,37235,32496,69733,294,379,672,3,0,4,4,0,3,107,99,205,29,57,84,72,34,106,505,576,1079,21,25,43,0,0,4,54,59,118,46,123,171,83,102,185,205,319,522,345,220,564,1055,1107,2162,111,145,252,38,44,82,18,14,26,162,205,364,13532,13892,27421,4773,7277,12051,215,178,388,56967,55157,112122
CED305,10,3,15,1110,338,1451,23,7,34,0,0,0,69,110,187,27350,24100,51447,2374,2201,4572,626,25,649,305,35,346,226,69,294,454,195,647,1218,1132,2347,33774,28212,61991,0,0,0,0,0,0,0,0,0,11,3,16,0,0,0,5,0,5,16,3,25,0,0,0,0,0,0,121,26,147,24,12,35,28,13,44,174,55,223,399,188,579,580,244,827,11,3,13,39,6,45,32,4,42,80,21,98,1810,2785,4597,4574,4636,9209,256,208,465,41086,36103,77191
CED306,5,0,7,614,353,969,83,44,128,0,0,0,92,107,200,27864,25635,53497,1985,2375,4359,657,24,680,423,55,477,425,142,573,449,271,721,1296,1389,2686,33895,30396,64296,0,0,3,0,0,0,0,0,0,5,3,8,0,0,0,3,0,3,11,5,20,0,0,3,0,0,0,54,12,57,14,27,40,10,9,21,75,52,127,398,218,616,490,268,755,3,4,9,16,13,32,29,8,39,51,26,79,1754,2798,4560,4318,4834,9152,250,208,459,40761,38528,79293
CED307,1044,1101,2142,189,230,416,10,0,11,4,0,4,68,53,125,25077,21652,46722,1224,1667,2895,651,7,663,624,51,677,183,44,227,191,106,299,284,327,608,29546,25248,54793,112,117,229,0,0,0,0,0,0,378,346,721,62,77,136,81,19,105,632,560,1189,0,0,0,0,0,0,29,38,68,12,31,38,11,11,22,51,76,125,231,119,356,916,757,1666,53,81,137,3,5,4,18,9,17,67,92,165,6671,7942,14605,3559,5765,9321,109,126,231,40865,39927,80789
CED308,313,298,612,135,262,399,6,10,14,115,189,308,66,72,139,31679,27438,59118,1659,2208,3873,602,14,616,446,57,500,223,90,308,316,145,461,447,511,957,36014,31299,67308,73,90,163,0,0,0,12,24,36,107,108,218,16,32,48,26,5,34,238,257,492,0,0,0,30,66,93,8,13,20,20,32,55,3,13,11,68,117,184,375,314,690,679,689,1370,94,109,201,19,28,47,16,15,29,130,147,273,5279,7032,12309,3658,5937,9598,184,219,404,45944,45319,91263
CED309,44,22,69,225,273,499,14,3,16,0,0,3,37,58,87,25636,24102,49735,1283,1660,2945,595,9,609,343,33,373,339,120,458,326,119,446,678,777,1453,29516,27184,56696,9,6,15,0,0,0,0,0,0,41,29,67,4,0,8,3,0,3,52,37,85,0,0,0,0,0,0,11,11,24,18,35,52,15,10,23,49,57,100,225,140,371,327,237,564,5,5,11,19,16,30,15,3,16,37,22,63,5288,6971,12258,3694,5687,9386,204,187,392,39070,40282,79359
CED310,122,100,223,303,282,584,8,4,13,3,0,3,46,42,90,25518,24260,49775,1335,1799,3135,595,17,611,321,36,356,460,259,717,284,116,402,702,885,1580,29693,27806,57496,12,18,31,0,0,0,0,0,0,70,43,105,12,3,13,9,0,9,95,65,160,0,0,0,0,0,0,14,18,30,21,39,59,7,7,12,40,62,102,300,133,433,437,261,695,12,14,25,14,6,20,15,5,22,42,30,69,4825,6457,11280,3869,6056,9924,202,186,393,39065,40796,79859
CED311,9,5,15,929,219,1151,68,6,81,7,0,5,44,52,100,25147,21498,46646,2076,2012,4095,668,23,691,389,32,423,223,78,308,390,159,550,1363,1338,2702,31317,25442,56757,0,0,4,0,0,0,0,0,0,6,8,15,0,0,0,6,0,6,12,14,25,187,13,204,0,0,0,122,26,148,8,10,20,10,3,13,333,54,385,549,227,773,894,293,1184,4,0,6,185,22,207,38,10,49,227,38,264,2706,3282,5989,4178,4079,8260,328,238,566,39651,33366,73017
CED312,340,432,774,236,398,630,11,3,9,9,18,32,87,82,175,32716,26557,59270,1879,2108,3990,1107,32,1136,489,42,532,92,18,113,236,123,354,307,360,668,37512,30177,67690,39,90,136,0,0,0,9,11,28,98,106,208,27,36,61,39,22,61,213,275,488,0,0,0,0,3,3,71,85,154,14,47,64,11,6,20,99,148,242,396,234,632,706,659,1361,54,89,140,7,16,25,9,8,17,70,106,180,3810,6158,9965,3202,5526,8726,214,187,401,45517,42803,88320
CED313,777,809,1589,2677,3779,6458,453,441,894,0,0,0,254,310,568,23769,20277,44048,1197,2231,3431,247,4,253,826,149,973,1502,559,2055,460,241,706,2155,2488,4648,34325,31293,65618,161,194,348,3,0,3,0,0,0,84,86,171,25,36,61,42,34,73,318,352,666,61,110,172,0,0,0,68,97,171,51,122,175,89,80,174,275,407,684,405,252,657,994,1009,2005,97,75,175,56,71,127,21,13,31,171,168,336,11663,12629,24302,4158,7084,11239,169,166,333,51483,52352,103835
CED314,6,4,11,76,103,172,7,3,6,0,0,4,147,181,334,26837,24963,51797,1789,2386,4167,602,11,612,351,32,378,334,85,421,220,104,330,1095,810,1905,31454,28687,60146,3,0,5,0,0,0,0,0,0,9,4,13,0,0,0,0,0,4,13,8,20,0,0,0,0,0,0,22,8,33,7,19,26,14,15,29,40,43,82,297,176,480,352,233,586,0,0,3,3,11,17,17,9,24,26,23,46,2575,3394,5966,2687,4497,7184,161,160,324,37258,36993,74247
CED315,10,4,8,300,292,592,23,18,40,0,0,0,111,121,229,27703,27751,55460,1747,2536,4282,448,11,463,688,81,769,572,207,781,383,156,537,966,897,1863,32957,32077,65038,0,0,0,0,0,0,0,0,0,4,6,13,5,0,5,0,0,0,6,8,15,3,9,8,0,0,0,27,13,35,14,41,53,16,25,38,56,77,137,435,300,733,497,385,881,0,4,0,22,18,38,36,25,60,60,42,108,1616,2423,4037,3635,4921,8552,176,137,313,38942,39988,78929
CED316,6,3,12,142,104,240,15,8,21,3,0,6,41,60,104,19981,20476,40461,1552,2027,3576,488,10,504,335,33,368,254,108,359,197,85,286,592,640,1233,23610,23565,47176,0,0,4,0,0,0,0,0,0,8,3,11,0,0,0,0,0,0,8,3,12,3,0,3,0,0,0,22,6,29,7,13,21,6,4,7,33,25,55,225,143,374,274,173,442,0,0,0,7,0,13,11,5,11,18,10,25,1536,2196,3730,2627,3701,6330,197,190,384,28260,29836,58090
CED317,9,3,5,1001,373,1375,19,0,16,4,0,4,58,86,144,24291,22348,46643,2369,2411,4782,784,38,823,390,65,456,309,103,410,781,279,1063,2237,1915,4157,32250,27625,59873,0,0,0,0,0,0,0,0,0,8,4,10,0,0,0,0,0,0,11,4,12,0,0,0,0,0,0,64,22,83,31,32,62,66,15,82,166,61,229,366,163,528,540,229,765,3,4,6,76,18,91,33,10,41,105,25,134,2995,3842,6842,4416,4949,9364,469,338,803,40771,37008,77781
CED318,9,5,13,398,419,824,62,51,111,3,0,3,113,124,232,23500,21721,45225,1775,2616,4391,415,12,423,425,78,505,742,368,1108,723,286,1008,1921,2232,4149,30085,27915,57999,0,0,0,0,0,0,0,0,0,7,8,16,0,0,0,0,0,7,13,10,20,23,12,42,0,0,0,14,11,26,30,65,94,29,11,40,96,101,193,402,274,680,511,378,896,4,5,7,45,38,85,36,17,48,87,59,141,4112,5534,9642,6242,7907,14149,357,300,658,41388,42098,83482
CED319,1508,1723,3232,831,1223,2051,5,5,8,3,0,3,159,163,318,23977,20070,44044,1125,1993,3115,391,8,393,591,68,661,521,113,630,252,119,367,712,814,1524,30071,26290,56357,206,238,441,0,0,0,0,0,0,305,316,627,53,73,128,56,26,82,614,658,1271,0,0,3,0,0,0,45,97,138,22,68,92,22,21,41,86,190,277,261,153,414,960,999,1964,57,114,169,15,12,27,12,7,18,82,132,213,7667,8754,16422,3729,6043,9771,154,111,267,42668,42332,84995
CED320,731,751,1484,89,109,202,7,6,7,0,0,0,45,70,109,26170,23416,49589,1748,2224,3971,1064,28,1090,497,42,535,130,57,185,240,113,350,440,489,930,31157,27302,58459,86,89,176,0,0,0,0,0,0,204,234,433,37,50,88,56,25,81,382,395,777,0,0,0,0,0,0,16,13,25,13,20,30,3,11,11,30,36,67,332,165,494,744,596,1346,74,70,142,11,6,17,8,9,18,92,79,176,3782,5471,9252,3663,5498,9161,189,174,362,39631,39119,78752
CED321,3,9,12,329,129,457,15,0,15,0,0,0,46,46,86,22256,19907,42162,1902,1807,3706,946,43,985,298,44,347,256,103,359,499,227,728,2251,2034,4285,28803,24344,53142,0,0,3,0,0,0,0,0,0,3,8,14,0,0,0,3,0,4,12,15,24,0,0,0,0,0,0,26,6,32,11,5,20,15,4,18,53,14,68,324,136,456,388,164,551,3,6,6,12,3,13,45,14,53,59,18,74,3947,4023,7967,2472,3505,5975,380,285,660,36040,32335,68370
CED322,212,124,337,224,332,558,22,14,32,9,7,15,74,79,151,26060,25096,51157,1169,1659,2831,415,9,419,363,48,411,523,240,760,241,115,351,614,793,1408,29914,28513,58427,40,25,65,0,0,0,7,10,12,66,50,116,10,8,16,14,7,20,138,88,225,0,0,0,11,37,52,20,11,35,12,36,47,11,18,31,54,105,159,287,191,481,478,386,864,31,38,71,16,20,32,3,9,13,52,63,111,5278,6931,12199,3490,5594,9086,163,191,351,39373,41664,81035
CED323,253,222,477,307,498,801,10,4,14,495,785,1287,133,151,285,28340,24437,52776,1382,2133,3517,398,7,409,486,76,562,633,257,884,352,183,540,1535,1739,3278,34318,30505,64824,57,71,129,0,0,0,29,29,57,72,49,123,7,18,26,19,3,23,185,174,358,0,0,0,127,196,327,20,21,38,12,36,44,23,21,42,179,268,447,357,296,651,726,737,1461,55,70,120,33,65,105,30,16,43,117,149,268,5613,6721,12338,3998,6307,10307,260,216,474,45037,44640,89674
CED324,1201,1171,2374,1577,2215,3794,13,4,15,0,0,0,171,189,355,24665,18555,43221,1137,2309,3446,351,7,362,490,69,562,729,248,979,256,127,381,635,740,1373,31223,25634,56859,224,272,490,0,0,0,4,3,5,119,112,228,29,43,74,48,17,71,424,447,871,0,0,3,0,0,0,117,139,253,57,134,191,38,46,82,212,323,526,308,210,518,945,980,1927,107,101,207,28,41,70,5,3,9,146,145,290,7965,8225,16189,3286,5278,8562,196,146,342,43761,40406,84164
CED325,958,1130,2080,409,598,1008,8,4,11,6,0,0,129,120,254,28553,22534,51089,1773,2678,4444,504,18,520,473,35,511,204,38,245,241,109,352,296,337,636,33555,27609,61166,173,194,373,0,0,0,0,0,0,329,326,654,51,90,145,37,24,65,595,638,1237,0,0,0,0,0,0,49,59,107,30,69,95,10,13,25,88,141,228,339,221,561,1029,1001,2029,101,136,237,16,20,35,19,3,24,137,160,298,5766,6801,12568,3149,5166,8314,220,179,403,43854,40917,84778
CED326,969,1052,2021,269,459,730,9,4,10,4,0,6,121,116,238,27337,24101,51439,1437,2108,3548,592,21,609,588,59,649,225,58,283,299,129,432,394,561,957,32243,28673,60918,153,190,338,0,0,0,3,0,6,311,309,624,42,61,104,61,13,77,568,576,1136,0,0,0,0,0,0,31,47,72,18,46,59,9,11,20,59,97,157,272,152,427,895,824,1723,72,84,153,8,16,23,10,9,12,87,101,188,5538,6902,12435,3649,5986,9636,220,173,390,42635,42660,85290
CED327,229,228,455,900,1399,2296,9,4,8,0,6,5,145,131,277,29882,22319,52205,1937,2533,4467,661,15,676,450,35,485,126,30,156,246,109,353,265,327,588,34834,27135,61967,66,86,153,0,0,0,0,0,0,79,74,157,14,23,38,19,12,30,181,199,380,0,0,0,0,0,0,139,198,336,47,121,167,19,22,39,208,335,539,338,196,531,722,730,1453,66,65,130,18,32,54,14,3,12,94,104,194,3903,5245,9151,2817,4520,7331,228,158,387,42599,37892,80495
CED328,1308,1194,2505,1301,1398,2703,102,70,171,8,0,3,95,92,182,18911,16961,35875,862,1567,2424,200,3,203,552,70,626,1053,329,1387,235,146,376,1071,950,2026,25699,22791,48486,252,224,480,0,0,4,0,0,0,155,146,303,31,53,81,48,20,72,491,451,941,25,18,49,0,0,0,78,92,173,28,87,118,43,36,75,177,240,414,274,145,420,939,836,1769,92,95,189,30,23,49,22,8,26,144,123,268,12045,11692,23736,3971,6552,10517,127,95,223,42923,42087,85005
CED329,13,8,25,138,150,286,11,0,11,0,0,0,36,43,81,18864,17899,36761,1242,1514,2756,644,20,660,349,48,398,265,100,363,233,110,346,862,828,1689,22649,20726,43380,3,4,9,0,0,0,0,0,0,13,5,20,0,0,0,0,0,3,19,11,32,0,0,0,0,0,0,11,7,20,6,11,23,9,10,11,26,28,57,203,106,304,248,138,388,4,3,9,7,0,7,9,7,14,23,14,35,3684,4527,8211,3156,4081,7237,224,227,448,29983,29713,59694
CED330,81,89,167,119,154,274,7,3,12,6,9,21,12,16,32,29846,25151,54993,1574,1965,3535,1401,49,1453,411,33,442,63,22,81,270,124,395,661,587,1245,34452,28191,62646,13,20,25,0,0,0,0,0,0,115,103,218,14,18,29,3,0,5,145,137,280,0,0,0,0,0,0,38,73,113,4,19,23,5,0,7,49,98,143,323,203,529,511,435,950,25,23,49,4,4,8,16,8,18,48,35,79,4526,6610,11146,3530,5381,8916,235,243,476,43314,40899,84215
CED397,0,0,0,0,0,0,0,0,0,0,0,0,0,0,0,6,0,6,0,0,0,10,0,10,0,0,0,0,0,0,57,0,57,3,0,0,75,5,83,0,0,0,0,0,0,0,0,0,0,0,0,0,0,0,0,0,0,0,0,0,0,0,0,0,0,0,0,0,0,0,0,0,0,0,0,0,0,0,0,0,0,6,0,6,0,0,0,0,0,0,0,0,0,0,0,0,0,0,3,3,9,11,0,0,0,90,13,99
CED401,196,194,390,2522,3705,6223,5,3,7,474,580,1054,266,334,600,32220,24524,56744,1537,3226,4763,265,12,275,462,88,553,1549,725,2274,411,155,567,2514,2576,5089,42435,36110,78543,68,81,144,0,0,0,8,6,15,19,18,38,8,12,17,11,11,18,113,128,236,0,0,0,61,105,162,146,150,298,69,216,291,77,96,179,361,567,931,432,444,877,899,1146,2046,46,65,117,79,99,181,31,20,49,157,186,343,5295,5375,10667,3818,6289,10107,190,150,346,52801,49259,102059
CED402,7,3,10,210,86,294,11,7,18,0,4,9,32,39,72,29054,24769,53826,1821,1941,3759,578,23,607,201,26,229,210,56,265,374,106,481,1604,1265,2869,34116,28314,62435,0,0,0,0,0,0,0,0,0,6,0,6,0,0,0,0,0,0,8,3,13,0,0,0,0,0,0,15,34,52,8,10,25,0,0,0,28,49,79,344,171,513,381,216,601,0,0,3,3,0,7,20,8,27,28,12,32,3183,3576,6760,2653,4578,7236,354,284,635,40719,36985,77704
CED403,1027,1015,2043,938,1340,2281,5,6,11,368,540,906,105,123,227,27220,24553,51772,1042,2187,3224,202,8,208,336,50,383,948,317,1266,269,89,363,650,750,1398,33122,30969,64093,110,134,246,0,0,0,20,38,55,111,116,229,21,40,62,30,25,52,294,352,639,0,0,0,47,51,97,49,51,98,42,88,124,22,37,60,157,222,385,318,318,639,771,891,1662,64,107,171,25,36,62,6,9,15,101,155,253,5178,5362,10536,3667,6460,10124,153,170,324,42983,44016,86998
CED404,10,4,12,1175,253,1424,18,0,15,4,0,3,78,80,161,25827,22712,48538,1924,1705,3628,584,23,606,269,36,302,293,65,353,912,252,1165,2257,2012,4267,33345,27141,60486,0,0,0,0,0,0,0,0,0,0,0,5,0,0,0,0,0,0,0,10,9,0,0,0,0,0,0,117,30,140,15,11,27,39,8,48,171,49,215,351,175,527,525,226,747,3,3,3,30,3,35,45,15,56,71,21,97,2898,3047,5935,3876,4723,8600,432,312,748,41148,35464,76615
CED405,524,737,1266,987,1531,2512,7,7,12,100,147,244,133,132,265,29890,25221,55115,1316,2210,3524,310,7,317,315,39,365,647,197,846,305,102,404,493,580,1069,35037,30902,65940,76,91,162,0,0,0,15,29,43,45,70,111,18,24,33,18,3,20,164,215,373,0,0,0,18,22,48,62,57,119,22,91,114,16,36,50,122,199,324,388,408,799,672,819,1494,55,72,123,18,33,45,15,9,23,87,114,198,3603,4366,7966,3283,5622,8909,196,151,340,42880,41973,84855
CED406,649,597,1250,517,676,1202,7,6,16,6,25,32,55,44,101,28117,24789,52899,1374,1613,2987,356,6,361,296,23,314,169,26,197,300,71,371,242,302,546,32087,28186,60277,107,67,174,0,0,0,14,19,34,214,228,442,19,44,58,21,5,32,380,366,740,0,0,0,7,6,11,47,55,100,28,55,84,14,15,26,88,130,222,312,198,512,776,692,1472,55,86,136,7,10,18,0,0,5,63,99,162,2974,3733,6703,3373,6025,9397,116,122,238,39377,38859,78243
CED407,14,14,34,1734,2420,4148,5,4,14,0,5,9,105,97,203,31292,24384,55673,1404,2062,3469,369,11,375,315,21,334,213,28,236,306,95,396,344,329,673,36092,29466,65558,31,27,54,0,0,0,0,0,0,15,10,33,0,0,0,0,0,0,51,38,88,0,3,3,14,23,36,234,342,581,54,115,165,31,28,64,339,514,846,280,176,451,666,722,1389,17,18,31,31,48,74,6,7,14,51,65,123,2818,3515,6329,3145,5238,8382,150,124,270,42915,39137,82052
CED408,158,120,278,397,514,915,10,0,15,0,0,3,23,20,43,26712,24061,50773,1168,1601,2764,515,19,534,225,27,255,195,56,246,277,80,356,999,782,1776,30679,27283,57965,29,22,57,0,0,0,0,9,7,95,96,188,0,6,14,4,0,8,138,130,265,0,0,0,0,3,4,110,151,262,31,36,63,14,8,27,158,199,362,280,168,451,580,498,1075,20,25,45,11,3,12,10,3,11,36,30,68,4871,5653,10525,3631,5984,9619,266,232,492,40062,39674,79738
CED409,26,25,46,699,915,1615,10,3,15,0,10,8,93,86,179,30990,24335,55326,1799,2068,3869,455,18,474,286,20,307,159,27,184,262,95,359,422,406,830,35195,28010,63207,36,33,75,0,0,0,0,0,0,14,9,26,0,5,5,0,0,0,51,58,104,3,0,3,5,12,16,96,147,244,47,98,149,30,26,52,174,283,460,304,214,519,534,554,1088,39,40,76,19,38,59,15,0,18,74,83,156,1671,2415,4080,2914,4860,7775,261,204,462,40647,36127,76777
CED410,13,17,33,2498,3340,5839,4,0,3,15,15,29,167,162,331,30125,25190,55316,1392,2736,4128,279,0,280,310,27,341,1053,382,1437,283,97,379,795,855,1649,36942,32818,69758,33,26,62,0,0,0,0,0,0,12,8,22,0,7,7,6,0,3,51,41,90,0,0,0,24,39,65,246,330,583,76,183,260,59,55,113,408,610,1017,288,229,516,748,872,1624,18,15,31,41,66,106,11,0,14,67,79,148,5442,5671,11116,3307,5816,9122,149,136,284,46652,45401,92054
CED497,0,0,0,0,0,0,0,0,0,0,0,0,0,0,0,4,0,4,0,0,0,3,0,3,0,0,0,0,0,0,16,0,16,0,0,0,20,0,20,0,0,0,0,0,0,0,0,0,0,0,0,0,0,0,0,0,0,0,0,0,0,0,0,0,0,0,0,0,0,0,0,0,0,0,0,0,0,0,0,0,0,0,0,0,0,0,0,0,0,0,0,0,0,0,0,0,0,0,0,0,0,0,0,0,0,22,0,22
CED501,971,1143,2114,480,384,862,8,4,12,0,0,3,88,55,138,27562,24896,52459,1763,1844,3609,393,14,407,179,10,188,137,37,176,1085,238,1319,372,370,736,33027,28994,62019,494,637,1136,0,0,5,0,0,0,447,424,867,65,102,168,27,14,49,1039,1179,2217,0,0,0,0,0,0,29,26,52,29,45,69,24,7,35,82,69,151,376,146,520,1501,1397,2894,220,328,552,38,15,53,12,5,19,276,345,620,1692,2887,4586,5316,5678,10992,195,144,342,42004,39445,81452
CED502,878,976,1856,444,414,861,12,6,21,3,0,3,193,112,308,31487,24785,56268,1767,2120,3882,496,22,514,170,13,189,158,24,185,755,187,949,254,269,520,36622,28924,65547,524,627,1148,0,0,0,0,0,0,423,355,773,61,86,152,36,18,54,1045,1085,2133,0,0,0,0,0,0,31,58,90,21,67,93,22,9,36,78,135,217,373,165,537,1491,1389,2876,197,301,502,19,15,30,15,6,21,233,320,549,1615,2372,3985,3852,4906,8757,220,145,362,44037,38050,82087
CED503,388,447,833,438,225,660,5,0,6,0,4,5,62,49,113,21343,20909,42255,1381,1494,2875,605,29,639,110,13,124,103,41,144,851,231,1084,412,393,798,25705,23825,49525,121,119,240,0,0,0,0,0,0,288,244,532,39,34,75,13,3,18,467,402,865,0,0,0,0,0,0,38,19,62,18,42,55,30,12,41,81,73,157,332,124,457,884,604,1481,109,123,228,15,10,27,18,3,12,137,141,275,1805,2995,4803,4905,4892,9799,205,167,374,33634,32620,66257
CED504,557,590,1147,979,1199,2178,11,5,19,4,0,4,222,166,392,31801,26065,57862,1681,2498,4175,524,13,533,229,16,245,263,41,306,652,177,829,197,238,436,37105,31016,68122,420,453,873,0,0,0,0,0,0,305,311,615,26,68,89,24,8,33,769,844,1610,0,0,0,0,0,4,104,131,230,60,106,169,29,32,63,195,269,463,326,178,503,1292,1289,2576,139,173,316,24,24,45,16,10,20,176,210,386,2185,2877,5065,3546,4965,8508,231,150,377,44531,40506,85030
CED505,1380,1194,2576,1816,1565,3377,3,0,5,0,0,0,173,184,358,25768,24294,50063,1353,2134,3486,145,0,151,293,29,326,1246,412,1655,527,161,686,1181,1258,2440,33886,31232,65120,647,597,1241,0,4,6,0,0,3,276,277,557,52,61,109,45,24,71,1029,961,1985,0,0,0,0,0,0,79,93,170,41,72,114,49,33,78,164,200,368,300,189,489,1490,1344,2839,122,122,244,35,21,56,11,10,25,175,155,328,4907,5443,10349,3647,5813,9461,161,130,295,44270,44111,88387
CED506,49,28,85,5872,1210,7088,20,3,27,0,7,5,135,79,216,33450,27083,60531,4415,3015,7434,1120,69,1188,400,109,511,581,408,982,3690,979,4666,3653,3675,7323,53385,36666,90046,22,10,31,0,0,0,0,0,0,38,48,85,0,3,10,0,0,0,58,63,121,0,0,0,0,0,0,93,49,135,53,26,79,293,63,352,438,128,571,1005,324,1330,1503,521,2019,25,18,47,245,49,291,97,26,124,374,92,462,2506,3451,5954,7850,7637,15483,637,427,1060,66250,48786,115034
CED507,21,14,30,600,136,733,6,5,7,0,0,3,61,54,117,24262,23801,48060,1935,1937,3868,392,18,409,129,17,142,392,136,529,572,162,730,749,752,1495,29119,27016,56136,7,0,6,0,0,0,0,0,0,12,11,22,0,0,6,0,0,0,19,15,29,0,0,0,0,0,0,227,58,284,23,19,36,36,3,42,284,81,367,356,159,519,654,258,913,5,3,9,34,4,40,15,3,19,59,12,72,2112,3087,5196,4674,5290,9966,232,180,417,36854,35842,72696
CED508,1180,1085,2259,687,708,1392,14,11,32,5,0,5,147,107,254,28420,26278,54698,1498,1966,3462,335,6,342,226,37,259,494,203,699,597,176,771,584,670,1252,34177,31248,65427,664,607,1275,0,0,0,0,0,0,465,449,910,64,94,163,68,30,99,1265,1187,2446,0,3,5,3,0,4,44,60,101,38,52,93,35,27,62,127,142,264,325,206,532,1714,1534,3250,198,210,415,17,18,37,24,3,24,239,232,473,2938,3993,6931,4140,5723,9859,157,120,280,43371,42847,86216
CED509,405,459,861,454,361,819,3,4,7,0,0,4,105,99,201,29736,26787,56519,1492,1978,3470,630,28,658,226,14,239,181,41,225,863,190,1051,425,430,851,34522,30389,64912,230,272,504,0,0,0,0,0,0,435,438,868,46,65,107,21,9,27,730,777,1508,0,0,0,0,0,0,46,45,89,27,44,69,35,20,55,104,108,210,328,200,524,1160,1085,2252,100,159,255,15,12,28,14,12,25,129,179,308,2440,3659,6097,4690,5595,10288,199,152,347,43143,41060,84202
CED510,1676,1522,3198,252,162,416,8,4,18,0,6,5,99,65,158,27064,24925,51993,1291,1679,2964,470,11,479,200,19,211,286,57,344,615,104,717,316,402,720,32276,28951,61220,768,519,1281,0,0,0,0,0,0,679,576,1246,108,105,206,78,17,92,1624,1205,2831,0,0,0,0,0,0,36,23,55,15,21,35,20,6,27,72,51,121,216,125,346,1913,1385,3294,237,220,457,3,9,12,17,0,17,258,230,483,3785,4642,8432,4228,5993,10219,114,103,217,42571,41304,83876
CED511,9,11,23,2248,481,2726,21,3,23,0,0,3,87,85,175,29071,23641,52710,2890,2256,5148,848,30,883,198,36,238,304,130,431,1598,430,2029,2260,2042,4304,39541,29143,68683,3,6,4,0,0,0,0,0,0,12,7,18,0,0,7,3,0,5,20,16,37,0,0,0,0,0,0,114,40,161,26,11,38,95,27,118,243,73,312,563,246,814,825,336,1162,11,0,14,92,13,101,53,13,67,160,28,186,3334,3665,6999,3860,4331,8190,423,282,705,48145,37781,85925
CED512,1189,1253,2440,412,249,662,16,4,21,4,0,6,104,74,177,29047,27522,56566,1811,2106,3920,622,23,646,185,6,187,100,19,114,994,185,1180,305,316,615,34778,31765,66543,588,543,1129,0,0,0,0,0,0,610,534,1149,77,114,186,31,15,53,1321,1202,2523,0,0,0,0,0,0,31,29,62,22,45,70,24,8,33,78,84,161,402,171,567,1795,1452,3245,238,261,497,19,14,29,18,5,20,269,284,555,2425,3886,6317,4943,5847,10791,196,126,326,44413,43370,87779
CED513,1243,1249,2493,4213,4146,8358,8,6,17,4,3,7,340,386,730,28801,25356,54154,1482,2668,4150,244,4,248,309,48,360,1147,347,1492,843,258,1104,2477,1995,4470,41121,36466,77583,569,732,1301,0,3,4,0,0,0,158,163,323,31,65,103,63,34,94,820,1000,1819,6,0,6,0,0,0,109,112,220,68,141,207,108,105,212,286,355,639,366,227,591,1471,1581,3059,139,186,328,70,35,101,23,7,31,228,229,456,4288,4484,8773,4628,6413,11039,217,135,358,51948,49304,101262
CED514,795,865,1663,2820,2827,5645,27,27,57,0,0,6,326,287,611,33555,27066,60620,1697,2829,4523,396,9,409,248,31,276,692,175,866,917,267,1183,670,640,1305,42143,35018,77159,429,512,944,3,0,4,0,0,0,178,208,386,45,54,98,41,9,50,700,787,1484,12,8,17,0,0,0,120,113,233,73,168,245,107,69,180,309,357,664,370,219,594,1377,1364,2746,163,224,380,53,41,99,22,18,32,231,279,514,3202,3740,6937,4792,6019,10804,296,155,449,52046,46567,98609
CED515,810,689,1503,1113,973,2087,9,0,11,3,0,6,127,106,227,30106,26715,56832,1374,2334,3709,241,7,248,169,17,185,484,126,610,534,123,652,288,390,677,35264,31483,66747,1318,958,2273,0,0,5,0,0,0,424,301,728,51,90,145,41,9,49,1846,1351,3194,0,0,0,0,0,0,72,70,144,39,84,127,26,17,45,145,176,320,270,175,451,2258,1703,3960,289,245,535,22,25,44,11,10,21,321,275,600,3786,4277,8063,3852,5691,9541,163,125,288,45637,43557,89199
CED597,0,0,0,190,15,207,4,3,7,0,0,0,5,0,5,81,8,91,27,0,27,13,0,13,0,0,0,0,0,0,767,78,850,287,36,324,1390,143,1529,0,0,0,0,0,0,0,0,0,0,0,0,0,0,0,0,0,0,0,0,0,0,0,0,0,0,0,0,0,0,0,0,0,7,6,9,8,6,11,38,4,39,46,8,50,0,0,0,5,0,10,0,0,0,8,0,11,17,4,23,31,34,64,23,0,24,1517,186,1697
CED601,6,3,5,231,334,566,6,0,6,0,0,0,83,119,206,18110,15374,33483,1062,1588,2647,249,6,251,171,21,189,195,50,246,133,70,205,991,1048,2034,21225,18612,39841,0,0,0,0,0,0,0,0,0,0,8,9,0,0,0,0,0,0,6,6,15,0,0,0,0,0,0,13,14,27,15,48,65,8,16,23,41,76,117,174,113,288,219,194,410,0,0,0,11,18,28,10,8,18,21,27,49,1610,2012,3632,2036,3451,5488,151,118,271,25272,24422,49690
CED602,0,6,0,144,84,226,3,7,10,0,0,5,36,63,93,17433,15740,33177,1086,1225,2312,296,8,306,176,27,198,87,32,122,151,51,201,739,772,1515,20159,18014,38172,0,0,0,0,0,0,0,0,0,3,4,7,0,0,0,4,0,4,5,4,12,0,0,0,0,0,0,17,7,24,10,15,23,0,4,10,30,22,57,146,92,244,185,124,310,0,0,4,4,6,9,14,5,18,16,13,29,1381,1613,3001,2140,3127,5269,195,142,338,24083,23032,47108
CED603,10,6,14,1106,1785,2890,8,9,16,0,0,0,180,173,356,16765,13069,29836,1153,2376,3524,201,6,208,280,38,317,727,341,1072,181,90,270,2192,2585,4776,22802,20486,43285,0,4,4,0,0,0,0,0,0,12,3,9,0,0,6,0,0,5,12,8,17,0,0,0,0,0,0,90,106,195,61,144,204,40,53,89,190,301,489,260,248,503,464,555,1017,0,4,6,32,44,73,9,8,20,36,59,101,2297,2455,4754,2542,4059,6602,122,131,247,28265,27746,56014
CED604,9,3,12,758,1191,1945,32,37,70,0,0,0,33,39,66,17821,15271,33089,990,1706,2700,329,9,337,227,11,236,173,59,236,102,51,150,427,432,858,20904,18809,39712,0,3,3,0,0,0,0,0,0,0,4,12,0,0,0,0,3,3,0,10,13,0,8,10,0,0,0,76,176,245,39,84,121,20,15,33,129,279,404,228,178,414,364,467,827,0,0,3,22,27,49,13,0,13,29,30,58,2322,2620,4942,2239,3805,6040,129,121,248,25988,25851,51833
CED605,0,5,5,170,273,446,5,4,8,0,0,0,9,18,29,18125,15403,33524,987,1170,2161,604,20,623,159,27,184,67,27,91,167,83,242,809,724,1537,21093,17749,38838,0,0,0,0,0,0,0,0,0,0,5,3,0,0,0,0,5,3,6,3,9,0,0,0,0,0,0,19,55,79,30,41,68,0,0,0,55,92,150,144,87,232,206,184,393,0,0,0,4,7,15,0,0,0,5,7,12,1901,2271,4170,2175,3551,5729,223,189,412,25604,23957,49555
CED697,0,0,0,0,0,0,0,4,0,0,0,0,0,0,0,29,14,39,4,0,4,5,0,5,0,0,0,0,0,0,89,8,94,20,4,24,147,26,168,0,0,0,0,0,0,0,0,0,0,0,0,0,0,0,0,0,0,0,0,0,0,0,0,0,0,0,0,0,0,0,0,0,0,0,0,0,0,0,0,0,3,0,0,3,0,0,0,0,0,0,0,0,0,0,0,0,3,6,3,10,9,19,67,10,80,228,48,277
CED701,5,16,22,656,347,1004,23,15,40,9,0,9,46,50,96,15970,13923,29890,1572,2174,3748,372,29,398,323,81,406,614,416,1026,757,316,1079,3059,3443,6505,23413,20821,44234,0,0,0,0,0,0,0,0,0,0,5,10,0,0,5,0,3,7,7,7,16,18,17,33,0,0,0,27,21,50,16,14,33,33,12,44,92,67,161,357,252,610,465,319,781,0,0,0,41,25,63,26,22,48,72,46,112,1147,1497,2643,3370,3821,7194,423,334,755,28883,26837,55722
CED702,10,3,15,601,899,1504,13,3,16,3,3,3,137,156,296,21341,18916,40254,1301,2436,3739,187,12,197,640,147,789,711,496,1208,493,192,689,1194,1210,2407,26641,24481,51115,0,6,3,0,0,0,0,0,0,8,8,15,3,0,3,4,3,3,16,19,28,0,0,0,0,0,0,42,33,75,37,91,121,23,30,46,100,144,249,276,193,473,386,360,745,0,0,0,20,30,50,21,11,29,43,43,83,1097,1595,2690,2875,3893,6770,167,127,300,31212,30499,61707
CED797,0,0,0,0,0,0,0,0,0,0,0,0,0,0,7,8,5,5,0,0,0,8,0,8,0,0,0,0,0,0,164,11,174,47,7,54,224,16,243,0,0,0,0,0,0,0,0,0,0,0,0,0,0,0,0,0,0,0,0,0,0,0,0,0,0,0,0,0,0,0,0,0,0,0,0,0,0,0,5,0,5,5,0,5,0,0,0,0,0,0,0,0,0,0,0,0,6,5,9,5,4,13,7,0,6,249,35,282
CED801,7,5,7,1277,1508,2782,9,0,11,0,4,4,51,65,118,27801,24426,52226,1402,2802,4203,466,18,483,537,57,591,532,138,672,150,82,228,746,764,1515,32975,29869,62841,3,5,6,0,0,0,0,0,0,10,11,17,0,0,3,0,0,0,15,17,29,0,0,0,18,12,38,121,168,279,62,158,222,43,25,66,242,368,607,341,219,560,595,603,1194,8,5,6,24,35,55,7,0,11,33,38,71,3769,4410,8179,3022,5021,8045,99,75,174,40491,40012,80503
CED802,16,6,26,1768,2162,3923,13,0,12,388,483,868,152,207,356,21477,19389,40865,1346,2599,3946,174,9,186,551,86,640,2487,1487,3973,403,146,546,3854,3524,7387,32631,30094,62719,13,7,21,0,0,0,0,0,0,5,8,13,0,0,0,3,0,3,19,14,38,0,0,0,263,291,559,58,56,113,47,147,188,88,91,174,455,583,1043,395,325,723,865,928,1801,5,4,8,72,79,157,27,20,44,108,102,206,4972,5233,10208,2907,4903,7811,114,89,195,41598,41345,82944
CED803,42,26,71,1008,1371,2380,11,0,11,651,766,1416,74,54,131,30240,24677,54919,1464,2990,4454,410,11,423,534,48,576,474,124,599,214,98,313,663,747,1408,35794,30918,66713,0,0,5,0,0,0,0,0,0,3,4,9,0,0,0,0,0,0,4,5,10,0,0,0,358,429,789,73,80,156,49,148,194,35,28,61,516,692,1200,634,529,1158,1154,1220,2370,0,0,0,78,129,202,35,17,49,108,148,258,4169,4736,8910,2920,5021,7939,131,103,237,44279,42152,86430
CED897,0,0,0,0,0,0,0,0,0,0,0,0,0,0,0,0,0,0,0,0,0,0,0,0,0,0,0,0,0,0,0,0,0,0,0,0,0,0,0,0,0,0,0,0,0,0,0,0,0,0,0,0,0,0,0,0,0,0,0,0,0,0,0,0,0,0,0,0,0,0,0,0,0,0,0,0,0,0,0,0,0,0,0,0,0,0,0,0,0,0,0,0,0,0,0,0,0,0,0,0,0,0,0,0,0,0,0,0
CED997,0,0,0,0,0,0,0,0,0,0,0,0,0,0,0,0,0,0,0,0,0,0,0,0,0,0,0,0,0,0,0,0,0,0,0,0,0,0,0,0,0,0,0,0,0,0,0,0,0,0,0,0,0,0,0,0,0,0,0,0,0,0,0,0,0,0,0,0,0,0,0,0,0,0,0,0,0,0,0,0,0,0,0,0,0,0,0,0,0,0,0,0,0,0,0,0,0,0,0,0,0,0,0,0,0,0,0,0
