SA4_CODE_2021,Ag_Frs_Fsh_Mgr,Ag_Frs_Fsh_Pfn,Ag_Frs_Fsh_Tch_trwk,Ag_Frs_Fsh_Co_Pswk,Ag_Frs_Fsh_Cl_Adwk,Ag_Frs_Fsh_Sal,Ag_Frs_Fsh_MchOp,Ag_Frs_Fsh_Lab,Ag_Frs_Fsh_Inad_ns,Ag_Frs_Fsh_To,Min_Mgr,Min_Pfn,Min_Tch_trwk,Min_Co_Pswk,Min_Cl_Adwk,Min_Sal,Min_MchOp,Min_Lab,Min_Inad_ns,Min_To,Manf_Mgr,Manf_Pfn,Manf_Tch_trwk,Manf_Co_Pswk,Manf_Cl_Adwk,Manf_Sal,Manf_MchOp,Manf_Lab,Manf_Inad_ns,Manf_To,ElecGWWSvc_Mgr,ElecGWWSvc_Pfn,ElecGWWSvc_Tch_trwk,ElecGWWSvc_Co_Pswk,ElecGWWSvc_Cl_Adwk,ElecGWWSvc_Sal,ElecGWWSvc_MchOp,ElecGWWSvc_Lab,ElecGWWSvc_Inad_ns,ElecGWWSvc_To,Con_Mgr,Con_Pfn,Con_Tch_trwk,Con_Co_Pswk,Con_Cl_Adwk,Con_Sal,Con_MchOp,Con_Lab,Con_Inad_ns,Con_To,WhlTr_Mgr,WhlTr_Pfn,WhlTr_Tch_trwk,WhlTr_Co_Pswk,WhlTr_Cl_Adwk,WhlTr_Sal,WhlTr_MchOp,WhlTr_Lab,WhlTr_Inad_ns,WhlTr_To,ReTr_Mgr,ReTr_Pfn,ReTr_Tch_trwk,ReTr_Co_Pswk,ReTr_Cl_Adwk,ReTr_Sal,ReTr_MchOp,ReTr_Lab,ReTr_Inad_ns,ReTr_To,Acc_Fdsvc_Mgr,Acc_Fdsvc_Pfn,Acc_Fdsvc_Tch_trwk,Acc_Fdsvc_Co_Pswk,Acc_Fdsvc_Cl_Adwk,Acc_Fdsvc_Sal,Acc_Fdsvc_MchOp,Acc_Fdsvc_Lab,Acc_Fdsvc_Inad_ns,Acc_Fdsvc_To,TrPo_wh_Mgr,TrPo_wh_Pfn,TrPo_wh_Tch_trwk,TrPo_wh_Co_Pswk,TrPo_wh_Cl_Adwk,TrPo_wh_Sal,TrPo_wh_MchOp,TrPo_wh_Lab,TrPo_wh_Inad_ns,TrPo_wh_To,InMe_Telco_Mgr,InMe_Telco_Pfn,InMe_Telco_Tch_trwk,InMe_Telco_Co_Pswk,InMe_Telco_Cl_Adwk,InMe_Telco_Sal,InMe_Telco_MchOp,InMe_Telco_Lab,InMe_Telco_Inad_ns,InMe_Telco_To,FinIn_Mgr,FinIn_Pfn,FinIn_Tch_trwk,FinIn_Co_Pswk,FinIn_Cl_Adwk,FinIn_Sal,FinIn_MchOp,FinIn_Lab,FinIn_Inad_ns,FinIn_To,REst_Mgr,REst_Pfn,REst_Tch_trwk,REst_Co_Pswk,REst_Cl_Adwk,REst_Sal,REst_MchOp,REst_Lab,REst_Inad_ns,REst_To,PSc_Tech_Mgr,PSc_Tech_Pfn,PSc_Tech_Tch_trwk,PSc_Tech_Co_Pswk,PSc_Tech_Cl_Adwk,PSc_Tech_Sal,PSc_Tech_MchOp,PSc_Tech_Lab,PSc_Tech_Inad_ns,PSc_Tech_To,AdmSu_Mgr,AdmSu_Pfn,AdmSu_Tch_trwk,AdmSu_Co_Pswk,AdmSu_Cl_Adwk,AdmSu_Sal,AdmSu_MchOp,AdmSu_Lab,AdmSu_Inad_ns,AdmSu_To,PubAd_Sf_Mgr,PubAd_Sf_Pfn,PubAd_Sf_Tch_trwk,PubAd_Sf_Co_Pswk,PubAd_Sf_Cl_Adwk,PubAd_Sf_Sal,PubAd_Sf_MchOp,PubAd_Sf_Lab,PubAd_Sf_Inad_ns,PubAd_Sf_To,EdTr_Mgr,EdTr_Pfn,EdTr_Tch_trwk,EdTr_Co_Pswk,EdTr_Cl_Adwk,EdTr_Sal,EdTr_MchOp,EdTr_Lab,EdTr_Inad_ns,EdTr_To,Hlth_SAss_Mgr,Hlth_SAss_Pfn,Hlth_SAss_Tch_trwk,Hlth_SAss_Co_Pswk,Hlth_SAss_Cl_Adwk,Hlth_SAss_Sal,Hlth_SAss_MchOp,Hlth_SAss_Lab,Hlth_SAss_Inad_ns,Hlth_SAss_To,ArtRec_Mgr,ArtRec_Pfn,ArtRec_Tch_trwk,ArtRec_Co_Pswk,ArtRec_Cl_Adwk,ArtRec_Sal,ArtRec_MchOp,ArtRec_Lab,ArtRec_Inad_ns,ArtRec_To,OthS_Mgr,OthS_Pfn,OthS_Tch_trwk,OthS_Co_Pswk,OthS_Cl_Adwk,OthS_Sal,OthS_MchOp,OthS_Lab,OthS_Inad_ns,OthS_To,Inad_ns_Mgr,Inad_ns_Pfn,Inad_ns_Tch_trwk,Inad_ns_Co_Pswk,Inad_ns_Cl_Adwk,Inad_ns_Sal,Inad_ns_MchOp,Inad_ns_Lab,Inad_ns_Inad_ns,Inad_ns_To
101,4111,148,478,29,260,71,226,1318,72,6705,56,44,124,0,40,3,287,32,4,593,732,277,1331,105,444,253,487,972,45,4642,213,232,439,6,215,22,307,120,19,1580,1635,353,6110,28,1008,104,1412,1894,131,12676,358,139,174,11,269,510,276,125,21,1888,1612,292,649,98,504,5446,378,921,46,9942,1683,71,1209,2544,443,916,260,1999,60,9187,395,146,194,78,755,138,1832,154,43,3743,185,406,188,8,140,103,9,16,17,1078,258,471,18,7,646,45,4,11,30,1488,191,118,73,24,250,802,33,59,15,1572,965,3354,721,31,1428,57,26,55,80,6705,270,330,443,210,330,42,110,1685,34,3445,3813,3855,682,2415,4246,77,370,544,481,16488,728,4881,195,2021,837,21,24,208,51,8965,826,4980,416,5228,1759,59,76,510,95,13946,300,410,265,563,193,91,139,214,36,2199,318,254,2060,564,415,79,57,329,25,4101,486,403,614,241,445,253,382,514,1058,4398
102,421,44,201,7,61,28,46,389,18,1214,75,76,179,0,54,6,265,30,0,695,1586,797,2137,82,904,514,1254,1582,97,8962,189,192,416,17,201,36,322,147,23,1529,2041,450,8841,27,1632,218,1028,2783,226,17252,836,443,296,11,494,576,440,186,42,3309,2475,563,889,129,752,8202,900,1459,68,15428,1724,153,1161,2560,360,1585,582,2328,73,10525,532,297,286,117,1051,218,2521,458,63,5536,492,959,373,10,298,172,207,64,32,2613,857,1559,53,19,2217,223,17,9,67,5012,355,202,79,16,455,1081,48,85,31,2349,1354,4506,1033,44,1788,169,35,83,71,9091,498,527,561,371,518,95,159,2150,35,4919,1022,1687,634,2239,2630,61,220,463,190,9142,997,7235,247,2479,1112,16,58,221,70,12437,1489,9571,854,9869,3586,139,173,897,160,26741,382,502,256,408,173,67,17,173,26,2015,510,454,2645,839,702,111,75,406,47,5790,801,703,784,277,765,342,523,644,1208,6051
103,5142,190,488,14,352,95,351,1468,98,8194,420,661,1751,37,257,14,2479,234,65,5913,856,364,1526,78,469,220,759,1152,88,5505,107,119,419,7,137,11,243,90,22,1151,940,154,3666,12,686,91,945,1162,78,7732,330,171,269,0,289,446,268,150,20,1938,1302,246,572,71,445,4668,267,921,36,8537,1154,38,807,1785,233,741,169,1481,45,6466,348,65,136,27,742,121,1849,154,28,3477,100,217,111,7,106,110,7,9,13,672,194,376,27,26,605,45,0,9,18,1298,136,61,49,4,184,473,47,48,18,1021,299,1661,511,10,902,38,22,74,31,3556,183,211,292,174,262,16,78,1398,20,2646,808,1377,494,1484,1799,38,431,481,108,7021,707,4870,225,1862,919,15,35,253,41,8938,728,5031,429,5459,1675,60,80,726,87,14275,138,191,112,256,84,16,6,106,9,924,261,236,1812,505,376,64,68,375,9,3707,365,230,557,192,306,212,388,483,889,3622
104,1584,126,132,12,134,40,169,1211,49,3462,32,19,64,0,16,0,92,10,5,241,337,92,698,37,223,136,352,371,25,2257,47,57,163,5,71,16,118,49,4,526,678,133,2754,7,512,49,562,953,54,5706,193,66,106,18,135,264,169,61,10,1023,934,160,439,44,288,3557,211,619,34,6283,887,36,688,1399,264,603,92,1205,35,5206,185,64,89,59,414,88,948,84,14,1945,70,142,74,0,64,59,6,13,10,445,126,255,10,18,434,29,0,0,18,895,86,57,29,3,161,408,26,29,15,812,216,1337,311,20,597,32,8,34,18,2581,159,173,171,143,182,31,33,1240,13,2139,444,938,284,824,1153,25,159,285,84,4204,396,3095,103,1223,481,3,8,129,31,5472,517,3971,303,4243,1284,55,58,414,62,10902,113,175,114,155,89,27,15,95,8,794,155,166,1176,334,225,43,19,188,14,2329,242,197,287,183,232,144,195,413,584,2476
105,3605,105,305,12,205,52,286,1020,51,5639,134,215,644,17,89,9,1017,99,18,2238,230,77,515,29,146,102,185,510,18,1809,69,49,246,4,92,36,134,82,5,710,473,85,1728,0,326,36,500,601,38,3793,172,85,167,0,170,285,137,70,14,1104,652,106,328,38,204,2412,143,451,28,4362,652,21,387,846,161,376,58,832,20,3338,177,40,87,21,336,60,1006,87,26,1831,30,101,54,0,49,45,3,5,3,296,77,162,9,9,325,17,6,5,6,606,47,35,21,8,88,198,7,22,10,439,107,699,188,5,412,23,8,27,11,1482,72,141,110,110,101,11,31,668,21,1261,416,611,249,1109,857,28,250,272,69,3857,377,2559,103,1275,500,0,18,128,21,4977,467,3016,299,3086,1024,46,44,406,75,8466,70,87,138,125,51,20,6,94,8,597,103,112,911,240,177,33,24,151,12,1768,182,114,281,151,194,113,182,249,572,2040
106,1803,103,340,21,220,66,135,1230,47,3958,663,792,3312,24,506,28,4817,393,109,10657,1094,629,2343,68,773,419,1313,1461,106,8211,206,219,705,11,241,31,346,188,38,1997,1243,335,5222,13,1150,164,1441,2244,128,11941,462,286,786,12,436,467,499,183,48,3173,1727,293,794,125,546,7057,412,1312,47,12320,1455,57,1242,2632,414,1389,343,2432,48,10004,503,202,360,42,1013,141,2746,263,56,5328,120,172,118,0,95,111,12,16,8,659,305,611,45,14,1293,100,4,24,50,2445,191,89,122,25,315,734,53,79,30,1645,621,2527,947,23,1255,62,64,133,53,5684,299,390,433,297,608,49,766,2357,56,5250,990,1314,878,2350,1745,44,303,472,184,8272,679,4792,245,2271,925,24,49,227,58,9264,875,5359,619,7935,2339,74,128,660,110,18099,223,207,178,313,113,75,22,199,26,1356,363,280,2972,797,550,62,104,462,45,5633,535,346,867,253,554,295,608,677,1120,5262
107,235,26,70,6,44,18,19,174,10,592,241,286,809,0,111,0,1153,52,33,2694,1354,1063,2525,96,694,374,1481,759,124,8482,214,163,387,3,189,33,312,146,33,1487,1674,482,7591,17,1199,180,1009,2043,142,14339,570,325,276,7,349,388,361,118,24,2419,1954,453,740,110,568,7143,431,1232,62,12691,1563,117,1101,2697,333,1305,510,2194,58,9865,587,330,529,167,1050,185,2727,693,72,6340,260,723,222,13,158,96,10,30,11,1520,700,1555,59,18,2153,147,7,11,72,4727,236,176,60,30,361,833,54,57,24,1822,1031,4758,1065,22,1491,103,79,116,56,8729,398,514,382,278,572,55,139,2018,42,4398,1268,2193,743,2424,2557,58,247,620,215,10323,1247,9186,339,2345,1566,33,41,212,75,15040,1425,9206,715,8722,3239,106,167,741,156,24477,372,463,174,481,163,71,18,132,21,1887,411,491,2416,879,530,77,83,374,37,5302,578,624,741,282,620,272,441,512,985,5045
108,2086,63,164,13,138,34,127,903,35,3565,40,45,131,0,25,4,242,31,6,530,509,161,1175,60,339,300,498,757,31,3830,250,360,307,4,316,18,198,83,17,1549,1051,158,4228,12,742,81,864,1406,100,8634,270,78,205,12,169,298,194,117,18,1358,1388,272,677,100,413,5422,273,942,39,9532,1346,49,1014,2132,381,875,128,1737,43,7718,281,83,132,35,590,106,1564,106,25,2923,96,178,93,6,83,97,3,15,7,566,184,430,28,12,618,46,0,5,31,1361,116,87,17,13,238,656,21,49,22,1220,315,1613,445,17,861,47,12,44,29,3388,183,244,288,264,258,48,75,1731,29,3124,448,911,361,1082,1084,30,223,339,92,4566,592,4591,152,1803,772,14,16,175,35,8151,780,5891,524,6809,2046,87,96,805,98,17129,145,220,123,251,86,40,7,118,9,1001,193,238,1653,571,305,44,40,257,25,3322,313,282,424,250,311,210,242,403,974,3424
109,3273,123,350,12,279,61,319,1156,47,5626,18,20,71,0,3,0,104,14,7,242,675,301,1091,59,355,208,566,1061,74,4391,74,61,162,0,91,13,109,46,10,569,657,116,2630,11,486,66,461,666,56,5139,211,125,138,0,195,332,152,95,9,1255,729,153,355,48,244,2885,265,458,30,5164,822,27,527,1085,172,408,94,826,27,3991,264,65,125,36,458,72,1285,102,21,2426,46,123,46,0,41,57,3,20,0,334,93,239,5,7,384,20,3,4,18,767,56,50,20,10,105,264,5,35,9,548,179,963,232,4,489,32,12,23,9,1954,102,136,144,98,133,14,38,803,14,1487,411,610,267,669,984,10,227,213,76,3461,388,2804,98,1025,479,9,9,127,13,4952,424,2967,235,3273,1010,22,49,377,67,8430,91,75,69,133,49,23,11,91,9,549,165,114,991,298,172,32,22,156,10,1960,220,137,312,125,225,122,269,335,543,2285
110,5970,305,497,15,566,109,696,2199,141,10492,140,167,444,0,80,0,1173,66,14,2091,493,182,1049,33,312,223,391,1893,52,4636,97,56,300,3,107,19,163,83,3,836,749,120,2760,0,476,48,737,962,54,5908,290,168,190,0,245,444,190,109,21,1656,1012,178,534,86,371,4002,230,783,25,7210,897,14,568,1344,192,625,133,1241,31,5040,323,85,141,18,600,110,1681,148,31,3138,61,161,101,14,64,69,3,23,5,492,170,308,11,9,568,29,0,6,20,1129,94,64,50,8,155,413,16,41,11,848,224,1478,389,14,766,43,21,54,14,2995,141,253,207,171,226,28,185,1208,21,2440,549,866,384,914,1011,26,451,449,86,4737,718,4754,242,1765,928,20,19,271,39,8757,520,3977,414,4483,1362,50,54,540,94,11493,101,129,79,165,62,19,0,136,10,702,211,205,1548,407,328,89,42,263,13,3100,355,197,451,164,269,242,317,438,742,3180
111,206,49,89,7,60,25,50,317,9,801,458,575,1247,14,268,19,1322,120,31,4053,1632,1236,2918,92,933,554,1418,1105,122,10007,349,554,638,17,342,46,315,146,32,2439,2196,751,8829,30,1532,231,1090,2820,188,17663,746,558,534,9,509,632,544,171,38,3731,2481,709,941,162,716,9520,591,1597,61,16771,1911,141,1566,3887,378,1942,492,3010,52,13383,701,555,464,88,1190,178,3104,448,76,6807,239,584,254,8,230,154,38,28,14,1553,836,1939,69,42,2786,243,12,22,102,6045,330,285,106,24,451,1014,46,110,38,2416,1391,6896,1388,30,2181,110,54,166,76,12286,521,691,437,476,769,72,221,2418,39,5638,1572,2696,771,2163,2768,77,246,603,241,11135,1384,10925,440,2959,1777,40,60,280,83,17956,1869,14943,1085,12203,4592,151,257,1233,208,36545,413,474,155,665,211,93,16,178,27,2231,554,631,3114,1199,674,105,147,499,51,6976,708,794,939,391,714,378,633,605,1179,6343
112,2642,137,280,21,187,75,279,1280,52,4938,88,45,117,9,29,0,189,32,14,514,915,335,1417,113,462,309,497,1534,58,5647,112,108,301,6,137,20,195,93,8,990,1418,249,5690,5,903,104,856,1602,116,10941,427,168,184,12,264,425,260,203,20,1959,1934,411,767,130,549,6259,363,1037,48,11497,1801,110,1447,2741,467,988,135,2136,87,9928,350,146,100,102,683,158,1647,110,27,3319,161,484,187,9,128,96,14,20,20,1120,286,608,20,10,792,52,5,18,57,1849,191,130,34,22,290,883,40,81,31,1702,659,3472,628,33,1237,96,25,76,53,6277,353,328,423,246,341,60,52,1985,29,3813,577,988,464,949,1213,28,276,479,87,5057,877,6176,263,2164,1033,31,24,214,68,10859,994,7458,560,7182,2290,91,114,845,131,19655,253,640,218,310,137,45,18,151,25,1803,330,315,1908,812,402,59,37,304,25,4200,687,600,652,314,533,324,354,656,1090,5205
113,4913,274,467,18,409,92,575,1830,85,8667,34,16,70,0,18,5,115,15,3,272,892,416,1532,68,533,226,879,2753,127,7420,128,130,377,9,156,13,220,109,16,1160,745,123,2974,38,527,78,621,807,57,5970,319,217,223,0,274,437,199,141,18,1836,972,217,496,57,314,3946,191,688,23,6909,799,15,541,1366,181,547,136,1101,26,4710,273,86,192,28,603,97,1656,128,26,3082,67,133,86,0,60,74,8,11,0,434,116,283,7,4,502,29,0,7,18,963,77,51,19,8,114,306,23,22,8,628,216,1250,389,13,711,24,16,32,20,2675,116,190,177,136,193,17,67,1298,20,2210,723,1138,725,1892,982,29,312,321,110,6228,551,3791,188,1457,784,15,20,168,39,7018,497,3915,390,4155,1311,56,90,462,68,10931,101,102,83,142,56,16,7,81,5,604,178,195,1435,461,276,54,36,248,17,2901,327,167,515,162,253,163,312,588,834,3326
114,776,45,133,0,80,26,62,412,34,1573,57,38,117,5,10,0,167,16,4,416,632,279,1011,68,323,216,466,520,34,3552,83,50,149,0,59,10,156,80,11,595,985,195,3938,37,661,94,585,1089,85,7661,328,150,143,4,159,251,228,72,11,1350,1156,231,379,68,330,3664,170,618,38,6649,1125,49,914,1554,275,569,106,1303,25,5917,285,139,96,43,466,89,953,87,22,2174,145,223,54,0,57,56,12,9,10,573,285,519,10,9,454,42,15,4,33,1372,154,105,27,15,176,597,19,43,16,1155,532,2124,475,18,848,52,24,48,38,4158,217,199,446,158,219,36,37,1254,26,2592,745,1076,712,1261,861,19,149,227,79,5126,530,3335,123,1242,450,13,11,141,28,5876,543,3726,289,3690,1246,53,54,397,48,10051,164,293,113,182,80,25,3,94,9,968,184,175,1252,445,231,32,20,185,21,2549,348,285,389,134,288,171,198,297,550,2663
115,723,56,160,3,117,40,60,353,9,1524,73,58,35,0,40,5,66,7,0,288,2230,1374,1340,69,1034,448,441,529,67,7540,312,361,173,6,175,34,133,36,9,1244,2724,981,5502,26,2016,254,821,1245,175,13751,1884,1302,293,4,895,615,304,134,50,5481,2434,1350,574,74,857,5203,378,784,75,11724,1117,173,512,1268,254,905,106,1049,34,5415,771,510,176,57,964,191,1627,137,62,4499,692,1445,307,7,310,149,13,17,31,2969,1923,4344,85,28,2855,243,4,11,153,9644,419,438,66,11,460,1167,27,49,37,2684,2559,8201,913,26,2161,272,30,64,126,14362,650,557,316,199,486,85,89,872,24,3273,1172,1762,409,1306,1430,42,99,120,116,6457,1292,7440,273,1856,1296,24,31,169,64,12445,1376,7503,542,4055,2580,110,82,315,107,16672,329,333,147,349,166,52,9,96,19,1502,580,614,1812,567,644,69,57,223,30,4597,1188,1125,543,124,998,385,297,291,900,5850
116,161,30,47,0,58,29,100,235,14,681,37,61,57,0,32,0,47,8,0,247,1905,1500,2461,85,1523,465,2500,2594,180,13221,242,495,283,7,302,25,429,164,27,1974,1518,1068,5085,30,1568,199,1038,1949,170,12637,1162,1355,563,10,1345,645,1530,357,96,7067,2499,1332,850,116,1340,7573,2163,1604,151,17623,1377,189,984,1464,284,1629,266,1810,60,8067,960,678,445,105,2820,482,7865,795,223,14383,532,1587,555,12,433,171,28,49,49,3417,1653,4496,153,53,4386,349,9,16,166,11281,333,330,92,28,455,765,122,86,32,2242,1780,7725,1197,24,1903,192,137,126,129,13210,545,863,284,367,764,102,657,1945,83,5621,918,2308,700,2400,2805,76,226,400,219,10055,887,6795,332,2478,1357,18,66,188,82,12208,1279,9100,1182,9164,3378,133,329,1242,180,25990,247,260,172,363,194,70,18,95,24,1455,403,644,2280,508,661,103,123,434,40,5200,965,1336,946,359,1272,439,1828,1007,1827,9985
117,95,57,33,0,40,9,6,55,8,293,70,104,15,0,19,0,12,5,0,241,1331,1247,1031,175,523,336,310,549,48,5552,258,408,85,4,127,38,61,48,18,1037,1761,1372,3754,39,863,132,389,1575,120,9999,1361,1293,176,12,596,532,282,106,40,4400,3028,1749,695,149,938,6024,567,797,114,14053,2987,427,3103,4831,606,915,196,1594,109,14761,1137,1029,223,356,1547,371,2515,411,122,7715,1309,4529,670,33,722,329,32,45,53,7716,3747,8331,152,69,3954,492,4,24,289,17057,808,909,85,21,476,1364,34,56,56,3810,5042,21657,1378,77,2772,563,31,88,290,31894,1215,1625,273,365,639,208,100,2130,55,6607,2495,3874,924,2064,2255,50,130,313,235,12340,1873,10222,276,1471,1513,60,15,117,107,15649,1560,10273,544,3931,2454,152,89,382,151,19539,1056,1993,383,924,458,183,14,177,70,5263,839,1083,1378,1060,469,130,41,301,55,5347,1659,2401,632,332,917,534,381,528,1482,8863
118,115,49,13,0,28,11,8,31,12,269,88,68,7,0,22,0,8,0,9,210,1201,744,599,64,305,246,146,166,30,3500,233,234,65,3,80,26,32,30,9,720,2070,1021,3949,22,740,125,279,1212,128,9544,1265,878,94,13,370,406,142,51,31,3243,2337,1137,401,75,519,3712,217,377,64,8840,1915,270,847,2021,328,566,143,657,58,6800,848,688,135,199,760,220,1272,208,63,4402,1014,2805,329,25,392,303,15,33,37,4944,3321,6468,58,42,2474,370,3,10,446,13185,779,898,49,15,535,1690,18,38,96,4113,4264,14775,799,55,2139,589,17,42,247,22916,1107,1576,236,242,437,179,38,843,31,4691,1466,1996,330,867,1193,35,78,214,115,6287,1343,7817,203,1611,1097,52,3,77,65,12272,1328,9565,308,2778,2301,108,69,220,109,16793,736,1133,210,471,285,120,3,150,49,3153,635,637,883,972,352,70,31,145,36,3747,1676,1731,385,191,677,465,176,243,1049,6592
119,116,48,40,3,50,28,45,112,7,445,28,68,27,4,30,4,33,9,0,198,2107,1429,2945,142,1364,659,1777,2612,166,13200,216,371,234,8,259,40,245,151,31,1551,2971,1437,8229,52,2214,245,896,2735,294,19072,1633,1408,472,28,1468,1018,1161,387,76,7654,3716,1832,1219,222,1622,12488,1284,1981,231,24590,2662,351,2937,3176,658,2043,335,2809,137,15101,1591,1138,603,406,4422,924,7210,895,317,17509,762,1952,659,31,603,272,66,49,68,4461,2576,6064,205,65,6065,454,12,31,275,15747,636,630,103,28,824,1883,59,140,50,4364,2501,12846,1548,83,3581,292,95,155,222,21322,966,1104,427,566,986,203,300,4335,86,8980,1493,3029,743,2798,3336,67,259,554,272,12551,1623,11664,408,3090,2208,40,67,286,123,19510,1717,12600,1285,11167,4270,206,277,1407,255,33181,543,620,286,875,415,133,41,154,55,3112,752,993,3329,1318,954,187,150,791,74,8546,1465,1964,1463,603,1670,792,1371,1392,2864,13580
120,91,43,30,4,32,12,17,57,3,296,66,79,14,3,31,0,12,8,4,212,1579,1170,1092,77,559,372,363,764,66,6027,234,339,86,4,117,17,66,43,11,918,2326,1173,3679,16,1153,159,344,1160,140,10159,1527,1130,201,4,636,562,334,168,41,4603,2466,1390,501,89,821,5679,490,787,101,12324,1879,282,1787,2286,338,976,160,1376,75,9163,807,695,205,110,1196,257,1859,302,82,5517,1068,2831,446,21,513,250,25,26,36,5224,3080,6212,104,33,3661,336,3,11,215,13656,646,713,56,6,547,1471,21,63,56,3585,3467,14102,1027,34,2460,343,20,80,195,21726,861,958,261,323,576,113,103,2045,47,5284,1627,2884,465,1125,1909,51,77,167,164,8460,1603,9264,259,1612,1379,41,18,157,83,14416,1560,10489,561,4778,2752,115,100,478,141,20990,600,1082,244,534,259,110,20,105,27,2986,668,863,1113,708,567,89,51,282,46,4377,1276,1617,550,250,839,427,356,510,1315,7140
121,261,82,40,3,75,27,3,114,7,618,197,192,9,0,45,5,9,8,5,462,2386,1800,881,143,685,483,216,453,53,7109,477,489,86,5,155,25,58,28,17,1340,2818,1651,3672,13,1149,151,173,787,117,10538,2822,2257,272,10,997,679,254,73,72,7433,3529,1849,635,102,864,6626,378,908,81,14993,2303,415,1425,2616,356,958,250,1259,67,9657,1097,943,134,141,921,251,1409,199,61,5155,1919,4077,467,20,723,378,26,34,78,7721,5984,12310,157,57,5085,584,3,20,557,24764,1139,1292,63,14,753,2240,8,57,121,5686,7395,24539,1508,50,4048,636,32,79,373,38655,1378,1584,413,387,690,157,51,1326,48,6031,2123,3530,458,1002,1792,56,51,131,155,9297,2141,12283,349,2527,1753,61,17,136,106,19378,2515,15053,683,5618,4134,166,128,543,206,29047,741,1110,219,623,388,111,18,83,52,3333,919,1095,1386,1115,689,96,35,251,44,5622,2378,2398,419,206,1069,516,214,296,1308,8804
122,140,43,48,0,47,17,15,94,5,414,92,66,11,0,14,4,5,0,0,194,1728,926,1143,89,627,494,381,432,57,5876,266,195,109,0,113,21,103,80,12,901,2789,797,6366,18,1251,152,317,1040,116,12839,1700,1094,148,9,758,565,269,68,41,4657,2422,908,549,100,817,5405,525,771,77,11578,1640,232,926,2240,303,761,218,1010,44,7378,621,496,106,144,587,158,1341,152,30,3640,1007,2009,373,8,354,270,19,26,38,4110,2814,4311,48,32,2030,322,0,9,207,9778,666,579,76,13,509,1362,15,41,67,3324,4356,10831,929,35,2405,493,32,85,178,19344,1107,931,519,248,460,133,64,1136,27,4633,1120,1433,333,1098,1031,42,85,144,104,5384,1299,7134,173,1900,1007,48,17,154,62,11792,1438,6719,418,4340,2382,102,106,402,106,16004,569,740,184,489,231,84,8,86,20,2426,685,470,1665,958,487,84,24,231,22,4630,1660,1297,514,190,868,447,273,353,797,6398
123,375,17,102,5,63,20,55,282,9,923,61,56,149,0,52,3,302,29,0,650,1668,758,2521,48,1303,471,1967,1814,152,10692,201,147,322,7,229,49,377,119,31,1486,1647,524,6496,29,1647,220,1384,2136,213,14288,877,521,386,5,891,554,765,219,57,4290,1972,529,755,80,965,6542,1209,1178,97,13332,1079,83,678,1495,230,1373,227,1624,58,6842,869,429,497,126,2010,375,4664,605,147,9725,239,515,269,6,221,107,38,36,22,1448,762,1468,69,25,2190,162,8,9,92,4783,282,154,124,30,397,710,117,76,30,1927,809,3160,877,27,1568,97,67,84,58,6747,374,473,314,298,483,80,333,1641,39,4043,836,1457,629,2474,2046,65,223,490,175,8390,911,6332,289,2460,1223,15,87,232,61,11614,1030,6402,654,6804,2617,95,163,684,145,18594,253,188,175,312,174,69,15,137,25,1345,373,349,2269,528,602,99,100,345,50,4716,667,617,885,255,894,339,1084,733,1301,6786
124,433,40,184,3,106,26,124,419,23,1359,44,43,83,0,41,7,161,11,6,397,1784,900,2628,62,1438,535,1783,1330,108,10559,339,278,391,10,346,49,583,211,43,2255,1876,558,7892,43,2016,252,1906,3030,255,17824,984,589,448,17,1015,650,973,238,72,4982,2276,697,838,95,1058,6795,1423,1448,106,14731,1299,118,860,2051,317,1518,241,1899,48,8348,877,364,425,116,1993,286,4957,597,134,9741,311,737,290,13,258,103,29,36,24,1809,946,1617,61,27,2510,199,8,10,89,5473,347,201,144,43,506,906,106,105,27,2371,970,4012,1103,32,1721,104,65,91,65,8175,473,604,490,299,576,99,421,1495,40,4492,1408,2183,879,3201,2840,72,293,469,238,11568,1290,8858,353,2689,1647,33,56,247,67,15236,1303,7617,700,7526,3173,120,172,697,160,21466,387,458,275,395,263,81,28,201,38,2118,494,521,2773,629,774,114,108,326,36,5790,787,654,908,273,979,414,1105,625,1266,7012
125,103,53,35,3,45,19,56,158,4,474,40,71,37,0,38,5,21,5,3,214,1911,1932,2242,123,1364,456,1858,2692,202,12781,242,549,223,5,249,48,216,96,21,1652,2322,1444,6043,33,1780,210,622,1991,258,14711,1520,1613,502,20,1391,779,1254,447,96,7620,2818,1745,956,131,1250,8468,1573,1602,174,18729,1953,288,2043,2114,447,1663,333,2153,82,11068,898,794,321,113,2550,397,5586,621,202,11481,605,2100,614,17,452,194,61,53,51,4158,1963,6020,200,43,4873,343,14,19,211,13689,443,484,88,29,604,1277,72,86,46,3109,2443,13484,1524,50,2456,259,74,104,187,20583,640,1004,339,462,863,129,346,3234,85,7103,1228,2868,651,2074,2760,57,128,348,217,10325,1096,8600,351,2522,1697,39,63,218,109,14693,1372,11492,1171,9481,3474,154,234,1203,243,28828,347,417,215,497,265,75,23,154,39,2031,558,892,2045,689,718,98,104,536,59,5690,1259,1950,1237,473,1349,668,1462,1375,2834,12606
126,55,40,18,0,27,9,5,36,0,197,48,71,12,0,25,0,13,0,0,162,1188,1267,646,75,515,257,236,377,43,4606,177,286,74,0,100,12,23,21,12,703,1318,887,2329,9,723,97,129,513,74,6075,1249,1295,186,4,734,400,198,66,36,4180,1487,968,397,55,521,3755,262,560,67,8076,1103,203,907,1212,232,585,84,752,46,5121,471,487,109,68,703,146,1049,108,48,3191,623,1953,277,20,370,156,9,18,28,3462,1597,4408,95,16,2355,178,4,8,117,8781,411,479,39,8,377,942,10,25,25,2308,2202,9481,840,24,1733,182,17,48,111,14645,457,575,177,164,337,60,28,874,26,2693,769,1561,248,513,998,25,56,75,73,4322,874,5865,183,1251,1035,29,25,96,61,9412,965,6703,446,3012,1923,77,63,299,92,13578,247,370,115,367,144,59,4,34,12,1352,376,594,828,447,362,55,18,153,16,2844,829,1206,295,104,622,254,159,221,812,4503
127,644,15,64,8,53,27,72,424,14,1308,21,38,41,0,23,4,57,13,3,203,1839,1076,3168,91,1660,537,3563,3673,244,15836,203,239,227,7,263,40,389,133,22,1515,1902,888,6635,37,1796,246,1186,2475,239,15406,1022,824,496,16,1236,764,1349,452,86,6246,2367,1078,1028,109,1205,8071,2117,1603,153,17727,1534,161,996,1816,317,1754,213,2027,91,8908,1060,515,471,119,3130,450,7019,762,186,13715,351,784,425,10,310,148,102,47,36,2211,1164,2763,130,37,3959,237,15,19,165,8484,309,248,91,42,502,921,104,98,37,2350,1004,5123,1071,49,1822,138,73,119,82,9487,551,678,248,392,715,97,628,2268,77,5660,999,1907,758,2879,2644,58,224,413,219,10096,770,7530,260,2449,1343,33,71,219,66,12735,1069,8168,876,7760,3132,148,198,810,180,22343,259,245,153,436,239,85,33,173,26,1654,454,462,2711,1045,674,130,123,441,65,6111,903,963,1197,433,1192,562,1885,1484,2172,10790
128,60,22,32,0,29,17,16,42,0,215,45,44,46,0,20,0,46,3,0,213,1518,662,1402,49,775,455,383,362,47,5651,231,237,244,0,144,38,144,97,17,1151,2487,706,6698,16,1396,160,447,1115,151,13173,1141,614,161,10,648,547,269,68,33,3491,1815,656,551,60,753,4732,341,739,58,9710,1077,131,436,1617,227,751,144,938,40,5354,1160,701,496,413,1434,413,1549,342,88,6594,437,809,219,13,249,140,3,14,32,1925,1617,2693,61,31,2257,227,0,4,125,7017,463,329,57,8,492,1015,37,36,40,2484,1787,5825,870,26,2387,166,45,93,80,11286,631,517,292,252,530,103,62,924,27,3349,1237,1595,599,2337,1605,36,137,212,150,7908,1147,7294,158,1701,1197,18,20,144,50,11729,1071,6313,395,3826,2538,80,59,289,93,14658,422,383,159,435,252,77,8,64,29,1827,516,455,1770,705,532,74,57,220,26,4363,951,691,505,120,714,330,263,219,615,4406
197,0,0,0,0,0,0,0,0,0,0,0,0,0,0,0,0,0,0,0,0,0,0,0,0,0,0,0,0,0,0,0,0,0,0,0,0,0,0,0,0,0,0,0,0,0,0,0,0,0,0,0,0,0,0,0,0,0,0,0,0,0,0,0,0,0,0,0,0,0,0,0,0,0,0,0,0,0,0,0,0,0,0,0,0,0,0,27,0,0,27,0,0,0,0,0,0,0,0,0,0,0,0,0,0,0,0,0,0,0,0,0,0,0,0,0,0,0,0,0,0,0,0,0,0,0,0,0,0,0,0,0,0,0,0,0,0,0,0,0,0,0,0,0,0,0,0,0,0,0,4,0,0,0,0,0,0,0,0,0,0,0,0,0,0,0,0,0,0,0,0,0,0,0,0,0,0,0,0,0,0,0,0,0,0,0,0,0,0,0,0,0,0,0,0,0,0,0,0,0,0
201,1686,105,237,12,149,41,118,610,31,2982,64,100,121,7,29,3,189,39,0,562,947,425,1499,84,479,332,680,1364,61,5866,138,117,194,0,129,4,137,71,12,802,894,186,3971,0,657,89,757,1169,86,7810,272,115,151,5,200,400,209,124,11,1490,1147,277,486,75,402,4096,243,713,30,7468,950,46,670,1369,138,845,98,1317,20,5467,279,98,159,48,604,174,1407,123,23,2909,135,334,135,13,271,73,14,22,13,1004,238,432,18,14,526,70,0,3,17,1321,103,85,50,11,159,372,23,25,17,845,453,2188,506,19,831,46,17,29,29,4126,164,202,327,177,256,30,40,914,17,2117,649,981,250,1351,1345,17,137,212,89,5022,587,4476,196,1542,697,22,14,165,40,7745,704,5447,423,4668,1794,64,88,587,88,13851,219,296,231,306,114,68,14,247,27,1516,225,177,1315,460,224,53,50,244,18,2753,311,240,428,165,270,150,254,377,672,2864
202,1685,92,223,9,102,32,129,632,17,2912,104,180,281,12,51,3,516,108,13,1266,944,428,1423,95,451,366,608,1976,58,6350,166,141,162,0,199,14,142,55,10,886,922,163,3612,22,614,103,576,973,75,7047,267,131,104,0,201,340,214,94,12,1356,1122,266,459,96,334,3908,248,744,28,7208,713,30,556,1269,130,671,143,1307,27,4853,289,123,96,40,490,141,1224,112,20,2550,126,307,125,8,115,73,3,20,13,791,373,868,33,8,970,47,0,6,39,2357,88,83,37,10,128,347,15,37,16,745,463,2039,479,19,754,36,11,34,36,3876,166,215,282,173,207,23,20,987,27,2099,646,1136,200,1446,1053,18,147,253,72,4969,450,4242,153,1368,512,6,16,95,36,6872,712,5707,391,4343,1662,79,73,514,80,13560,229,335,141,330,85,41,12,106,17,1284,268,257,1278,365,278,41,36,196,15,2747,328,227,358,151,265,164,218,391,659,2759
203,1230,122,219,13,134,56,119,591,38,2519,53,47,70,0,26,0,126,25,7,360,1588,913,2387,206,691,576,1194,1662,115,9342,281,301,345,15,369,66,287,137,35,1838,2128,628,9651,19,1372,224,1282,2603,229,18138,759,495,524,11,479,630,678,334,34,3952,2502,977,862,149,850,8352,1048,1406,86,16226,1672,93,1338,3117,296,1519,160,2528,63,10785,672,372,343,155,1002,251,2769,352,70,5986,291,569,214,9,189,157,14,13,19,1477,820,1691,62,35,1747,115,12,25,96,4604,272,230,81,24,352,873,56,60,28,1982,1322,5296,1105,44,1882,136,33,82,95,9991,407,517,603,289,414,63,147,1974,39,4458,1258,2292,431,3357,2067,28,106,383,162,10082,1245,9476,415,2757,1295,34,67,218,82,15593,1507,10615,792,8629,3299,127,147,1021,187,26323,544,578,273,631,201,107,19,193,48,2589,473,435,2473,957,477,79,80,400,39,5397,721,683,693,282,563,334,612,626,1209,5730
204,3827,170,362,18,238,85,240,1240,60,6240,52,38,81,6,26,4,143,19,7,368,1173,503,1690,156,546,348,1015,1762,89,7294,112,75,213,0,132,11,173,61,12,789,1002,230,4370,47,767,91,928,1427,105,8966,337,114,173,0,235,442,271,164,11,1747,1166,234,563,78,396,4166,380,793,57,7838,1363,48,833,1753,254,739,151,1593,50,6787,437,125,217,219,653,216,1928,128,38,3966,106,168,113,8,65,62,6,9,0,546,171,404,15,5,606,38,4,4,32,1283,89,61,69,14,143,457,15,30,12,885,354,1736,485,14,785,43,16,33,37,3502,220,204,361,180,201,32,76,1260,19,2550,1123,1379,736,2099,1407,22,357,327,120,7572,557,4026,184,1704,595,17,27,170,35,7319,714,4644,437,4573,1502,59,58,707,79,12781,194,211,184,249,99,44,35,173,15,1214,227,220,1583,386,275,45,49,236,15,3032,427,248,493,180,317,184,317,431,852,3442
205,5412,233,513,29,334,94,550,2261,121,9533,115,105,422,10,65,4,410,77,20,1222,1066,436,2218,124,624,437,1157,1891,104,8060,379,448,1077,25,469,38,611,386,81,3510,1471,285,6742,54,1133,138,1488,2305,167,13793,508,195,267,11,308,726,421,237,20,2687,1828,287,841,87,560,6839,404,1109,47,12009,1432,46,964,2129,238,1114,129,2011,62,8117,419,131,226,71,844,218,2093,186,49,4243,176,301,217,0,214,138,19,28,13,1112,213,553,25,10,960,55,11,9,25,1857,155,102,82,22,323,683,27,59,24,1480,492,2307,828,24,1301,72,24,87,47,5179,204,306,555,234,329,41,100,1711,30,3513,1106,1805,449,2080,2107,27,130,449,158,8313,790,6100,261,2608,948,12,29,224,46,11011,975,6811,650,7487,2460,75,97,1053,155,19766,314,461,207,461,178,85,10,207,35,1967,370,320,2549,664,491,81,81,524,42,5135,570,341,801,276,470,276,445,643,1319,5153
206,404,177,112,12,113,44,45,147,16,1070,192,270,37,0,65,5,30,14,15,631,3757,3289,2167,299,1154,943,725,1232,117,13683,939,1333,191,5,583,186,119,94,51,3511,4171,2727,7429,44,1863,294,521,2392,255,19698,2467,1965,323,57,1037,1161,476,225,72,7795,5946,3799,1142,324,1791,13035,890,1480,224,28633,5098,721,5281,11542,907,1917,277,3738,182,29653,1849,1965,313,427,1823,476,3228,387,171,10633,1903,5551,793,70,1027,592,44,88,97,10162,4294,10528,161,157,6611,673,13,31,446,22913,1342,1452,151,70,979,2547,50,116,134,6836,8744,40691,2589,152,5521,772,81,167,587,59304,2039,2862,615,715,1546,284,213,3740,154,12163,4788,8682,645,3123,5116,80,69,383,403,23282,3560,24044,613,3721,2600,99,19,231,215,35111,3402,27426,1091,8172,5557,241,148,600,315,46946,2159,4201,589,2190,840,376,45,329,164,10894,1558,1890,2603,2291,1114,208,80,399,93,10245,2796,3888,945,622,1515,875,570,672,2455,14343
207,218,90,57,3,64,27,13,60,8,536,103,158,21,3,39,0,7,0,9,335,2481,1889,1094,183,803,626,455,719,86,8337,420,606,99,6,235,52,39,31,18,1506,2684,1239,4563,18,1225,174,224,1103,169,11412,2069,1313,215,20,889,724,320,111,56,5713,3579,1930,741,156,1096,8995,500,1117,127,18235,2419,216,1594,3634,366,1433,165,2165,105,12090,880,820,146,117,1006,272,1750,150,65,5206,845,1781,361,19,395,309,22,23,46,3799,2335,5655,101,47,3351,272,4,9,245,12013,722,793,56,24,674,1845,23,64,76,4283,4008,15835,1203,69,2942,367,48,78,241,24792,909,1008,451,324,684,120,79,1567,62,5198,1536,2902,288,1258,1888,51,29,290,143,8386,1724,11383,399,2557,1539,50,13,114,100,17876,1962,15371,700,5137,3862,146,97,529,194,28004,692,793,125,1081,309,160,13,74,53,3307,771,938,1510,1018,631,128,45,311,53,5400,1579,1667,552,239,950,504,329,394,1473,7685
208,282,96,73,3,62,43,17,74,10,667,143,175,28,3,36,0,25,10,10,434,3681,2188,1776,152,1307,933,750,914,101,11798,640,696,163,0,326,80,102,84,39,2128,3682,1408,7546,26,1822,290,379,1678,206,17049,2518,1490,272,18,1065,1030,501,154,89,7140,4400,2112,726,152,1330,9822,664,1164,159,20526,2153,235,1550,3932,367,1511,140,2107,75,12077,1337,992,194,140,1196,259,1747,207,88,6169,1113,2137,384,23,531,342,22,22,55,4628,3050,6232,101,42,3670,383,7,26,285,13795,836,797,92,20,761,2010,29,67,93,4701,5510,17177,1468,71,3611,484,48,101,275,28755,1327,1380,623,383,873,161,117,1416,65,6347,2096,3361,418,2216,2478,52,35,349,220,11236,2233,13840,397,3481,1796,55,16,134,139,22100,2342,14713,761,6417,4537,194,120,469,197,29759,984,1183,291,1307,459,145,37,133,64,4606,975,838,2030,1308,738,118,43,319,73,6454,2179,1944,670,267,1257,649,442,429,1481,9318
209,444,108,147,13,95,43,124,436,21,1434,81,116,59,3,36,4,94,20,0,409,3401,2179,4079,241,1931,1047,2372,2792,212,18256,511,615,292,4,484,120,395,143,56,2625,3415,1291,14537,45,2533,349,1751,4253,424,28595,1681,1052,513,31,1306,1143,1038,373,73,7206,3881,1513,1262,184,1625,12744,1097,1943,160,24414,2295,180,2141,3613,391,2373,257,3074,103,14425,1355,1021,555,346,2682,545,6212,481,213,13408,748,1788,616,32,571,302,42,47,67,4202,1679,3955,119,62,4101,320,20,28,158,10437,502,369,131,55,644,1460,65,88,54,3372,2923,11646,1839,70,3374,254,65,146,159,20483,916,1026,897,567,1087,152,270,3203,111,8225,2330,4117,946,4314,4004,72,225,860,337,17208,2014,14872,622,4583,2300,55,34,209,133,24827,2188,16111,1444,12490,5692,197,219,1174,277,39794,783,1053,327,1292,421,160,15,169,79,4297,941,955,3959,1557,984,176,128,666,83,9447,1493,1503,1500,506,1490,661,1309,1133,2291,11880
210,364,62,115,7,88,34,85,244,16,1011,45,47,52,5,22,0,82,6,4,261,2290,1295,3263,145,1477,703,1980,2585,205,13942,296,420,261,4,357,104,349,141,39,1977,2372,848,10964,32,1924,250,1556,3293,326,21569,1108,757,379,16,939,770,889,274,74,5208,2588,978,968,154,1056,9102,949,1359,124,17285,1605,131,1782,2266,315,1824,239,2512,85,10769,1553,1157,702,422,3173,637,6910,789,264,15607,473,1030,393,26,356,190,35,48,45,2594,1033,2617,99,46,3238,238,24,26,115,7449,399,242,105,45,460,1010,83,89,40,2475,1625,6839,1254,47,2197,147,52,123,133,12429,633,800,524,417,794,114,363,2841,82,6568,1365,2588,640,3856,3073,44,147,492,243,12441,1209,9231,405,3465,1464,30,42,223,111,16185,1142,8541,906,8488,3287,130,158,728,169,23555,504,488,230,757,266,125,18,160,57,2613,617,562,3164,973,736,124,118,557,72,6908,979,965,1238,477,1143,488,1209,1075,2022,9591
211,887,120,318,22,196,83,102,706,30,2463,78,106,60,0,30,8,97,22,3,400,4316,2686,4390,276,2557,1204,2457,2898,263,21049,584,711,377,7,551,97,336,167,57,2888,3908,1320,16235,47,2958,339,1525,3474,411,30212,2402,1732,605,13,1863,1313,1131,505,119,9691,4221,1690,1456,180,1859,13178,1038,2057,188,25867,2138,185,1714,3687,403,2119,193,3141,72,13651,1012,682,385,230,1785,357,3172,330,110,8064,795,1725,603,22,590,289,71,58,56,4212,1540,4053,151,58,3638,312,10,13,145,9917,562,427,126,48,747,1504,74,105,49,3643,3059,11796,2170,71,3569,341,85,175,203,21464,918,992,1263,489,1080,134,261,2744,86,7972,1755,3120,695,3410,2945,67,104,840,235,13168,2077,14798,641,4645,2242,40,52,271,116,24878,2166,13950,1264,11996,5204,222,188,1130,235,36357,753,813,403,1156,429,185,38,176,66,4010,1119,1208,4532,1496,1301,188,146,594,90,10678,1749,1611,1529,383,1744,622,1041,1192,2018,11894
212,1461,136,345,17,229,96,284,1624,59,4242,74,112,107,3,54,5,182,28,13,573,5661,3681,8496,337,3766,1520,7579,10029,603,41673,632,897,517,12,798,163,869,309,101,4300,4128,1877,20859,68,3852,582,2699,6235,631,40927,2811,2184,1176,42,2827,1765,3002,1084,187,15086,6234,2591,2336,297,2828,20103,2522,3345,326,40579,3520,240,3848,5112,554,3880,523,5425,148,23243,1762,1065,666,227,4417,708,11090,858,313,21108,910,2158,902,45,801,461,169,108,89,5639,1883,5392,226,89,6282,521,46,38,265,14756,717,570,245,54,914,2201,163,201,83,5140,3303,15357,2786,98,4391,370,221,329,277,27131,1162,1516,1205,838,1618,189,654,6218,185,13597,1550,3648,755,4279,4097,56,179,969,297,15824,1940,16544,902,6796,2753,77,96,357,203,29673,2393,19542,2226,21496,6790,327,524,2392,424,56118,774,769,557,1503,484,217,67,427,85,4888,1204,1273,6892,2321,1555,297,267,1361,174,15344,2291,2571,3047,922,2534,1189,3545,3576,4663,24349
213,796,173,163,5,247,83,269,768,41,2552,89,139,97,0,64,3,240,32,13,684,3864,2801,5973,302,2447,1109,4945,6024,468,27926,711,1177,567,13,996,260,734,343,145,4949,3714,1879,16989,94,3164,506,2731,6354,630,36058,1987,1509,953,53,2064,1434,2428,745,130,11311,5379,2326,1996,293,2463,18459,3752,3136,327,38129,3603,294,3859,4993,670,4031,462,5514,195,23610,2825,1784,1350,478,7161,1048,18242,1729,598,35226,1037,2866,964,48,954,416,88,116,105,6593,2601,7546,236,209,7908,561,38,51,301,19447,862,568,223,73,1044,2220,422,250,89,5759,4077,17029,2660,116,4232,390,152,263,319,29235,1265,1837,906,863,1830,238,1270,5771,190,14155,2860,5377,984,6372,5560,75,205,1055,440,22927,2202,16364,848,6903,2677,51,61,355,222,29687,2362,17100,1750,17247,5993,260,444,1514,333,46993,1031,1191,529,2116,605,282,56,445,128,6389,1160,1203,5619,2491,1245,270,238,1225,139,13588,1902,2268,2318,916,2153,986,3402,2559,4607,21116
214,606,73,217,9,132,64,90,425,21,1641,64,51,87,5,34,0,61,10,4,317,2326,947,2709,140,1236,696,1334,1499,113,10990,265,242,258,0,276,57,355,116,26,1595,2604,572,10693,52,1891,224,1057,2933,249,20266,1150,505,311,12,764,749,553,234,35,4328,2451,667,809,147,926,7934,556,1195,73,14756,1525,77,1009,2456,280,1184,141,1895,68,8626,530,267,215,101,897,238,1793,236,59,4327,334,535,239,12,214,142,21,27,16,1536,681,1205,35,22,1229,133,30,14,70,3430,353,220,101,19,470,1110,57,79,47,2450,1415,4405,1043,76,1831,186,46,103,87,9188,575,534,889,311,532,86,145,1815,29,4919,946,1431,979,2728,1391,37,51,379,110,8053,1073,7654,318,2498,973,26,13,147,88,12782,1184,7488,667,7245,2989,115,109,797,134,20732,530,556,361,678,238,91,23,230,64,2762,552,402,2498,869,552,115,62,345,47,5446,982,683,866,228,825,406,607,625,1316,6556
215,6392,228,581,23,431,104,659,2851,113,11389,71,55,135,0,28,0,243,47,9,587,627,236,993,49,370,222,427,1326,79,4325,111,101,222,0,151,11,190,67,10,864,684,73,2441,7,418,59,570,740,53,5051,313,192,207,5,286,425,244,205,18,1900,967,151,452,54,236,3603,148,692,36,6345,798,18,502,890,147,510,69,1037,24,3990,282,54,113,49,499,130,1492,132,28,2782,49,118,74,0,39,55,6,22,0,362,108,221,15,0,436,31,0,6,17,831,39,41,27,10,110,234,16,18,13,511,164,931,303,12,549,36,10,42,19,2061,152,192,188,131,197,15,64,1066,20,2032,397,749,259,1286,692,10,236,293,66,3985,356,3031,108,1212,453,0,30,136,27,5354,526,3665,366,3949,1270,41,53,744,70,10683,114,146,112,179,43,31,7,83,12,724,148,137,1268,328,213,53,26,202,16,2393,277,172,368,131,229,138,247,549,909,3021
216,3647,116,314,4,254,67,290,1801,74,6574,16,7,31,0,6,0,72,7,8,155,874,337,1342,65,466,305,759,1798,88,6030,168,165,166,5,202,21,195,77,22,1007,651,139,2635,3,539,78,535,859,76,5517,200,117,130,0,160,281,186,136,10,1230,834,154,427,58,245,3292,180,553,18,5764,649,21,493,911,157,497,94,955,17,3792,283,42,117,31,459,90,1317,105,11,2452,37,121,54,0,47,52,3,11,5,335,86,225,0,3,395,15,3,5,10,749,49,38,25,5,130,232,9,25,3,522,167,1024,333,11,551,28,7,34,19,2175,124,147,164,89,141,21,65,871,17,1624,301,459,152,740,448,6,60,165,26,2361,275,2667,123,1055,388,10,9,103,16,4635,473,3398,305,3667,1112,42,56,562,59,9677,100,77,117,144,62,30,7,78,10,618,169,163,1199,311,244,46,48,339,18,2539,273,115,363,107,220,157,263,396,695,2599
217,5472,190,430,32,233,71,405,1907,79,8815,33,20,71,0,13,5,93,15,8,254,637,270,1147,57,343,232,895,1739,81,5393,86,62,196,0,112,5,143,68,17,691,632,77,2436,0,350,50,507,786,55,4891,230,115,116,0,178,375,161,145,9,1326,801,139,401,42,237,3157,178,633,21,5601,749,16,543,998,154,484,47,1053,20,4076,251,58,110,21,371,79,1207,111,25,2231,56,143,79,0,43,48,5,16,4,391,105,244,9,6,354,24,0,3,18,765,40,28,18,5,88,248,11,21,6,475,128,1068,278,10,565,29,4,31,9,2117,88,138,257,165,100,21,20,728,14,1525,331,565,178,918,577,12,158,255,37,3028,339,2692,118,985,408,5,17,114,22,4690,480,3484,294,3358,1125,41,50,627,34,9485,100,160,112,157,44,29,0,107,12,723,129,123,1005,291,183,38,34,202,18,2021,306,124,306,116,156,110,217,312,653,2298
297,0,0,0,0,0,0,0,0,0,0,9,0,19,0,0,0,10,0,0,40,0,0,0,0,0,0,5,0,0,5,0,5,0,0,0,0,0,0,0,5,0,0,4,0,0,0,0,0,0,6,0,0,0,0,0,0,0,0,0,3,0,0,0,0,0,0,0,0,0,0,0,0,0,0,0,0,0,4,0,3,3,19,13,21,0,0,18,22,0,96,0,0,0,0,0,0,0,0,0,0,0,0,0,0,0,0,0,0,0,0,0,0,0,0,0,0,0,0,0,0,0,0,0,0,0,0,0,0,0,0,0,0,0,0,0,0,0,0,0,0,0,0,0,0,0,0,0,0,0,0,0,0,0,0,0,0,0,0,0,0,0,0,0,0,0,0,0,0,0,0,0,0,0,0,0,0,0,0,0,0,0,0,0,0,0,0,0,0,0,0,0,8,0,0,0,0,0,3,0,15
301,203,37,64,3,65,26,26,224,9,656,248,284,213,5,102,9,195,34,13,1115,1619,678,2093,68,952,411,877,1314,82,8094,234,322,293,3,254,30,190,94,23,1440,2008,625,6336,13,1638,189,826,1667,168,13466,907,462,321,12,701,486,556,196,53,3692,1807,480,679,90,749,5763,609,977,55,11201,1017,94,541,1790,220,1074,265,1452,49,6492,810,644,372,150,1388,233,2384,520,95,6606,280,383,209,8,187,110,31,22,15,1246,619,1132,70,17,1525,187,12,8,56,3631,356,167,84,15,410,933,61,91,21,2139,1377,4080,960,32,1609,155,48,84,64,8398,485,538,315,292,607,71,123,1436,37,3906,900,1653,416,1409,1947,46,79,294,138,6876,919,5556,282,2199,1005,35,13,365,55,10433,1157,5893,682,5558,2887,105,93,521,110,17011,279,301,153,417,165,63,24,75,33,1506,506,421,2146,759,604,69,74,313,29,4928,805,612,715,181,759,332,466,456,773,5092
302,108,50,42,0,46,9,15,73,0,348,235,466,172,13,132,10,148,19,15,1216,1023,618,1352,61,604,320,621,851,70,5527,285,522,279,5,260,21,128,58,33,1595,1371,627,4289,14,920,124,432,1049,108,8934,628,461,208,18,477,437,383,108,31,2753,1593,670,614,103,605,5118,525,954,66,10247,1132,131,956,1908,242,1123,227,1598,45,7353,862,939,456,322,1439,301,2348,573,103,7338,257,586,205,8,228,122,21,20,40,1482,623,1610,56,12,1719,172,0,16,66,4272,319,232,56,22,343,851,46,79,27,1968,1493,6143,990,29,1655,131,48,96,107,10685,422,595,279,300,562,74,80,1330,43,3684,1294,2485,477,1654,2713,46,141,209,195,9214,902,5746,257,1923,981,31,15,333,56,10240,1210,8752,730,5461,2946,128,132,569,140,20060,359,475,184,461,170,64,8,132,28,1891,436,517,1505,735,469,98,54,361,33,4208,596,654,523,210,632,270,369,401,833,4490
303,230,85,45,0,70,34,33,178,16,699,371,786,190,4,199,9,91,29,18,1694,1706,1328,1962,158,941,494,1110,2134,142,9976,344,706,291,0,284,41,139,81,35,1914,2040,1238,6021,19,1406,199,470,1470,148,13006,1137,935,345,30,831,721,704,297,63,5059,2623,1501,786,148,918,8227,1016,1378,114,16710,2245,245,2175,3583,385,1851,324,2998,90,13897,946,840,342,143,1827,311,4267,478,127,9271,399,1035,380,23,342,231,24,29,35,2501,993,2745,77,17,2814,293,6,12,113,7065,558,497,110,29,621,1648,69,139,55,3728,2332,12009,1471,56,2551,196,61,112,162,18954,734,950,367,431,905,113,152,2553,91,6300,1803,4034,469,1693,3234,47,101,258,219,11865,1568,11705,513,3073,1842,42,44,412,115,19314,1726,15476,1061,8080,4044,155,165,831,192,31724,615,796,220,886,291,127,19,158,39,3163,695,917,2245,1189,667,139,104,511,46,6513,1083,1438,909,367,986,497,752,797,1679,8506
304,176,74,26,4,40,21,7,61,3,409,441,649,114,0,130,7,69,9,13,1433,957,643,677,72,356,263,269,339,31,3612,310,484,121,3,150,18,45,22,13,1174,1174,639,2334,26,655,115,165,535,34,5681,586,436,130,26,270,252,185,67,17,1966,1182,606,298,74,345,3853,272,680,34,7349,790,133,486,1858,168,840,191,1240,25,5731,490,534,164,85,540,107,846,144,31,2943,246,642,128,8,151,97,0,11,18,1312,727,1748,43,13,1254,129,0,15,75,4001,349,298,46,17,293,733,17,69,32,1847,2155,7954,878,37,1667,124,22,44,96,12980,439,527,221,184,445,58,35,782,31,2729,1514,2521,457,1567,1505,35,193,104,148,8048,1171,8175,292,1869,1046,46,14,196,52,12859,995,7494,453,3018,2109,54,44,218,72,14457,296,495,107,463,156,68,9,64,21,1690,402,526,841,572,309,55,31,194,25,2952,593,693,249,124,381,200,133,154,450,2971
305,256,123,35,9,68,24,24,120,5,665,853,1302,229,18,255,3,136,21,42,2865,1425,1057,934,157,478,371,326,655,58,5461,468,773,183,5,269,35,63,37,21,1864,2252,1336,3544,14,1088,172,247,879,98,9633,1009,829,171,79,447,481,250,94,33,3389,2290,1274,557,151,700,6228,495,947,73,12708,2361,343,2105,5426,543,1207,290,2308,84,14667,994,1281,241,318,1075,300,1854,283,89,6438,527,1522,323,22,358,272,22,29,35,3102,1605,3873,67,27,2725,293,0,11,155,8754,839,802,81,36,674,1872,24,116,76,4525,4023,17703,1379,53,3129,332,62,103,247,27039,957,1339,292,455,1005,125,89,2213,73,6539,2144,4094,390,1330,2696,34,76,144,213,11118,1516,9923,303,2009,1245,55,12,209,90,15357,1758,14585,720,4824,3339,173,72,377,134,25974,778,1337,233,1049,333,130,14,151,65,4087,739,871,1280,1188,528,108,41,261,39,5058,1335,1639,494,319,740,410,283,407,1055,6694
306,2390,254,299,91,359,69,498,2388,60,6414,142,170,639,18,75,9,766,85,44,1944,632,260,1827,70,473,287,611,675,60,4899,127,126,488,0,152,27,226,109,16,1274,1130,242,4935,11,997,86,850,1361,104,9717,422,139,229,10,313,596,403,147,15,2272,1646,306,672,110,534,6229,352,1188,50,11080,1968,117,1541,2876,605,1179,183,2712,82,11261,645,706,372,444,943,354,2161,293,84,5992,110,225,134,0,72,78,6,12,3,648,204,472,17,7,673,33,6,13,29,1465,246,93,82,25,303,849,53,124,27,1806,494,2558,658,35,1176,56,17,84,45,5121,396,416,400,432,397,112,148,1891,42,4240,1007,1581,785,2039,1915,63,193,602,149,8336,720,5346,298,2335,916,31,22,510,61,10235,955,7365,521,6814,2437,97,113,682,144,19128,292,352,202,472,139,104,6,120,29,1721,367,627,2187,708,573,79,56,392,34,5024,493,396,707,371,493,272,346,613,1209,4896
307,6070,231,389,10,543,93,810,2519,123,10792,154,125,562,9,100,3,508,113,36,1604,479,146,979,27,318,139,366,1146,37,3633,100,101,498,0,117,15,217,129,38,1209,549,113,1844,11,478,34,931,811,57,4820,211,96,150,3,193,367,122,156,6,1308,701,117,514,50,315,2597,252,539,39,5113,684,11,392,865,98,406,66,861,16,3410,285,49,157,13,525,68,1355,142,27,2623,24,55,54,0,16,35,0,6,0,204,84,164,6,0,324,15,0,6,5,610,47,19,37,6,104,225,36,22,5,500,122,740,305,7,514,16,20,47,18,1798,86,97,105,72,112,10,36,698,10,1225,285,410,359,504,630,19,349,326,61,2931,303,2341,155,1122,404,0,20,338,15,4685,311,2025,197,2757,769,27,21,419,42,6563,62,57,51,83,31,9,9,63,3,368,118,130,1110,221,252,56,35,192,16,2124,336,103,477,128,286,135,300,467,640,2876
308,2878,91,158,14,230,54,231,1175,59,4891,495,613,2989,51,420,24,3975,353,167,9082,708,577,2344,83,553,230,1590,1353,133,7573,231,313,991,17,447,43,367,275,61,2746,819,282,4114,17,1015,62,1481,1584,124,9494,284,149,630,10,321,460,387,132,34,2417,1285,197,577,71,390,5353,316,1027,62,9283,1177,32,763,1663,306,1064,197,2006,70,7281,472,463,609,62,971,120,2495,426,74,5700,68,98,110,0,36,58,0,10,6,384,138,292,11,10,519,34,0,9,17,1031,170,53,132,15,267,513,80,83,16,1327,248,1431,661,19,864,48,32,123,24,3443,191,307,340,158,305,26,408,1527,27,3277,526,1065,579,1413,1371,50,315,535,96,5946,649,4967,294,2172,915,21,28,505,56,9604,548,4498,386,5370,1852,78,74,613,114,13524,130,129,102,217,87,39,15,66,8,803,257,248,2075,631,460,65,99,426,30,4300,319,244,854,227,415,199,412,607,989,4259
309,562,70,193,12,145,52,96,412,23,1553,279,297,454,20,138,11,591,90,35,1916,3079,1167,4653,227,1700,1002,1794,2337,182,16136,376,255,499,13,257,62,453,162,45,2133,4867,1341,16835,43,3798,576,2043,5249,548,35303,1851,845,406,39,1107,1281,828,292,68,6717,5601,1626,1569,256,1855,17119,1390,2525,211,32166,4662,508,3837,7601,1374,3707,566,5261,221,27738,1245,723,365,413,2033,467,5360,457,149,11215,672,1458,758,98,636,370,87,115,61,4260,1223,2925,115,54,3232,392,12,32,244,8231,1213,724,227,61,1386,3820,123,330,140,8012,2729,10931,2055,55,4062,503,71,184,192,20780,1409,1230,934,1074,1971,465,213,4780,176,12250,1472,2972,893,3361,3133,97,211,789,235,13177,2217,14190,603,5378,2402,139,82,796,190,25990,2474,18493,1386,15392,6302,328,250,1652,363,46643,1365,1384,1049,2628,760,606,275,817,171,9056,1286,910,5305,2719,1184,246,156,955,112,12866,2405,1894,1958,743,2089,1179,1152,1423,3023,15868
310,1387,94,191,9,191,42,224,871,32,3038,147,272,288,3,127,13,345,49,20,1264,1716,809,3374,116,1346,469,2629,4087,213,14762,261,349,452,9,316,44,468,158,36,2103,1108,457,6015,24,1192,196,1268,2115,176,12556,612,444,542,13,832,675,1042,419,53,4636,2103,525,926,136,863,7710,1353,1589,101,15311,1374,90,922,2041,210,1943,329,2447,61,9419,724,363,549,138,2022,238,5218,629,118,10003,162,378,225,14,183,151,18,25,23,1180,360,951,61,9,2020,177,9,26,57,3676,262,157,124,28,405,877,142,133,29,2164,914,3934,1242,51,1669,123,98,165,85,8277,379,590,425,385,1014,85,273,2384,63,5595,1402,2392,1451,3503,2768,44,455,580,220,12819,933,6369,553,3357,1349,45,61,774,68,13517,1177,7480,861,10031,3234,143,221,943,179,24277,236,292,217,433,157,93,18,172,26,1641,498,510,2899,1382,672,130,136,665,70,6967,670,644,1240,450,848,435,1322,1190,1755,8558
311,590,33,122,7,93,30,91,518,13,1496,92,168,245,12,105,10,244,47,19,940,1807,674,3368,78,1456,481,2622,3487,200,14176,156,194,325,8,254,57,469,166,37,1660,1637,472,9146,23,1919,224,1749,3443,267,18876,719,459,553,15,1046,756,1396,438,83,5472,2110,492,890,127,1034,7674,1725,1581,119,15752,1302,100,819,1782,236,1732,308,2289,65,8631,808,335,455,142,2235,254,6121,616,165,11121,166,342,259,14,216,124,46,59,24,1240,351,850,64,12,1640,156,13,13,61,3166,294,118,147,31,446,887,170,153,40,2289,713,3032,1098,36,1516,128,78,137,60,6811,377,527,454,430,888,99,289,2537,68,5680,678,1554,457,1852,2259,59,206,560,137,7769,725,5445,377,3345,1157,35,47,692,80,11901,1047,5754,844,9319,2957,121,135,858,157,21189,279,291,244,453,170,111,64,189,28,1822,519,478,3271,930,811,135,143,685,72,7048,774,598,1318,394,1082,443,1425,1316,1872,9223
312,2133,113,158,11,207,43,398,1208,37,4306,931,1091,4441,74,751,52,5310,556,298,13504,509,288,1687,25,479,184,730,658,56,4625,94,78,302,0,105,18,228,69,20,910,781,266,3236,24,847,51,1232,1083,107,7629,366,214,763,5,365,415,450,165,37,2777,979,190,522,48,357,4379,241,805,39,7559,1151,104,986,1823,411,792,191,1936,69,7461,473,474,615,126,829,144,2263,344,78,5351,41,86,65,5,46,52,0,4,6,314,83,260,8,6,442,27,0,5,10,844,173,67,202,31,247,470,95,155,23,1455,295,1420,641,13,787,39,52,174,25,3444,201,237,361,146,281,35,832,1266,49,3402,342,637,369,752,769,33,181,389,58,3528,376,3229,152,1465,524,9,9,319,36,6114,432,3513,286,3703,1389,51,57,418,57,9920,97,110,68,201,68,43,14,78,9,689,257,181,2061,503,460,72,122,361,27,4033,306,236,770,177,413,182,432,441,905,3861
313,771,49,152,8,99,40,123,1474,39,2747,126,155,289,12,102,11,385,60,18,1156,1068,357,2267,73,727,390,1190,1854,84,8014,169,185,312,3,223,33,345,120,23,1413,1181,257,5940,12,1265,185,1368,2277,213,12697,511,242,235,10,442,429,515,228,26,2643,1628,308,748,123,645,5882,577,1197,58,11160,1055,64,664,1744,220,1306,268,1769,46,7125,588,378,469,193,1207,199,2761,552,73,6414,143,215,149,8,144,78,18,36,13,812,255,584,45,8,1154,129,10,9,42,2232,212,82,79,24,308,846,77,90,19,1731,582,1925,712,28,1231,87,42,88,45,4740,269,347,375,385,513,60,185,1811,43,3997,581,1080,361,1437,1679,24,123,474,105,5871,551,3847,283,2331,780,15,35,473,50,8368,946,4627,571,7629,2601,138,102,779,125,17511,165,197,167,308,140,60,20,123,26,1207,342,280,2319,662,474,74,79,359,30,4628,520,416,863,304,630,305,634,739,1127,5530
314,155,23,46,3,37,18,26,152,6,475,222,316,176,3,118,8,180,42,20,1086,1021,486,1616,64,712,376,775,908,68,6030,222,309,293,5,261,27,193,66,21,1403,1335,409,5170,15,1186,173,733,1394,119,10544,609,346,276,10,505,436,470,147,28,2821,1755,522,673,94,738,5504,624,1020,59,10986,995,90,608,1648,179,1191,261,1559,36,6568,632,607,431,165,1353,216,2274,448,81,6196,221,444,240,4,158,114,6,30,20,1223,536,1092,73,16,1707,170,14,8,54,3671,239,140,74,10,322,700,50,63,12,1611,1097,3960,900,36,1453,121,48,90,68,7769,350,446,330,278,560,76,106,1249,44,3434,1081,1799,582,1939,2149,42,163,227,175,8163,719,4940,269,2211,996,42,27,318,50,9575,1042,6323,669,6185,2734,106,121,471,117,17774,278,326,159,484,156,71,24,79,31,1616,407,442,2006,711,509,78,72,325,46,4602,618,517,602,189,625,281,451,411,781,4475
315,2415,131,216,17,186,22,145,1638,43,4817,284,672,1830,21,241,12,2037,246,74,5409,148,88,453,20,90,48,149,180,12,1186,35,18,184,4,49,8,66,59,9,424,300,54,1060,6,237,13,574,398,24,2668,105,28,84,0,91,102,78,79,14,581,458,63,183,28,109,1320,75,268,18,2519,497,18,321,508,125,153,35,593,23,2272,154,157,108,38,297,48,622,133,16,1569,16,51,43,0,18,14,0,3,0,150,35,52,5,0,134,5,0,0,7,240,68,16,19,10,63,114,29,21,10,346,76,350,133,10,225,6,14,20,17,842,82,127,116,119,104,13,115,395,11,1091,493,594,431,885,878,46,376,534,75,4310,260,1646,109,890,279,6,5,209,16,3410,308,1805,155,1390,629,25,36,254,42,4641,76,139,32,61,42,6,4,42,4,398,76,112,575,116,158,16,15,111,13,1191,97,73,181,72,115,64,124,169,631,1524
316,1096,168,271,16,194,56,113,985,31,2911,260,308,646,30,128,13,765,107,49,2301,1696,574,2522,172,895,620,712,1145,69,8406,269,248,383,4,260,47,312,142,31,1697,2871,651,10767,28,2314,298,1552,3151,286,21905,877,442,247,17,512,729,469,229,23,3561,3151,745,1128,189,931,9882,544,1611,113,18289,2852,179,2105,4624,684,1907,345,3321,99,16114,597,529,261,183,1103,224,2296,253,52,5503,311,618,274,14,168,179,26,37,23,1644,750,1789,94,14,1951,522,26,36,133,5321,524,341,130,32,619,1957,51,158,51,3862,1543,6101,1351,29,2355,174,41,135,114,11838,597,578,729,460,870,136,151,3017,54,6594,877,1787,509,1584,1710,35,117,450,142,7207,1222,9148,400,3308,1303,48,55,592,106,16186,1685,12656,886,11224,4308,185,169,977,201,32288,585,784,414,888,255,141,58,248,51,3425,645,466,3217,1499,641,159,89,612,58,7383,1196,944,1062,471,971,516,537,808,1603,8104
317,1159,230,175,6,224,54,231,1392,56,3528,96,90,239,0,65,3,331,64,19,901,608,303,1364,39,465,236,478,1497,56,5040,86,122,280,0,99,29,155,70,17,853,745,196,2998,23,692,84,564,812,75,6183,265,161,240,3,279,426,283,135,11,1811,1001,198,479,58,366,3978,273,689,36,7083,679,22,594,1211,119,740,123,1145,20,4656,273,111,229,27,588,61,1418,121,23,2850,65,140,82,4,46,70,15,10,3,434,184,508,16,8,1022,89,0,6,27,1861,98,85,38,5,184,415,34,34,16,921,283,1726,531,19,866,33,34,44,32,3570,119,168,173,137,190,21,33,1025,16,1882,495,980,435,1005,995,22,118,288,72,4406,581,4441,300,1704,813,26,32,333,46,8278,712,5233,462,5080,1743,56,81,606,79,14053,101,120,89,201,73,33,4,103,11,737,230,267,1384,484,326,49,43,346,19,3151,291,224,405,159,279,171,257,384,583,2756
318,1737,83,165,7,200,40,513,958,38,3728,221,323,977,13,128,7,1348,137,32,3189,650,395,1856,35,540,299,1028,923,96,5834,155,214,500,0,270,33,191,114,33,1515,1018,259,4237,15,995,105,952,1306,115,8994,348,136,253,4,353,452,425,116,21,2108,1455,310,630,102,482,5793,344,1073,52,10237,1197,57,806,2213,300,1247,233,1970,47,8078,426,282,317,116,800,148,2143,322,58,4601,101,192,205,6,191,88,15,29,14,849,180,448,19,9,738,49,7,12,18,1470,191,89,92,28,272,577,61,94,16,1422,426,2266,831,38,1012,63,38,117,22,4820,197,247,238,227,270,23,143,1517,41,2903,1590,1792,1256,3954,2444,39,663,573,214,12529,724,5627,358,2254,1028,19,42,484,54,10593,861,7293,528,6542,2409,105,101,685,162,18689,201,190,111,451,132,72,17,144,26,1350,307,307,2073,714,449,75,62,367,31,4379,387,305,684,311,433,252,391,488,941,4191
319,4151,183,307,12,384,59,773,3475,92,9434,110,104,624,6,68,6,1012,103,42,2077,939,330,2076,100,659,355,1117,1894,100,7583,135,124,584,10,170,18,250,163,28,1484,893,191,4487,17,1016,124,1310,1686,95,9820,337,100,154,8,241,482,270,242,18,1851,1682,314,865,103,562,6822,355,1238,53,11999,1264,43,855,2017,303,1101,197,2019,46,7842,333,128,200,87,802,141,2053,221,42,4009,77,144,104,3,112,122,7,10,8,586,149,356,16,13,735,35,8,27,22,1356,134,57,51,20,290,758,53,61,25,1457,266,1465,573,18,1102,43,34,71,33,3610,174,275,273,257,306,47,143,1890,31,3395,549,968,519,1325,1427,49,372,715,98,6017,577,5092,271,2485,811,17,50,585,48,9937,877,6224,646,8862,2618,130,112,1034,146,20649,146,200,108,255,68,54,6,82,13,929,282,259,2316,625,459,89,57,446,45,4574,425,295,715,317,510,322,509,934,1327,5351
397,0,22,0,0,0,0,0,20,0,52,0,0,0,0,0,0,0,0,0,0,0,0,0,0,0,0,0,0,0,0,0,0,0,0,0,0,0,0,0,0,0,0,0,0,0,0,0,3,0,3,0,0,0,0,0,0,0,4,0,0,0,0,0,0,0,0,0,0,0,0,0,0,0,0,0,0,0,0,0,0,4,0,0,5,0,0,16,4,0,32,0,0,0,0,0,0,0,0,0,0,0,0,0,0,0,0,0,0,0,0,0,0,0,0,0,0,0,0,0,0,0,3,0,0,0,0,0,0,0,6,0,0,0,0,0,0,0,0,0,0,0,3,0,0,0,0,0,0,0,3,0,0,0,0,0,0,0,0,0,0,0,0,0,0,0,0,0,0,0,0,0,0,0,0,0,0,0,0,0,0,0,0,0,0,0,0,0,0,0,0,0,0,0,0,0,0,0,0,0,6
401,1125,169,162,5,176,51,89,528,37,2353,312,575,228,8,135,6,200,46,24,1537,2078,1469,1469,225,793,576,506,1203,83,8400,474,599,313,3,286,61,131,68,42,1970,2017,737,4711,117,1226,218,506,1370,153,11056,979,570,259,14,449,597,309,146,39,3360,2316,965,697,147,703,7317,420,1231,106,13896,2054,139,1600,3846,329,1056,129,2099,67,11317,612,405,187,137,830,172,1770,160,41,4309,331,1016,341,8,309,209,8,33,31,2282,861,2237,72,29,2312,177,5,16,120,5827,418,372,67,26,427,1184,34,59,57,2637,2355,10685,1112,30,2261,163,37,74,144,16861,595,686,538,457,712,80,77,1808,45,4993,2017,3715,499,1794,2597,43,84,182,153,11080,1588,10639,423,2387,1345,49,23,144,100,16699,1668,13946,719,6136,3435,146,114,621,156,26930,539,844,241,788,197,83,15,119,41,2875,664,758,2059,986,580,103,47,290,53,5543,775,726,417,217,519,277,231,346,822,4335
402,1393,84,240,8,184,54,221,1317,57,3558,110,178,318,3,102,4,341,71,19,1155,2174,1388,4033,166,1734,696,2582,4596,257,17631,325,425,518,7,471,110,595,208,63,2720,1597,591,9129,154,1707,246,1604,3116,355,18498,855,443,697,25,928,848,1291,694,86,5868,2910,730,1210,191,1102,11316,1573,2495,142,21674,1919,100,1582,2677,269,2072,288,3308,90,12302,811,277,526,161,2228,260,6170,531,155,11110,255,568,422,9,418,247,26,41,44,2024,517,1255,72,40,2786,212,7,13,85,4985,271,149,124,41,477,825,95,120,24,2119,1008,4817,1489,48,1827,137,92,148,91,9668,537,796,745,859,1288,114,327,4177,134,8989,1702,3249,1318,3870,3656,80,259,484,235,14852,1055,7932,590,4230,1692,23,41,183,117,15859,1394,9494,1274,13956,4512,174,243,1512,268,32838,366,337,221,737,216,118,22,140,45,2196,537,630,3943,1400,820,165,177,882,71,8634,675,588,1041,397,798,374,1058,1246,1806,7995
403,570,91,130,3,131,50,80,399,25,1480,220,333,394,11,114,9,398,71,29,1575,2089,1218,2710,205,1026,809,1101,1419,128,10693,448,484,528,9,400,81,280,147,45,2426,2088,568,8602,103,1413,215,905,2279,233,16407,822,524,349,21,554,695,519,176,46,3699,2756,695,994,176,912,9636,604,1929,89,17791,1816,125,1372,3273,304,1596,245,2693,75,11508,646,404,315,294,1240,266,2458,268,81,5973,308,711,387,8,302,184,15,49,38,1995,859,1908,93,32,3059,248,10,16,90,6312,364,218,93,40,435,906,56,110,36,2263,1586,6782,1328,46,2098,133,44,93,133,12243,616,777,783,725,1076,94,134,2725,73,7006,1587,3215,731,3038,3034,76,139,324,198,12338,1469,10144,491,3276,1768,35,41,151,104,17472,1829,12952,1116,11626,4689,179,233,1240,291,34159,501,539,286,882,240,128,18,147,41,2781,724,708,3052,1250,766,168,75,535,72,7350,700,642,650,313,619,326,370,508,1044,5170
404,294,57,74,6,56,35,52,209,14,805,123,230,175,3,83,4,186,46,9,851,1372,960,2026,110,854,480,911,1612,111,8428,253,360,305,6,304,73,167,92,46,1607,1345,497,4597,88,896,138,507,1364,154,9581,615,360,264,18,504,490,552,223,49,3076,1681,625,589,111,580,6311,547,1151,63,11646,1430,92,1378,2612,229,891,141,1895,65,8735,586,341,271,227,1232,215,2742,387,80,6093,202,537,247,7,273,182,18,26,15,1493,490,1160,48,17,2044,147,6,16,72,4004,262,159,51,28,310,644,37,79,37,1604,1024,4842,810,32,1419,78,32,90,102,8433,380,540,325,484,606,75,119,1929,65,4529,1289,2487,535,1883,2456,39,75,212,132,9106,866,6206,323,1733,1030,18,14,104,82,10375,1003,7646,710,6639,2774,117,187,758,138,19968,415,471,188,758,207,86,14,94,28,2255,444,445,2000,1080,561,91,66,394,47,5122,481,467,511,232,477,249,433,497,816,4174
405,3992,123,290,7,302,59,256,1257,44,6323,60,47,252,5,32,0,384,40,13,836,839,533,1137,85,453,267,766,1302,87,5477,76,36,237,0,72,17,122,85,14,663,472,63,1624,14,307,40,445,630,45,3646,188,107,157,0,157,278,114,85,12,1100,671,127,331,52,215,2433,148,478,15,4480,672,9,401,850,66,253,39,835,25,3152,204,34,104,19,380,50,1083,132,21,2034,25,100,45,3,39,24,0,6,0,249,63,148,7,4,288,25,12,15,8,571,36,24,15,10,80,162,9,22,8,362,138,567,226,10,358,10,3,28,6,1348,84,133,203,129,146,17,63,981,21,1772,297,399,156,508,464,17,110,150,42,2147,279,2145,139,955,419,3,42,76,14,4065,294,1886,209,2807,795,52,25,427,47,6542,72,90,48,101,30,16,0,44,7,417,113,127,901,236,182,36,17,123,13,1750,188,91,230,59,140,79,144,238,443,1617
406,2140,153,254,8,192,28,143,907,36,3852,273,441,1377,32,176,11,1602,289,83,4271,216,145,804,29,138,77,580,248,36,2261,51,18,182,5,51,12,106,104,21,550,376,131,1619,39,278,16,711,526,43,3731,120,62,98,4,100,191,86,56,11,721,533,62,227,35,155,1939,85,386,13,3424,484,8,311,577,149,296,44,766,21,2660,175,97,108,30,232,62,789,163,28,1675,16,47,27,0,24,14,0,7,3,141,56,94,10,0,226,21,18,16,3,433,46,18,27,10,67,134,8,17,0,326,94,444,197,6,238,14,10,43,11,1063,84,125,162,118,94,13,60,665,19,1339,242,364,136,839,472,18,57,111,28,2277,227,1716,100,890,317,6,44,50,15,3368,247,1700,127,2012,594,23,32,309,47,5088,48,111,26,52,27,13,3,37,0,318,85,96,658,206,122,29,21,130,13,1360,95,96,200,74,104,51,110,180,413,1313
407,6524,278,677,21,601,145,942,3736,137,13067,59,46,166,3,29,3,286,41,11,655,1050,427,1583,85,560,348,945,2286,120,7405,107,58,274,6,93,32,199,107,27,894,704,115,3174,22,614,98,805,1112,77,6727,318,140,199,9,255,559,212,185,17,1888,1231,174,605,97,341,4534,219,919,38,8154,1052,15,704,1479,192,574,60,1501,42,5613,321,128,142,50,631,125,1453,143,40,3041,57,147,79,0,59,59,8,12,6,427,120,254,11,8,502,44,0,9,18,963,78,45,18,15,161,357,17,44,14,752,212,975,398,13,663,35,18,42,22,2376,183,202,378,226,222,18,128,1555,26,2941,392,644,276,984,861,29,169,275,49,3688,380,3079,175,1553,529,11,49,109,33,5921,461,3223,346,5143,1321,67,33,630,73,11303,121,162,164,177,55,22,6,119,15,841,219,204,1656,401,289,57,48,279,19,3179,344,161,372,177,211,148,288,560,816,3082
497,0,0,0,0,0,0,0,0,0,3,0,0,0,0,0,0,0,0,0,0,0,0,0,0,0,0,0,0,0,0,0,0,0,0,0,0,0,0,0,0,0,0,0,0,0,0,0,0,0,0,0,0,0,0,0,0,0,0,0,0,0,0,0,0,0,0,0,0,0,0,0,0,0,0,0,0,0,0,0,0,0,4,3,0,0,0,8,3,0,14,0,0,0,0,0,0,0,0,0,0,0,0,0,0,0,0,0,0,0,0,0,0,0,0,0,0,0,0,0,0,0,0,0,0,0,0,0,0,0,0,0,0,0,0,0,0,0,0,0,0,0,0,0,0,0,0,0,0,0,0,0,0,0,0,0,0,0,0,0,0,0,0,0,0,0,0,0,0,0,0,0,0,0,0,0,0,0,0,0,0,0,0,0,0,0,0,0,0,0,0,0,0,0,0,0,0,0,0,0,0
501,2480,110,281,16,222,48,327,1434,55,4970,382,579,2004,47,243,12,2080,353,96,5795,930,544,1981,130,488,314,1163,1591,89,7233,131,124,565,4,192,13,230,179,43,1478,784,264,4279,22,875,98,1025,1450,89,8882,268,123,183,9,205,344,185,103,11,1430,1238,248,507,78,413,4501,251,997,33,8261,1172,42,890,1693,327,743,121,1804,42,6844,270,132,178,60,558,88,1447,148,29,2903,62,130,78,6,44,87,3,22,4,426,118,337,3,6,496,43,0,3,18,1036,113,75,51,9,284,488,45,46,11,1115,228,1427,521,16,675,40,33,65,21,3028,227,194,335,192,205,30,111,1368,28,2699,449,778,322,833,970,20,126,385,65,3951,470,3697,270,1834,463,12,8,384,27,7164,449,3994,428,4114,1474,62,74,449,53,11105,141,225,121,266,96,40,5,93,15,995,237,240,1548,498,319,51,61,288,23,3257,337,267,565,162,306,167,362,496,687,3343
502,185,16,48,0,37,14,33,135,12,481,261,355,1223,34,177,8,1431,255,58,3800,369,291,1168,52,265,122,762,292,52,3369,69,40,123,0,66,13,154,109,20,583,344,107,1906,17,385,45,519,695,63,4077,118,58,92,0,100,119,93,42,10,624,656,79,256,43,206,2621,129,471,17,4471,391,11,374,844,68,407,107,763,17,2980,115,51,83,47,247,46,755,71,11,1414,27,52,34,0,22,33,4,11,0,183,59,149,3,3,233,18,0,0,14,482,77,27,28,0,151,295,21,26,4,636,178,571,310,14,340,16,34,25,18,1511,107,102,155,110,115,10,66,686,16,1366,221,317,228,564,446,9,38,143,28,1998,244,1757,115,1005,266,12,3,167,7,3575,264,1491,201,2522,769,39,26,214,26,5549,80,81,97,176,62,35,0,50,7,591,114,88,856,280,151,29,17,118,4,1659,172,137,314,108,204,104,196,220,342,1789
503,281,68,23,0,58,10,23,96,4,566,1827,3121,638,35,558,15,475,159,94,6921,778,522,449,92,234,223,139,285,16,2732,247,437,70,5,140,11,37,21,8,983,1253,885,1550,15,557,105,140,504,46,5060,574,394,120,15,175,211,142,64,17,1719,1260,640,272,111,280,3447,248,524,19,6804,1287,119,1036,3093,224,523,106,1109,31,7538,402,462,92,111,382,69,696,108,16,2331,177,633,113,7,102,98,10,39,10,1179,682,1733,23,23,954,85,0,13,137,3649,358,355,42,13,300,880,12,64,47,2068,2145,9844,735,41,1459,113,39,56,133,14555,443,545,174,198,294,42,49,1058,18,2829,1045,2023,195,797,1148,25,32,90,107,5462,851,5954,188,1394,628,30,11,127,37,9219,999,9950,347,2644,1862,61,63,282,84,16296,430,684,116,679,175,90,8,94,23,2300,370,449,659,690,226,28,30,134,17,2617,836,1070,289,177,445,221,135,267,506,3957
504,391,53,118,7,86,41,77,307,16,1097,824,1711,2124,63,734,40,1729,400,132,7758,1142,544,2423,132,861,363,1169,1197,104,7925,203,281,260,4,259,30,244,109,37,1427,1316,645,5362,42,1352,176,997,1721,141,11758,705,465,659,10,752,586,720,230,51,4186,1909,443,755,116,743,6933,706,1370,80,13053,1205,105,1198,2255,240,1167,232,2022,48,8475,679,496,389,317,1766,251,3488,300,82,7766,187,372,239,13,161,130,16,33,17,1170,342,974,45,17,1335,126,11,11,41,2907,268,137,138,17,408,703,65,108,19,1851,1056,4387,1300,42,1472,101,112,101,61,8626,360,450,517,321,548,63,178,1694,45,4182,1014,2144,560,2271,2314,36,132,420,157,9047,821,5775,455,2595,868,17,22,422,50,11013,1013,5850,797,6725,2687,115,155,723,134,18198,348,433,246,821,232,88,18,206,25,2415,534,422,2673,1146,633,64,104,481,39,6096,707,754,1137,355,848,353,798,786,1123,6864
505,691,116,151,0,158,59,124,715,19,2047,2138,4133,3360,116,1423,56,2767,742,233,14985,2185,1128,3428,213,1310,855,1517,1754,139,12536,554,798,541,16,625,77,360,178,71,3215,3864,1784,14722,111,3431,507,1672,3946,361,30403,1562,957,773,23,982,1020,875,471,51,6721,4039,1184,1486,312,1440,14798,1118,2635,133,27138,2680,276,2282,5268,523,2365,435,3824,98,17753,1057,899,479,487,2000,323,4676,400,110,10431,446,901,543,32,357,319,26,99,27,2755,1242,3073,107,69,3628,315,8,26,127,8581,645,391,162,43,869,1781,71,143,47,4160,3242,12035,2654,96,3865,259,208,256,164,22786,1021,1210,926,696,1228,173,260,3885,96,9492,2046,4010,1013,4440,4270,80,239,683,321,17110,2092,14679,892,5733,2276,92,28,950,115,26849,2297,15908,1770,12941,6362,228,301,1500,282,41579,881,886,380,1702,529,263,45,314,66,5062,1099,1079,4940,2531,1312,228,119,825,74,12203,1665,1728,1977,698,1749,742,1090,1366,2137,13146
506,695,100,194,7,170,45,146,550,28,1939,1685,3804,3501,84,1385,63,2546,681,221,13957,2117,1404,4205,169,1637,616,2213,2263,158,14781,379,672,534,10,456,61,390,211,55,2763,2313,1617,9435,103,2284,287,1637,2820,219,20724,1268,964,1128,28,1292,964,1514,560,102,7815,3153,1241,1313,214,1326,11866,1527,2448,117,23193,2421,201,2963,4459,456,2400,458,3995,96,17442,1309,993,704,428,3473,437,7841,644,199,16030,312,647,381,19,303,282,49,80,20,2087,676,1886,92,52,2434,197,25,36,107,5506,477,342,273,43,744,1317,150,180,41,3564,2074,10227,2626,68,2769,164,262,234,157,18588,659,979,854,637,925,124,398,3848,87,8508,1512,3564,896,3579,3709,58,192,695,272,14470,1531,11191,846,4794,1815,46,61,855,80,21223,1652,13037,1439,12400,4664,199,357,1424,231,35407,597,626,509,1678,400,226,28,387,54,4504,805,929,4348,1775,1027,153,198,1096,77,10404,1285,1702,2137,643,1579,637,1601,1501,2276,13359
507,365,137,117,3,137,48,112,448,23,1389,1611,2940,3112,95,1066,32,2413,672,199,12138,2130,1481,4594,172,1483,564,1759,1563,170,13913,382,475,509,14,466,44,318,199,59,2471,2318,1253,8563,81,2036,244,1383,2634,228,18726,1074,678,669,15,879,680,954,365,84,5396,2874,861,994,167,1022,10411,808,1835,91,19071,1906,153,1511,3817,338,2010,375,2918,63,13093,1030,759,467,281,1831,240,3735,677,101,9128,229,558,271,11,184,185,14,56,15,1523,643,1596,63,30,1971,164,8,13,87,4569,448,264,155,27,634,1310,75,135,48,3103,1996,8279,2026,48,2417,159,174,178,114,15384,541,774,716,499,733,85,248,2415,61,6060,2000,3109,1666,3732,2971,41,210,611,249,14580,1611,11531,659,4566,1666,45,22,649,106,20859,1628,12522,1221,9556,4472,149,223,969,177,30918,594,768,278,1151,314,192,19,229,30,3575,725,695,3333,1583,775,108,130,620,53,8027,1324,1370,1651,468,1275,553,988,1000,1540,10167
509,7072,213,634,17,467,103,620,2400,71,11601,202,278,946,38,140,4,1309,183,35,3136,392,144,866,45,246,152,334,844,36,3054,79,49,238,0,95,5,135,97,24,717,473,93,2131,11,420,38,746,723,35,4686,308,167,284,3,230,423,276,120,23,1849,773,124,381,40,257,2537,159,638,26,4922,692,18,433,852,145,264,41,927,26,3383,298,74,149,27,442,73,1328,124,26,2546,34,78,58,9,30,38,3,7,0,258,93,186,0,0,371,34,3,5,9,708,65,16,21,0,109,244,24,38,3,535,150,873,226,11,418,22,20,24,16,1760,76,108,236,103,105,16,45,669,7,1358,417,541,329,946,777,19,326,441,46,3843,453,2508,238,1221,379,6,23,360,23,5222,325,2429,258,2602,945,40,29,346,48,7022,77,113,69,123,33,25,0,56,7,513,153,128,1160,256,264,48,35,189,19,2242,273,134,377,128,233,139,215,331,609,2436
510,569,109,113,19,80,18,94,416,19,1439,1128,1928,6323,181,773,21,5669,1056,296,17377,194,106,540,16,92,51,159,106,23,1285,99,64,209,3,110,6,196,102,24,812,570,342,2543,25,502,17,1086,1016,71,6162,165,87,292,0,100,120,184,48,20,1016,530,123,246,30,139,1375,87,366,18,2907,610,52,624,649,289,257,103,931,37,3551,341,512,321,92,481,92,1047,238,46,3168,42,82,69,3,29,11,3,13,6,262,80,96,0,0,158,3,0,5,12,351,133,32,134,17,132,232,32,113,11,835,204,824,366,18,254,10,61,59,19,1811,194,187,382,158,185,33,238,768,21,2172,469,590,201,1073,641,16,56,175,46,3273,406,2246,159,1095,331,12,4,162,34,4456,397,2264,158,1459,790,43,30,162,31,5331,117,216,52,114,54,15,7,41,11,625,154,146,772,233,205,37,40,156,10,1752,196,225,435,119,214,65,206,250,524,2232
511,2321,165,201,8,255,50,244,934,40,4216,917,1675,3702,89,610,16,4890,707,126,12737,281,141,706,17,184,94,385,171,27,2014,77,47,233,0,90,11,123,81,18,683,492,117,2302,24,510,26,674,743,53,4939,223,132,335,8,201,259,248,62,18,1478,753,119,295,50,256,2608,173,587,19,4863,702,30,572,889,245,417,93,1202,26,4166,351,230,313,88,555,95,1650,236,39,3561,32,85,62,0,27,37,8,6,3,261,77,146,9,5,245,17,4,5,9,512,82,32,92,12,158,267,41,63,14,757,187,814,538,21,428,24,47,91,28,2172,114,157,204,106,148,22,92,806,14,1673,432,532,280,1120,718,21,161,283,65,3615,439,2442,194,1247,364,8,7,269,15,4985,342,2439,230,2090,935,37,45,252,41,6415,88,125,45,117,56,20,8,60,7,523,196,116,1235,288,276,39,37,165,11,2356,235,181,454,128,277,111,262,262,570,2478
597,11,21,15,0,0,0,0,61,0,106,35,82,275,3,20,0,58,57,9,533,3,3,24,0,0,0,0,0,0,44,7,14,9,0,0,0,11,11,0,50,12,21,106,0,0,0,28,46,5,218,0,5,11,0,0,0,0,3,0,27,3,0,3,0,0,4,0,3,0,10,0,0,22,0,0,0,0,29,0,62,9,61,25,19,6,0,36,46,3,204,0,0,0,0,0,0,0,0,0,0,0,3,0,0,0,0,0,0,0,8,0,0,0,0,0,3,0,0,0,7,0,32,15,0,5,0,0,8,0,55,0,7,26,6,0,0,0,18,0,64,0,0,3,7,0,0,0,3,0,25,0,5,0,0,0,0,0,0,0,12,4,7,0,3,0,0,0,0,0,18,0,3,0,0,0,0,0,0,0,8,4,0,4,0,0,0,0,0,0,11,8,44,83,11,4,0,27,64,7,242
601,760,244,222,19,126,34,136,804,33,2372,26,62,53,0,18,4,92,23,3,282,888,430,1731,176,393,398,755,1164,80,6026,428,820,393,7,489,64,237,92,63,2600,1536,302,5415,14,754,79,630,1286,108,10129,384,190,164,11,268,466,373,135,23,2009,1638,460,637,107,573,6228,383,1043,58,11126,1524,124,1565,2693,336,959,148,1860,77,9293,364,205,122,135,818,194,1919,163,54,3969,243,595,226,14,248,154,5,24,17,1522,364,811,27,16,1222,92,3,13,64,2612,215,142,38,6,263,606,19,68,29,1384,818,4423,887,21,1262,58,17,72,62,7621,370,383,385,261,356,55,73,1486,46,3424,1776,3261,543,1947,3548,64,123,336,249,11849,948,6975,476,2320,1226,28,29,364,71,12444,1038,7561,584,7144,2454,115,129,780,175,19987,461,688,227,741,250,95,11,161,49,2688,488,494,1657,748,449,73,60,413,49,4428,305,284,352,219,269,175,217,348,819,2982
602,1912,178,286,18,207,48,354,1333,52,4380,56,34,95,0,28,0,215,35,14,466,695,308,1242,104,290,288,852,1063,73,4915,120,144,246,0,163,20,184,76,29,992,1031,112,2753,4,454,59,567,750,76,5816,308,131,147,9,256,408,539,117,20,1929,1053,231,385,68,307,3888,307,608,30,6887,841,37,704,1474,177,596,110,1206,32,5171,270,142,125,66,602,109,1501,147,35,2993,82,212,157,6,59,58,13,16,7,603,194,341,17,5,803,31,0,4,25,1427,98,72,38,3,128,370,12,43,9,777,242,1464,398,24,647,36,10,37,26,2874,144,181,338,169,166,29,40,868,32,1970,345,738,229,738,779,17,83,224,68,3218,403,3286,246,1177,520,16,14,298,19,5979,482,4193,363,4428,1427,47,65,661,80,11749,160,208,141,263,83,53,8,125,10,1056,209,201,1227,389,221,50,32,258,27,2610,194,130,258,113,168,103,214,274,571,2020
603,929,92,250,14,93,25,143,849,38,2422,11,12,20,0,0,0,40,4,0,93,177,69,321,31,76,44,177,222,16,1142,38,53,68,0,42,0,51,16,9,269,279,31,758,0,101,9,255,264,20,1718,76,20,42,3,34,90,41,39,3,351,236,32,86,24,49,669,40,126,4,1262,313,16,234,334,68,106,9,312,11,1406,62,34,20,21,117,27,285,29,5,596,16,66,29,0,24,8,0,6,0,167,32,67,6,0,101,11,0,0,3,215,23,23,14,5,43,90,5,13,3,197,72,408,115,8,202,6,0,14,5,823,52,45,105,57,46,7,12,250,9,586,140,259,73,180,310,7,63,91,25,1140,70,677,73,362,134,3,4,85,12,1426,115,664,70,932,267,8,15,87,18,2183,50,168,39,81,22,12,3,38,8,417,39,50,305,61,51,0,4,40,10,558,60,42,91,30,37,21,56,100,224,662
604,1681,153,176,7,184,40,324,1379,63,4005,107,163,490,18,61,3,781,92,22,1724,487,204,1004,70,291,153,584,1283,61,4137,63,53,181,0,100,5,141,43,19,599,653,65,2041,0,340,50,404,511,53,4121,246,157,258,4,168,277,195,119,18,1449,689,132,320,42,247,2998,193,523,37,5175,572,10,523,899,112,462,73,879,21,3559,232,100,145,76,465,74,1273,266,30,2657,35,85,72,0,38,32,7,7,0,281,67,159,5,0,283,12,4,10,8,551,45,30,18,9,91,215,9,21,6,448,119,669,293,6,467,22,7,25,13,1625,79,152,185,145,118,19,65,632,7,1406,240,407,187,533,684,19,85,157,59,2367,213,2201,145,1006,331,6,16,245,19,4190,315,2374,212,3507,839,31,49,429,53,7818,89,97,73,105,33,17,0,42,0,454,111,127,1012,307,168,30,38,227,13,2034,116,50,206,62,114,62,168,197,423,1408
697,3,5,4,0,0,0,0,3,0,17,0,0,0,0,0,0,0,0,0,0,0,0,0,0,0,0,0,0,0,4,0,0,0,0,0,0,0,0,0,0,0,0,0,0,0,0,0,0,0,0,0,0,0,0,0,0,0,0,0,0,0,0,3,0,0,0,0,0,0,5,0,0,0,0,0,0,0,0,0,3,5,50,21,20,0,0,7,49,0,150,0,0,0,0,0,0,0,0,0,0,0,0,0,0,0,0,0,0,0,0,0,0,0,0,0,0,0,0,0,0,5,11,50,0,7,0,4,0,0,77,0,0,0,0,0,0,0,0,0,4,0,0,0,0,0,0,0,0,0,5,0,0,0,0,0,0,0,0,0,6,0,3,0,0,0,0,0,0,0,4,0,3,0,0,0,0,0,0,0,3,0,0,0,0,0,0,0,0,0,4,0,0,0,0,0,0,0,0,0,0
701,434,82,94,6,106,19,35,213,8,1001,119,213,577,9,112,13,466,104,34,1642,297,131,818,15,230,161,209,201,15,2085,242,259,312,5,231,13,144,57,23,1294,977,266,3058,52,776,62,542,972,97,6793,259,103,167,0,207,244,265,76,14,1334,902,201,340,58,328,3086,202,504,25,5640,951,69,901,1435,302,704,118,1287,50,5826,380,423,270,204,547,138,1377,156,41,3532,88,256,130,4,79,55,9,6,6,631,136,318,9,14,446,50,0,4,10,975,185,63,58,13,193,419,23,61,14,1032,555,2381,585,37,767,27,17,44,33,4448,256,256,240,205,255,28,73,1045,27,2376,2346,3248,1111,3619,3299,51,246,162,236,14317,611,3468,161,1372,655,18,5,153,45,6488,696,4580,282,3362,1291,45,67,289,63,10680,297,355,131,310,437,62,4,64,43,1705,318,318,1227,468,365,45,41,213,30,3012,299,343,595,243,388,165,220,361,690,3304
702,581,179,131,27,89,15,93,853,10,1998,138,239,487,20,64,0,584,85,10,1646,119,90,269,7,47,36,36,82,0,705,38,34,154,4,56,3,70,31,6,394,386,63,1203,21,273,26,265,368,22,2626,103,43,39,6,57,83,65,38,7,447,490,114,177,73,138,1184,92,228,7,2500,495,44,435,579,164,180,36,544,22,2495,148,157,100,106,174,55,420,49,13,1233,37,135,68,6,39,14,0,8,0,306,44,70,0,5,132,9,0,7,5,267,63,22,13,5,68,99,9,32,4,313,184,700,201,30,310,10,17,18,15,1488,136,124,99,166,79,32,54,325,9,1028,777,1204,453,1810,978,33,127,373,106,5854,389,2155,168,1000,340,9,30,147,22,4251,500,2909,194,1953,696,36,100,279,54,6727,181,456,84,180,84,18,7,41,9,1078,161,229,467,174,203,15,16,107,13,1382,101,134,143,102,109,42,53,113,612,1401
797,0,16,0,0,0,0,0,26,0,48,3,0,31,0,0,0,6,5,0,42,0,0,0,0,0,0,0,0,0,0,0,0,7,0,0,0,0,10,0,16,0,0,3,0,0,0,0,3,0,12,0,3,0,0,0,0,0,0,0,3,0,0,0,0,0,0,0,0,0,0,0,0,0,5,0,0,0,4,0,12,0,32,8,12,0,0,3,20,0,72,0,0,0,0,0,0,0,0,0,0,0,0,0,0,0,0,0,0,0,0,0,0,0,0,0,0,0,0,0,0,0,4,0,0,0,0,0,4,0,6,0,7,0,3,0,0,0,0,0,14,0,0,0,0,0,0,0,0,0,0,0,0,0,0,0,0,0,0,0,0,0,4,0,0,0,0,0,0,0,4,0,0,0,0,0,0,0,0,0,0,0,0,0,0,0,0,0,0,0,0,4,15,7,0,0,0,0,13,0,39
801,218,81,97,4,44,18,33,165,14,674,36,36,18,0,10,0,43,10,0,150,721,535,1247,123,322,405,325,419,49,4140,325,458,313,4,319,54,225,159,33,1882,2426,739,8657,38,1255,174,808,2268,258,16632,379,309,234,17,252,409,281,74,31,1977,2419,656,858,178,691,9447,440,1299,93,16072,2385,134,2494,5191,480,1861,414,2796,103,15863,442,374,192,109,1088,229,2573,142,78,5235,608,1764,460,43,494,233,22,29,55,3711,502,1427,44,17,1386,82,3,5,68,3531,548,413,71,27,546,1253,34,73,40,3007,4307,16359,1849,121,3742,213,48,69,427,27126,659,1099,631,422,875,68,45,2627,72,6496,22266,25456,1918,4544,16754,128,252,437,1991,73737,2013,13489,660,4270,2262,68,28,403,160,23343,1861,11917,788,8991,3820,138,165,536,243,28448,856,1108,316,1400,438,169,20,146,68,4510,820,899,2555,1373,765,140,60,432,64,7118,517,810,528,314,545,174,187,328,1409,4808
897,0,0,0,0,0,0,0,0,0,0,0,0,0,0,0,0,0,0,0,0,0,0,0,0,0,0,0,0,0,0,0,0,0,0,0,0,0,0,0,0,0,0,0,0,0,0,0,0,0,0,0,0,0,0,0,0,0,0,0,0,0,0,0,0,0,0,0,0,0,0,0,0,0,0,0,0,0,0,0,0,0,0,0,0,0,0,0,0,0,0,0,0,0,0,0,0,0,0,0,0,0,0,0,0,0,0,0,0,0,0,0,0,0,0,0,0,0,0,0,0,0,0,0,0,0,0,0,0,0,0,0,0,0,0,0,0,0,0,0,0,0,0,0,0,0,0,0,0,0,0,0,0,0,0,0,0,0,0,0,0,0,0,0,0,0,0,0,0,0,0,0,0,0,0,0,0,0,0,0,0,0,0,0,0,0,0,0,0,0,0,0,0,0,0,0,0,0,0,0,0
901,19,0,3,0,0,0,0,10,0,34,13,13,35,0,5,0,39,8,0,103,4,5,23,0,4,4,3,0,0,34,9,4,17,0,9,0,7,7,5,51,30,3,120,0,21,0,27,27,0,226,11,6,6,0,3,6,4,4,0,34,49,8,14,5,21,88,5,12,0,204,69,0,38,64,21,20,0,50,0,259,24,14,3,14,14,11,16,20,0,114,0,3,9,0,0,0,0,0,0,15,8,4,0,0,13,5,0,0,0,25,0,0,4,0,3,6,0,4,3,20,6,39,11,7,15,3,0,0,0,75,25,8,15,34,16,0,0,50,0,151,195,105,56,149,77,3,22,34,10,641,17,88,4,40,12,0,4,10,0,164,14,78,7,52,24,0,0,15,0,200,14,15,17,18,10,0,0,6,0,70,5,8,33,6,7,0,0,7,3,67,13,14,17,7,13,3,6,22,19,124
997,0,0,0,0,0,0,0,0,0,0,0,0,0,0,0,0,0,0,0,0,0,0,0,0,0,0,0,0,0,0,0,0,0,0,0,0,0,0,0,0,0,0,0,0,0,0,0,0,0,0,0,0,0,0,0,0,0,0,0,0,0,0,0,0,0,0,0,0,0,0,0,0,0,0,0,0,0,0,0,0,0,0,0,0,0,0,0,0,0,0,0,0,0,0,0,0,0,0,0,0,0,0,0,0,0,0,0,0,0,0,0,0,0,0,0,0,0,0,0,0,0,0,0,0,0,0,0,0,0,0,0,0,0,0,0,0,0,0,0,0,0,0,0,0,0,0,0,0,0,0,0,0,0,0,0,0,0,0,0,0,0,0,0,0,0,0,0,0,0,0,0,0,0,0,0,0,0,0,0,0,0,0,0,0,0,0,0,0,0,0,0,0,0,0,0,0,0,0,0,0
