SA4_CODE_2021,F_Inad_desc_Ns_15_19,F_Inad_desc_Ns_20_24,F_Inad_desc_Ns_25_34,F_Inad_desc_Ns_35_44,F_Inad_desc_Ns_45_54,F_Inad_desc_Ns_55_64,F_Inad_desc_Ns_65_74,F_Inad_desc_Ns_75_84,F_Inad_desc_Ns_85_yr_over,F_Inad_desc_Ns_Tot,F_Tot_15_19_yr,F_Tot_20_24_yr,F_Tot_25_34_yr,F_Tot_35_44_yr,F_Tot_45_54_yr,F_Tot_55_64_yr,F_Tot_65_74_yr,F_Tot_75_84_yr,F_Tot_85_yr_over,F_Tot_Tot,P_Agr_fstry_fsh_15_19,P_Agr_fstry_fsh_20_24,P_Agr_fstry_fsh_25_34,P_Agr_fstry_fsh_35_44,P_Agr_fstry_fsh_45_54,P_Agr_fstry_fsh_55_64,P_Agr_fstry_fsh_65_74,P_Agr_fstry_fsh_75_84,P_Agr_fstry_fsh_85_yr_over,P_Agr_fstry_fsh_Tot,P_Min_15_19_yr,P_Min_20_24_yr,P_Min_25_34_yr,P_Min_35_44_yr,P_Min_45_54_yr,P_Min_55_64_yr,P_Min_65_74_yr,P_Min_75_84_yr,P_Min_85_yr_over,P_Min_Tot,P_Manf_15_19_yr,P_Manf_20_24_yr,P_Manf_25_34_yr,P_Manf_35_44_yr,P_Manf_45_54_yr,P_Manf_55_64_yr,P_Manf_65_74_yr,P_Manf_75_84_yr,P_Manf_85_yr_over,P_Manf_Tot,P_Elec_gas_wtr_wst_sv_15_19,P_Elec_gas_wtr_wst_sv_20_24,P_Elec_gas_wtr_wst_sv_25_34,P_Elec_gas_wtr_wst_sv_35_44,P_Elec_gas_wtr_wst_sv_45_54,P_Elec_gas_wtr_wst_sv_55_64,P_Elec_gas_wtr_wst_sv_65_74,P_Elec_gas_wtr_wst_sv_75_84,P_Elec_gas_wtr_wst_sv_85_ov,P_Elec_gas_wtr_wst_sv_Tot,P_Con_15_19_yr,P_Con_20_24_yr,P_Con_25_34_yr,P_Con_35_44_yr,P_Con_45_54_yr,P_Con_55_64_yr,P_Con_65_74_yr,P_Con_75_84_yr,P_Con_85_yr_over,P_Con_Tot,P_Whl_trd_15_19_yr,P_Whl_trd_20_24_yr,P_Whl_trd_25_34_yr,P_Whl_trd_35_44_yr,P_Whl_trd_45_54_yr,P_Whl_trd_55_64_yr,P_Whl_trd_65_74_yr,P_Whl_trd_75_84_yr,P_Whl_trd_85_yr_over,P_Whl_trd_Tot,P_Re_trd_15_19_yr,P_Re_trd_20_24_yr,P_Re_trd_25_34_yr,P_Re_trd_35_44_yr,P_Re_trd_45_54_yr,P_Re_trd_55_64_yr,P_Re_trd_65_74_yr,P_Re_trd_75_84_yr,P_Re_trd_85_yr_over,P_Re_trd_Tot,P_Acc_food_svc_15_19,P_Acc_food_svc_20_24,P_Acc_food_svc_25_34,P_Acc_food_svc_35_44,P_Acc_food_svc_45_54,P_Acc_food_svc_55_64,P_Acc_food_svc_65_74,P_Acc_food_svc_75_84,P_Acc_food_svc_85_yr_over,P_Acc_food_svc_Tot,P_Trp_pos_wh_15_19,P_Trp_pos_wh_20_24,P_Trp_pos_wh_25_34,P_Trp_pos_wh_35_44,P_Trp_pos_wh_45_54,P_Trp_pos_wh_55_64,P_Trp_pos_wh_65_74,P_Trp_pos_wh_75_84,P_Trp_pos_wh_85_yr_over,P_Trp_pos_wh_Tot,P_In_med_tcom_15_19,P_In_med_tcom_20_24,P_In_med_tcom_25_34,P_In_med_tcom_35_44,P_In_med_tcom_45_54,P_In_med_tcom_55_64,P_In_med_tcom_65_74,P_In_med_tcom_75_84,P_In_med_tcom_85_yr_over,P_In_med_tcom_Tot,P_Fin_in_svc_15_19,P_Fin_in_svc_20_24,P_Fin_in_svc_25_34,P_Fin_in_svc_35_44,P_Fin_in_svc_45_54,P_Fin_in_svc_55_64,P_Fin_in_svc_65_74,P_Fin_in_svc_75_84,P_Fin_in_svc_85_yr_over,P_Fin_in_svc_Tot,P_Rnt_hrg_rea_est_serv_15_19,P_Rnt_hrg_rea_est_serv_20_24,P_Rnt_hrg_rea_est_serv_25_34,P_Rnt_hrg_rea_est_serv_35_44,P_Rnt_hrg_rea_est_serv_45_54,P_Rnt_hrg_rea_est_serv_55_64,P_Rnt_hrg_rea_est_serv_65_74,P_Rnt_hrg_rea_est_serv_75_84,P_Rnt_hrg_rea_est_serv_85_ov,P_Rnt_hrg_rea_est_serv_Tot,P_Prof_sc_tech_serv_15_19,P_Prof_sc_tech_serv_20_24,P_Prof_sc_tech_serv_25_34,P_Prof_sc_tech_serv_35_44,P_Prof_sc_tech_serv_45_54,P_Prof_sc_tech_serv_55_64,P_Prof_sc_tech_serv_65_74,P_Prof_sc_tech_serv_75_84,P_Prof_sc_tech_serv_85_over,P_Prof_sc_tech_serv_Tot,P_Adm_sup_serv_15_19,P_Adm_sup_serv_20_24,P_Adm_sup_serv_25_34,P_Adm_sup_serv_35_44,P_Adm_sup_serv_45_54,P_Adm_sup_serv_55_64,P_Adm_sup_serv_65_74,P_Adm_sup_serv_75_84,P_Adm_sup_serv_85_over,P_Adm_sup_serv_Tot,P_PubAd_saf_15_19,P_PubAd_saf_20_24,P_PubAd_saf_25_34,P_PubAd_saf_35_44,P_PubAd_saf_45_54,P_PubAd_saf_55_64,P_PubAd_saf_65_74,P_PubAd_saf_75_84,P_PubAd_saf_85_yr_over,P_PubAd_saf_Tot,P_Ed_trng_15_19,P_Ed_trng_20_24,P_Ed_trng_25_34,P_Ed_trng_35_44,P_Ed_trng_45_54,P_Ed_trng_55_64,P_Ed_trng_65_74,P_Ed_trng_75_84,P_Ed_trng_85_yr_over,P_Ed_trng_Tot,P_Hlth_cre_socia_assist_15_19,P_Hlth_cre_socia_assist_20_24,P_Hlth_cre_socia_assist_25_34,P_Hlth_cre_socia_assist_35_44,P_Hlth_cre_socia_assist_45_54,P_Hlth_cre_socia_assist_55_64,P_Hlth_cre_socia_assist_65_74,P_Hlth_cre_socia_assist_75_84,P_Hlth_cre_socia_assist_85_ov,P_Hlth_cre_socia_assist_Tot,P_Arts_rec_svc_15_19,P_Arts_rec_svc_20_24,P_Arts_rec_svc_25_34,P_Arts_rec_svc_35_44,P_Arts_rec_svc_45_54,P_Arts_rec_svc_55_64,P_Arts_rec_svc_65_74,P_Arts_rec_svc_75_84,P_Arts_rec_svc_85_yr_over,P_Arts_rec_svc_Tot
101,120,164,345,317,323,293,93,33,11,1702,3382,4327,10736,11224,12720,10440,2878,368,41,56122,201,306,778,897,1119,1581,1265,495,69,6705,10,31,154,160,133,73,29,6,3,593,327,393,946,885,987,828,234,36,0,4642,23,73,292,389,414,331,63,0,0,1580,759,1353,3058,2469,2484,1984,516,47,0,12676,96,127,306,362,434,413,134,22,0,1888,1588,1070,1775,1494,1736,1718,500,65,5,9942,2167,1323,1764,1171,1178,1169,356,49,0,9187,72,197,559,616,929,970,348,41,6,3743,42,99,224,230,241,187,55,3,4,1078,14,77,300,326,391,305,62,6,0,1488,61,157,302,306,329,256,135,28,3,1572,104,350,1369,1474,1587,1214,532,77,9,6705,103,264,598,661,800,770,231,17,0,3445,92,637,2965,4329,4901,3057,484,23,0,16488,239,530,1530,2039,2242,1817,523,36,0,8965,252,883,2769,2678,3219,3286,811,45,5,13946,187,336,483,363,358,334,113,19,0,2199
102,142,214,455,514,516,356,115,54,11,2381,4958,6514,14130,15905,16804,13126,3030,299,20,74786,62,101,223,207,246,233,95,43,3,1214,3,28,114,185,183,140,28,0,0,695,383,682,1647,1945,2201,1722,341,36,6,8962,21,61,273,362,411,349,46,0,0,1529,982,1878,4046,3958,3345,2411,582,47,3,17252,71,176,489,729,919,735,167,23,0,3309,2415,2185,2788,2475,2665,2227,590,76,3,15428,3762,1679,1578,1266,1131,850,219,33,3,10525,98,245,724,1026,1436,1530,417,52,0,5536,92,187,488,695,620,429,88,13,3,2613,30,267,952,1367,1337,838,193,30,0,5012,44,164,441,539,592,389,144,35,4,2349,111,522,1720,2415,2192,1456,575,98,5,9091,143,390,881,1039,1199,971,264,28,0,4919,65,353,1516,2481,2684,1721,300,14,3,9142,262,867,2515,2886,2900,2323,656,34,0,12437,471,2062,5336,5457,6256,5740,1332,87,0,26741,199,222,421,400,369,274,110,21,4,2015
103,115,126,249,225,247,211,116,37,12,1336,3092,3888,9271,9207,10018,8262,2421,382,54,46576,235,415,960,1193,1493,1733,1459,607,89,8194,56,415,1644,1609,1335,750,94,8,0,5913,314,475,1119,1124,1196,996,240,40,4,5505,19,57,187,255,303,297,40,4,0,1151,563,945,1704,1549,1394,1173,369,28,6,7732,83,165,402,371,405,389,104,16,0,1938,1492,1020,1717,1341,1330,1207,363,56,3,8537,1867,864,1116,824,776,721,266,28,8,6466,71,171,492,612,819,884,365,59,0,3477,28,61,147,162,134,102,29,9,0,672,17,87,271,302,325,220,74,4,0,1298,28,77,194,189,241,178,93,20,4,1021,90,233,795,720,767,608,290,36,0,3556,70,222,489,513,598,598,145,14,0,2646,82,339,1337,1607,1935,1414,280,17,0,7021,209,553,1661,1989,2287,1725,469,50,0,8938,327,1207,3148,2850,3046,2886,751,57,0,14275,139,84,168,153,158,158,53,14,0,924
104,79,89,166,203,169,160,71,21,7,962,2020,2132,5283,5999,6955,6119,1563,131,16,30211,83,181,673,667,621,639,438,137,21,3462,0,5,52,61,59,48,11,0,0,241,111,185,351,396,565,501,126,9,0,2257,10,6,70,126,154,135,18,0,0,526,326,547,1232,1179,1124,983,291,18,0,5706,41,62,157,213,254,209,78,7,0,1023,1142,707,1024,989,1080,1028,278,28,6,6283,1408,665,863,696,707,661,177,19,3,5206,34,93,267,315,453,562,197,25,0,1945,23,24,76,96,111,92,22,3,0,445,8,41,161,206,236,173,54,9,0,895,13,54,138,155,167,188,83,9,0,812,32,100,504,595,588,479,253,21,0,2581,57,118,344,422,537,531,121,11,0,2139,30,166,713,1028,1286,826,139,10,0,4204,104,220,890,1250,1431,1227,326,18,0,5472,153,678,1985,2141,2666,2632,609,30,0,10902,91,54,121,138,187,135,50,11,0,794
105,72,69,169,155,139,141,58,34,0,832,1442,1950,5531,4709,4818,4598,1363,227,24,24649,175,308,823,768,1032,1307,857,318,54,5639,55,205,600,504,470,361,42,4,0,2238,142,167,457,358,302,281,86,13,0,1809,13,20,138,192,173,153,33,0,0,710,247,436,980,692,639,606,184,15,0,3793,61,80,223,190,245,226,69,18,0,1104,706,455,923,694,653,671,218,35,4,4362,750,370,684,461,418,477,160,18,0,3338,38,79,292,287,400,491,214,24,4,1831,20,39,55,57,47,56,20,7,0,296,12,58,157,119,132,108,16,4,0,606,7,25,91,97,90,82,45,3,0,439,41,121,360,322,273,222,123,14,0,1482,32,85,260,251,263,281,76,11,0,1261,33,199,867,810,968,780,195,8,0,3857,102,295,1090,1152,1136,911,272,25,0,4977,171,618,2244,1683,1579,1711,418,30,0,8466,65,60,122,98,116,97,35,4,0,597
106,144,197,392,378,399,260,122,40,9,1938,4632,5780,13509,13414,13646,9921,2214,240,26,63385,142,291,628,616,664,805,591,184,40,3958,137,540,2485,3084,2708,1507,189,12,0,10657,393,678,1858,1703,1848,1403,283,35,3,8211,33,120,422,439,506,418,61,0,0,1997,736,1418,2841,2439,2175,1847,439,40,4,11941,99,236,728,776,710,495,104,30,0,3173,1994,1629,2409,2077,2126,1670,362,48,3,12320,3244,1537,1643,1267,1165,868,246,26,0,10004,90,255,792,1030,1366,1279,448,64,6,5328,54,57,160,140,118,95,31,5,0,659,19,135,617,654,558,362,80,19,3,2445,51,149,330,352,363,270,97,29,0,1645,95,371,1294,1321,1256,927,362,51,0,5684,114,435,1298,1163,1167,855,191,27,0,5250,271,568,1754,1944,2096,1382,244,14,0,8272,208,616,1803,2195,2267,1722,431,25,0,9264,477,1528,3903,3822,4020,3548,755,51,0,18099,201,165,275,224,211,195,60,24,5,1356
107,106,229,451,400,381,263,71,18,0,1925,4510,7398,15052,14907,14847,10524,2137,168,11,69542,23,60,96,82,107,104,69,31,4,592,26,108,634,871,644,365,33,4,0,2694,287,623,1600,1634,2164,1853,300,19,5,8482,24,88,289,369,392,290,38,0,0,1487,1036,1862,3570,2960,2625,1867,383,27,3,14339,60,141,460,572,602,468,104,10,0,2419,1884,2196,2434,2072,2054,1623,389,36,0,12691,3223,2155,1690,1063,875,672,166,14,0,9865,99,331,1083,1398,1649,1424,323,32,0,6340,31,127,380,419,349,175,39,9,0,1520,38,331,1132,1297,1185,600,135,12,3,4727,46,168,374,433,412,282,81,19,4,1822,135,849,2230,2232,1705,1109,406,61,0,8729,103,356,873,974,1043,859,178,18,0,4398,95,564,2111,2816,2695,1769,268,19,0,10323,312,1018,3241,3518,3599,2693,613,48,0,15040,484,2274,5838,5193,5400,4268,948,61,0,24477,216,277,420,369,322,204,71,7,7,1887
108,107,98,201,239,321,261,109,50,19,1404,3162,3175,7039,8221,10205,9674,2434,318,29,44257,118,161,403,420,654,871,631,286,33,3565,4,17,85,124,154,125,22,0,0,530,195,310,679,707,849,831,227,33,0,3830,20,42,205,370,477,389,48,3,0,1549,526,841,1681,1660,1842,1611,439,37,0,8634,58,91,207,251,351,302,83,8,6,1358,1699,996,1439,1477,1691,1645,497,73,5,9532,2159,1013,1127,1060,1022,1016,280,40,0,7718,53,96,306,436,725,924,324,40,5,2923,45,35,87,108,113,135,38,4,0,566,15,70,222,282,352,327,77,13,0,1361,36,78,185,224,279,257,122,31,6,1220,51,151,534,727,787,732,357,65,3,3388,76,178,462,596,771,804,221,12,0,3124,36,177,699,1019,1352,1072,206,10,0,4566,156,393,1318,1798,2133,1835,492,30,0,8151,366,1094,2990,3183,4149,4287,988,66,0,17129,122,86,140,174,198,177,79,14,0,1001
109,69,73,148,144,172,149,68,24,4,855,1820,2217,5124,5283,5776,5224,1493,212,15,27166,164,307,855,949,1058,1209,777,266,38,5626,0,12,48,60,62,49,12,0,0,242,224,340,879,902,982,849,191,24,0,4391,3,26,98,112,153,147,23,0,0,569,350,627,1215,998,868,825,234,25,0,5139,47,70,215,247,285,274,98,20,0,1255,924,605,885,790,845,843,252,23,7,5164,1042,525,641,521,541,530,166,24,0,3991,51,116,356,396,569,605,292,41,0,2426,18,42,67,62,70,51,24,5,0,334,5,56,158,186,203,133,27,0,3,767,10,33,106,107,126,92,62,7,0,548,43,125,420,431,405,352,150,25,0,1954,51,96,229,288,371,331,114,13,0,1487,33,161,614,794,970,721,158,14,0,3461,96,282,933,1164,1171,1007,293,15,0,4952,145,667,1897,1676,1784,1786,447,27,0,8430,83,72,84,99,82,89,38,7,0,549
110,96,99,222,211,224,193,103,54,9,1225,2642,3160,7763,7580,8133,7278,2364,390,35,39333,311,577,1550,1577,1894,2206,1710,595,86,10492,11,173,617,554,422,263,43,0,0,2091,245,489,1217,1005,844,635,178,20,0,4636,6,55,128,183,205,208,38,5,0,836,409,636,1398,1106,1035,987,305,39,5,5908,71,127,312,336,358,336,91,11,0,1656,1364,832,1256,1090,1209,1091,327,35,3,7210,1519,700,796,673,557,569,203,24,0,5040,55,137,451,530,716,830,346,61,5,3138,20,65,120,88,87,79,31,3,0,492,13,91,258,257,275,182,42,9,0,1129,38,68,179,169,175,130,74,22,0,848,62,231,666,608,638,507,249,34,0,2995,51,161,469,482,570,514,173,17,0,2440,69,220,844,1061,1308,1002,208,20,0,4737,180,519,1599,1986,2148,1776,504,42,0,8757,251,866,2642,2210,2394,2473,613,42,0,11493,87,91,139,118,120,110,37,8,0,702
111,145,257,545,507,421,301,96,31,9,2311,6205,9798,20558,19531,19204,13810,2919,266,22,92311,27,76,159,134,174,149,62,17,0,801,20,151,1017,1245,946,595,69,3,0,4053,358,725,2040,2198,2451,1876,314,40,0,10007,9,101,492,661,663,443,70,8,0,2439,1069,2169,4446,3754,3262,2388,521,61,4,17663,88,246,727,861,913,691,189,19,0,3731,2690,3085,3406,2416,2621,1994,499,52,4,16771,4625,2854,2292,1412,1146,823,195,29,5,13383,107,349,1082,1416,1724,1698,377,53,5,6807,63,151,390,355,327,200,43,11,0,1553,36,365,1635,1719,1346,802,133,16,0,6045,60,204,505,500,536,398,154,51,3,2416,160,1079,3235,3339,2320,1544,525,87,0,12286,141,528,1252,1207,1290,967,235,24,0,5638,71,612,2437,2882,2930,1887,299,19,0,11135,393,1384,3739,4182,4275,3122,801,56,0,17956,690,3462,8960,7792,7833,6345,1348,113,8,36545,365,345,496,404,340,197,77,11,0,2231
112,158,154,473,503,455,344,136,54,10,2288,3709,3951,9710,11488,12750,11227,3124,347,34,56340,161,277,599,690,868,1110,869,298,61,4938,3,12,109,121,127,112,27,5,0,514,355,494,1092,1156,1144,1111,270,24,0,5647,13,40,145,230,307,222,31,0,0,990,521,940,2355,2452,2269,1853,512,44,0,10941,82,125,284,399,474,431,148,15,0,1959,1962,1369,1939,1811,2017,1772,562,58,3,11497,2586,1255,1878,1476,1283,1068,344,44,0,9928,76,171,386,499,805,965,355,52,4,3319,48,73,180,271,262,211,57,10,0,1120,19,90,311,458,484,356,106,15,4,1849,32,86,261,319,430,384,154,27,6,1702,70,286,1168,1586,1474,1106,530,46,8,6277,90,224,652,795,892,892,258,20,0,3813,43,210,626,1188,1520,1209,241,18,0,5057,145,430,1634,2628,2992,2353,629,39,0,10859,271,1023,3252,3975,4788,5012,1272,65,5,19655,138,146,303,388,408,297,111,16,4,1803
113,85,140,245,221,209,172,82,40,6,1199,2713,3534,7612,7302,7426,6426,1820,258,34,37124,289,556,1304,1400,1597,1851,1201,404,59,8667,8,11,65,69,52,48,11,6,0,272,389,643,1784,1709,1486,1118,265,20,0,7420,20,61,248,268,295,230,34,3,0,1160,535,749,1467,1124,938,860,277,14,8,5970,101,174,358,351,422,336,80,13,0,1836,1325,914,1216,1072,1063,981,293,30,0,6909,1292,763,859,569,530,523,159,18,3,4710,56,135,455,508,692,855,339,40,5,3082,38,50,107,89,72,55,16,5,4,434,23,72,220,236,231,153,27,10,0,963,27,65,140,109,129,95,59,9,0,628,65,254,676,563,515,419,157,24,0,2675,62,174,466,452,467,469,104,8,0,2210,499,680,1316,1243,1259,1017,196,13,0,6228,146,448,1345,1548,1736,1396,373,23,0,7018,233,898,2567,2320,2255,2083,529,39,0,10931,97,63,122,115,94,81,22,6,0,604
114,80,78,190,197,226,206,84,26,6,1103,2113,2450,5842,6332,7349,6589,1966,262,23,32923,63,112,215,248,273,317,230,112,8,1573,0,14,83,109,99,87,11,0,0,416,176,232,604,685,806,781,224,35,0,3552,11,24,104,123,153,148,21,3,0,595,489,866,1760,1567,1409,1173,353,40,0,7661,52,67,177,261,334,341,87,22,4,1350,994,747,1093,1031,1192,1148,375,62,5,6649,1515,794,1013,802,861,677,219,31,0,5917,39,69,298,370,539,611,220,32,0,2174,27,30,77,116,141,131,43,14,0,573,11,49,186,317,371,290,123,24,4,1372,22,59,207,228,273,246,103,31,5,1155,55,167,670,884,942,842,507,87,8,4158,55,152,385,514,660,602,205,24,0,2592,74,332,1033,1218,1305,958,200,8,0,5126,120,279,980,1130,1537,1374,419,37,0,5876,139,610,1925,1967,2226,2422,684,73,0,10051,85,90,145,154,184,192,92,17,4,968
115,95,212,452,729,604,327,123,24,0,2569,3663,5692,10410,15950,15190,9718,2724,274,14,63624,77,79,201,245,371,320,160,62,12,1524,7,16,31,72,71,72,14,5,0,288,226,397,923,1738,2108,1613,468,58,4,7540,4,43,156,357,355,253,69,0,0,1244,768,1560,2667,3164,3114,1907,515,55,3,13751,81,250,687,1502,1573,1053,273,65,0,5481,1709,1857,1640,2305,2150,1510,476,71,4,11724,2005,810,596,694,662,510,116,15,4,5415,81,223,544,1041,1286,1009,289,35,4,4499,50,189,506,1059,707,367,81,3,0,2969,58,565,1717,3592,2281,1100,309,26,0,9644,101,232,432,719,619,387,147,34,3,2684,160,1198,2528,4400,3228,1974,749,112,5,14362,104,231,506,802,804,615,190,29,0,3273,45,306,1050,1743,1837,1164,297,18,0,6457,601,1050,1938,2652,3186,2269,693,45,3,12445,442,1547,2814,3640,3988,3120,1012,100,3,16672,186,260,276,303,234,177,54,12,0,1502
116,144,391,1063,1097,694,357,91,17,0,3854,3764,7987,20180,23448,15981,9710,1951,89,3,83115,18,50,132,147,163,113,37,12,0,681,0,12,53,72,52,43,7,0,0,247,236,753,2457,3479,3311,2492,467,21,5,13221,17,74,404,651,478,310,48,3,0,1974,535,1394,3375,3317,2350,1344,304,7,0,12637,87,454,1395,2263,1599,1041,216,13,0,7067,1766,3012,3978,4167,2700,1633,344,23,0,17623,2551,1353,1425,1231,826,571,104,4,0,8067,226,1170,3401,3898,2992,2163,509,22,0,14383,50,185,834,1475,592,238,42,5,0,3417,54,784,2829,4674,1960,840,133,3,0,11281,57,201,588,707,394,213,77,9,0,2242,112,942,3571,5298,2117,902,242,32,0,13210,131,557,1381,1532,1055,772,180,14,0,5621,60,566,2088,3014,2360,1578,363,16,3,10055,434,1056,2871,3192,2637,1593,400,30,0,12208,393,2210,6490,7264,5292,3499,809,31,0,25990,115,242,375,329,201,149,41,4,0,1455
117,46,442,1674,851,450,271,97,21,3,3843,1800,9439,35319,20712,12715,7606,2190,235,24,90028,9,29,91,55,45,35,10,6,5,293,0,6,86,66,39,27,11,3,0,241,77,407,1900,1370,932,669,167,19,0,5552,4,60,383,302,176,93,22,6,0,1037,155,780,4450,2321,1287,773,208,27,0,9999,15,267,1499,1215,812,468,107,16,6,4400,741,2451,5259,2682,1624,944,286,53,3,14053,1114,2886,6069,2642,1158,708,171,27,0,14761,61,542,2352,1882,1520,1076,259,14,0,7715,52,490,3008,2154,1275,600,127,13,3,7716,34,1126,6628,5234,2764,1015,222,23,3,17057,25,266,1338,1069,593,351,135,31,9,3810,97,2513,14116,8033,4090,2190,737,116,4,31894,49,471,2583,1685,965,632,197,28,0,6607,92,1136,3975,2983,2350,1463,324,23,0,12340,296,1290,4867,3843,2794,1927,582,48,0,15649,159,1554,6943,4310,3115,2504,848,105,0,19539,136,582,1898,1221,761,469,176,22,7,5263
118,63,226,1069,734,553,290,127,44,8,3123,1790,5398,21056,15661,12876,8394,2849,441,41,68522,5,18,57,61,50,38,22,19,0,269,0,6,51,48,37,41,15,4,0,210,74,164,886,831,746,558,204,33,0,3500,5,28,191,220,171,85,18,4,0,720,249,742,3628,2247,1468,884,254,63,3,9544,28,141,814,802,750,479,187,43,11,3243,796,1215,2302,1745,1340,964,384,80,12,8840,1053,1093,1899,1136,843,544,178,45,0,6800,42,211,1145,957,1006,783,237,20,0,4402,51,266,1501,1361,1048,562,109,33,0,4944,37,635,3734,3933,3076,1303,359,83,22,13185,43,247,1054,966,879,529,290,87,24,4113,110,1517,7618,5713,4215,2439,1068,212,10,22916,41,256,1715,1076,811,529,235,29,3,4691,78,361,1538,1463,1398,1120,298,34,3,6287,365,961,2877,2723,2516,2035,719,77,0,12272,171,1088,4469,3350,3262,2912,1306,213,18,16793,114,347,848,684,593,382,146,36,8,3153
119,128,579,1527,1264,1019,712,191,24,5,5454,4323,12351,29858,25984,23502,16387,3613,281,17,116318,10,33,95,97,81,86,31,10,0,445,0,6,46,48,52,35,9,0,0,198,213,719,2472,2691,3246,3046,722,83,0,13200,13,89,319,427,416,223,54,0,0,1551,756,1907,5430,4432,3627,2347,520,56,3,19072,100,474,1550,1867,1870,1435,318,37,5,7654,2194,4437,6179,4634,3695,2678,697,73,0,24590,2573,2650,3647,2454,1880,1560,301,34,5,15101,212,1005,3563,4005,4288,3636,751,52,0,17509,57,358,1239,1344,942,438,79,7,0,4461,74,1270,4657,4744,3294,1440,241,23,4,15747,85,408,1098,1147,880,557,146,32,3,4364,180,2160,6827,5615,3599,2155,684,97,13,21322,113,923,2422,1914,1765,1390,421,42,0,8980,114,723,2850,3132,3017,2215,476,17,0,12551,562,1650,4859,4306,4186,3065,816,62,0,19510,456,3424,9265,6986,6202,5319,1424,115,0,33181,250,454,823,683,474,329,92,10,0,3112
120,52,301,1023,751,583,359,110,21,0,3191,2093,7278,21658,17710,15487,10545,2858,286,26,77929,12,23,71,50,49,50,25,5,0,296,0,4,40,66,50,40,7,7,0,212,116,449,1530,1337,1254,1020,292,40,4,6027,0,28,229,257,243,115,31,4,0,918,239,747,2945,2498,1979,1345,363,35,0,10159,38,260,1083,1160,1078,764,181,37,4,4603,993,2198,3415,2234,1733,1328,349,64,6,12324,1239,2091,2530,1496,951,677,158,15,7,9163,46,309,1299,1178,1228,1118,306,28,0,5517,47,262,1505,1476,1214,572,135,11,0,5224,42,675,3929,4341,3090,1272,267,31,3,13656,45,258,895,943,770,443,181,27,10,3585,140,1535,6861,5807,4041,2381,839,112,4,21726,60,708,1480,1137,975,704,187,35,5,5284,47,432,1988,2180,1969,1420,385,33,0,8460,376,1060,3395,3041,3094,2585,801,71,0,14416,249,2067,5886,4134,3878,3377,1235,153,14,20990,127,343,844,679,490,361,125,19,0,2986
121,83,272,923,1133,836,499,164,34,12,3963,3881,8243,22496,27007,23958,15493,4876,697,55,106703,15,42,83,103,129,107,88,36,11,618,0,8,75,119,115,85,44,10,4,462,187,369,1271,1863,1744,1185,407,71,3,7109,6,41,226,414,356,214,65,15,0,1340,291,896,2498,2639,2208,1475,470,63,4,10538,66,296,1265,2115,1973,1247,373,85,12,7433,1829,2409,3004,2917,2412,1677,611,122,8,14993,2172,1543,1970,1723,1132,809,266,35,5,9657,82,209,767,1306,1327,1085,339,38,0,5155,87,414,1620,2375,2004,969,215,30,5,7721,67,1023,4900,8207,6594,3032,759,151,25,24764,70,298,1107,1450,1300,919,414,108,20,5686,211,2420,8672,10626,8607,5434,2184,462,35,38655,88,388,1267,1484,1333,1018,382,67,0,6031,43,380,1780,2534,2370,1645,481,59,4,9297,982,1702,3323,4017,4502,3445,1216,180,9,19378,476,2258,5929,6265,6442,5327,2019,329,13,29047,247,440,737,708,609,392,163,36,0,3333
122,105,209,625,735,696,391,110,34,7,2914,3457,5196,12206,14806,16424,10783,3058,398,30,66357,16,28,73,81,83,80,39,23,0,414,0,7,22,48,57,51,17,5,0,194,270,358,938,1315,1498,1117,324,51,6,5876,12,28,137,221,265,177,45,8,0,901,632,1334,2941,2915,2789,1708,464,54,5,12839,90,185,683,1046,1447,871,286,49,0,4657,1711,1742,1842,1902,2030,1713,540,90,6,11578,2153,1314,1254,1013,838,607,174,26,0,7378,105,149,450,690,1006,889,302,47,0,3640,72,226,737,1059,1218,632,137,18,3,4110,22,348,1437,2931,3194,1459,318,61,15,9778,54,230,577,765,868,547,216,53,6,3324,166,1068,3697,4838,5123,3137,1096,201,15,19344,95,257,843,1105,1255,796,240,40,0,4633,48,194,848,1289,1643,1065,265,25,0,5384,456,845,1967,2415,2978,2337,717,72,5,11792,321,1259,2909,3102,3817,3369,1097,130,4,16004,223,241,481,491,497,330,124,29,0,2426
123,133,293,575,621,499,302,87,10,3,2519,3698,5988,14533,15145,12897,8988,1918,119,11,63292,46,76,174,162,169,168,97,20,3,923,6,28,105,185,181,112,25,0,0,650,305,671,1960,2524,2643,2117,451,28,0,10692,18,72,335,398,351,258,48,3,0,1486,946,1775,3835,3347,2454,1549,350,19,3,14288,85,274,874,1030,1056,764,187,20,0,4290,1557,1952,2925,2730,2140,1648,356,21,0,13332,2506,1194,983,912,666,463,112,8,0,6842,153,557,1840,2418,2420,1886,421,29,0,9725,32,116,376,475,255,157,32,0,0,1448,23,317,1201,1513,1032,550,131,15,0,4783,49,188,448,487,408,242,76,19,0,1927,96,604,1780,2001,1217,754,271,23,0,6747,109,329,880,980,907,664,153,16,0,4043,70,423,1829,2271,2053,1433,287,18,0,8390,278,803,2655,2852,2627,1860,500,38,0,11614,351,1524,4482,4697,3903,2884,702,44,0,18594,161,203,325,280,190,140,45,0,0,1345
124,128,242,601,599,504,350,114,25,9,2560,4384,6924,16734,16905,15842,11580,2740,231,18,75358,62,109,257,271,300,220,101,28,4,1359,8,11,90,90,92,92,10,4,0,397,319,701,1924,2463,2587,2100,424,35,0,10559,17,111,442,621,579,396,79,5,0,2255,1117,2268,4760,3964,3114,2070,496,38,0,17824,109,342,1057,1218,1106,940,194,12,0,4982,1801,2127,3239,2810,2413,1822,476,39,5,14731,3020,1397,1253,1035,848,613,172,13,4,8348,182,627,1850,2353,2325,1839,511,53,4,9741,39,117,403,505,401,269,60,13,0,1809,30,382,1284,1658,1227,725,140,16,0,5473,66,243,563,554,483,302,125,40,4,2371,110,652,1937,2134,1651,1134,490,66,0,8175,149,392,1051,1003,930,781,182,8,0,4492,110,664,2504,2910,2879,2039,443,23,0,11568,289,1031,3178,3453,3595,2867,757,65,0,15236,412,1758,4892,4823,4588,3867,1042,78,3,21466,224,250,467,415,387,243,117,19,0,2118
125,126,546,1566,1219,759,510,94,21,4,4836,3110,9889,27064,22716,16178,10930,2408,197,16,92500,8,52,119,108,74,83,27,6,0,474,3,12,51,59,47,31,14,6,0,214,157,775,2972,3075,2822,2416,524,40,0,12781,3,59,379,549,386,233,46,0,0,1652,430,1379,4328,3808,2705,1652,376,38,3,14711,62,467,1860,2164,1634,1134,275,21,0,7620,1525,3309,5528,3802,2413,1713,408,36,3,18729,1860,2261,2764,1816,1207,949,201,5,0,11068,137,944,3030,2842,2176,1841,475,29,0,11481,43,248,1264,1477,722,327,69,8,0,4158,61,1054,4393,4997,2034,923,200,26,0,13689,47,263,903,895,520,367,96,16,0,3109,135,1564,7401,6891,2639,1437,450,63,5,20583,107,908,2118,1673,1126,915,240,22,3,7103,64,593,2580,2914,2223,1544,401,20,0,10325,474,1304,3838,3564,2883,1999,572,54,5,14693,350,3033,8845,6602,5037,3848,1010,94,4,28828,127,319,609,460,277,189,46,3,0,2031
126,35,151,575,567,345,236,75,10,3,1996,1724,4270,12605,12121,9395,6724,1748,190,14,48790,3,8,52,36,46,30,16,3,0,197,0,6,37,44,39,28,11,0,0,162,81,212,991,1234,1027,814,213,30,0,4606,4,24,126,220,183,116,31,0,0,703,140,557,1600,1529,1206,813,193,25,0,6075,33,169,900,1286,991,628,150,21,4,4180,876,1454,2004,1482,1069,882,273,31,0,8076,929,908,1244,865,610,442,106,14,0,5121,28,150,661,776,706,677,177,13,3,3191,34,208,926,1144,737,339,70,7,0,3462,32,493,2439,2904,1824,897,183,17,3,8781,20,147,618,653,430,306,105,36,0,2308,110,1083,4321,4234,2652,1562,593,91,13,14645,31,171,640,629,571,479,161,18,0,2693,29,195,924,1182,968,796,209,17,0,4322,364,883,2108,2023,1913,1612,458,53,0,9412,225,1164,3405,2872,2650,2352,811,101,0,13578,126,218,346,282,196,136,41,11,0,1352
127,174,421,1056,973,855,511,108,16,0,4110,3993,9219,20357,18423,16332,10609,1996,118,9,81058,25,64,182,247,384,289,100,22,0,1308,0,9,40,66,39,42,5,0,0,203,275,790,2423,3370,4355,3821,758,45,3,15836,13,91,317,435,376,260,45,0,0,1515,695,1819,4242,3395,2878,1962,407,14,3,15406,98,383,1311,1589,1477,1147,225,19,0,6246,1740,3251,3921,3324,2957,2088,415,29,0,17727,2751,1344,1480,1244,1104,814,152,14,0,8908,308,1067,2857,3302,3123,2498,521,44,0,13715,54,232,628,687,397,197,18,4,0,2211,42,940,2828,2580,1340,640,107,5,0,8484,63,234,665,581,425,297,65,18,9,2350,90,1239,3073,2522,1482,805,250,23,0,9487,142,561,1216,1263,1294,932,247,10,0,5660,191,870,2836,2583,1962,1371,267,21,0,10096,371,1282,3661,2809,2552,1621,416,18,0,12735,357,2349,6049,5193,4450,3155,746,49,3,22343,157,270,462,336,239,136,38,3,0,1654
128,66,165,427,410,392,236,94,16,10,1805,3191,5077,11148,12933,13316,9348,2409,234,22,57672,7,15,42,46,45,34,16,7,4,215,3,5,37,61,41,46,7,3,0,213,230,324,803,1139,1510,1231,360,53,5,5651,11,43,196,296,345,208,54,4,0,1151,894,1677,3027,2841,2668,1592,427,50,4,13173,40,182,508,844,974,722,183,26,3,3491,1453,1470,1590,1577,1721,1430,414,49,3,9710,1890,902,753,676,555,430,126,20,0,5354,88,316,935,1430,1947,1445,390,31,0,6594,52,158,411,585,461,220,44,0,0,1925,25,349,1392,2142,1901,985,208,20,5,7017,60,188,518,614,542,375,157,30,6,2484,131,911,2409,3047,2451,1587,654,97,0,11286,72,226,588,764,857,631,180,32,5,3349,50,409,1629,1988,2116,1397,288,23,0,7908,395,744,2282,2510,2781,2271,699,49,0,11729,361,1363,2853,2954,3353,2921,745,98,8,14658,183,229,397,370,324,236,77,14,0,1827
197,0,0,0,0,0,0,0,0,0,0,0,0,0,0,0,0,0,0,0,3,0,0,0,0,0,0,0,0,0,0,0,0,0,0,0,0,0,0,0,0,0,0,0,0,0,0,0,0,0,0,0,0,0,0,0,0,0,0,0,0,0,0,0,0,0,0,0,0,0,0,0,0,0,0,0,0,0,0,0,0,0,0,0,0,0,0,0,0,0,0,0,0,0,0,0,0,0,0,0,0,0,0,0,0,12,7,4,0,0,27,0,0,0,0,0,0,0,0,0,0,0,0,0,0,0,0,0,0,0,0,0,0,0,0,0,0,0,0,0,0,0,0,0,0,0,0,0,0,0,0,0,0,0,0,0,0,0,0,0,0,0,0,0,0,0,0,0,0,0,4,0,0,0,0,0,0,0,0,0,0,0,0,0,0,0,0,0,0,0,0,0,0,0,0,0,0,0,0,0,0
201,57,95,204,188,227,186,71,32,10,1064,2460,3447,7680,7960,8486,6874,1658,167,16,38743,111,190,423,448,542,612,458,179,21,2982,19,34,141,139,121,88,24,0,0,562,282,407,969,1209,1523,1186,275,19,0,5866,4,30,150,196,205,180,34,0,0,802,454,969,1963,1654,1341,1137,274,13,0,7810,60,104,266,295,359,308,87,10,0,1490,1167,1149,1438,1086,1230,1062,301,31,0,7468,1768,922,931,668,541,475,151,17,0,5467,29,135,492,562,703,719,232,31,3,2909,31,71,223,235,240,146,47,5,0,1004,8,57,252,330,385,218,57,5,0,1321,17,55,190,186,172,159,60,9,0,845,41,254,903,1050,972,646,225,29,4,4126,54,175,431,433,481,423,118,10,0,2117,19,165,899,1306,1412,1029,176,12,3,5022,159,391,1522,1869,1916,1486,379,23,0,7745,177,1088,3019,2851,3207,2851,626,34,0,13851,161,184,294,293,273,222,78,11,0,1516
202,80,95,193,215,199,197,64,27,3,1064,2410,3234,7414,7864,8293,6952,1746,186,21,38120,73,139,398,466,557,625,451,184,23,2912,13,91,370,338,263,161,39,0,0,1266,306,558,1414,1283,1332,1128,299,31,0,6350,7,40,143,213,246,197,40,0,0,886,402,826,1699,1426,1378,1053,251,30,0,7047,44,93,228,268,318,312,70,16,0,1356,1349,1025,1218,1066,1183,1016,305,37,4,7208,1592,792,764,575,524,445,145,13,0,4853,36,107,359,436,624,736,229,27,0,2550,16,70,173,177,201,116,40,0,0,791,16,116,445,735,635,333,59,7,0,2357,16,68,140,150,161,137,62,12,0,745,37,221,735,999,938,624,289,36,3,3876,53,145,404,391,490,460,133,10,0,2099,25,173,794,1203,1414,1082,260,16,0,4969,107,364,1284,1670,1713,1352,365,18,0,6872,169,1009,3014,2858,2971,2840,668,27,3,13560,109,160,217,243,277,190,76,14,0,1284
203,105,196,504,485,437,312,108,32,12,2185,4698,7287,17111,17014,16277,12302,2937,243,27,77906,123,178,362,388,490,485,329,141,22,2519,6,16,76,62,99,74,27,0,0,360,416,691,1858,1959,2279,1710,395,40,4,9342,12,70,456,476,453,324,49,3,0,1838,798,2127,5003,4174,3320,2145,511,54,7,18138,88,266,687,887,1034,770,195,24,0,3952,2420,2790,3245,2647,2525,1989,558,50,3,16226,3419,2120,2037,1181,984,757,250,30,0,10785,104,321,1176,1252,1317,1338,442,32,0,5986,55,121,291,402,332,205,67,9,0,1477,8,178,1088,1413,1149,593,155,17,4,4604,26,151,437,442,444,341,121,15,0,1982,65,639,2355,2507,2187,1473,684,89,7,9991,102,346,856,986,999,851,293,25,0,4458,48,315,2055,2620,2688,1887,418,50,3,10082,252,873,3299,4053,3555,2848,670,39,0,15593,274,1953,6382,5791,5744,4951,1148,76,0,26323,278,347,603,488,435,307,112,18,0,2589
204,99,114,225,263,288,226,118,48,10,1380,2802,3307,7715,8285,9492,8459,2507,345,34,42940,191,293,656,749,1041,1356,1321,565,64,6240,10,27,66,93,77,73,14,5,0,368,323,538,1304,1527,1701,1493,377,24,3,7294,8,24,126,177,204,195,48,0,0,789,486,944,2114,1768,1719,1491,409,35,0,8966,78,112,288,343,435,364,109,17,0,1747,1364,802,1258,1181,1423,1365,396,40,3,7838,1818,958,1189,833,901,773,282,27,0,6787,70,277,595,661,913,1018,394,39,4,3966,22,33,95,128,127,96,25,7,0,546,14,62,243,304,322,263,58,14,4,1283,26,83,170,161,208,147,64,18,3,885,55,183,630,813,823,657,300,42,0,3502,79,162,450,514,605,569,146,24,3,2550,326,668,1415,1595,1794,1425,318,16,0,7572,149,352,1396,1711,1722,1521,444,29,0,7319,211,775,2470,2561,2951,2993,781,44,0,12781,114,141,233,208,235,192,82,3,0,1214
205,154,156,362,352,391,384,154,49,20,2020,3963,4866,12006,12110,13650,12384,3437,427,43,62882,327,516,1397,1487,1642,1896,1588,593,90,9533,7,48,186,330,341,263,47,6,0,1222,395,566,1558,1552,1831,1702,422,36,0,8060,29,149,568,822,897,916,125,12,0,3510,739,1424,3379,2804,2630,2225,553,38,6,13793,116,150,450,517,637,609,186,21,0,2687,2019,1401,2038,1855,2157,1923,550,55,4,12009,2493,1123,1264,943,988,962,306,35,0,8117,62,163,572,675,1060,1240,399,57,3,4243,42,124,280,201,215,179,61,13,0,1112,19,110,395,430,450,346,93,13,4,1857,30,110,264,319,319,271,141,25,0,1480,77,296,1042,1165,996,980,531,90,0,5179,108,220,606,715,804,776,255,25,0,3513,75,451,1805,1939,1961,1662,389,35,0,8313,195,594,2049,2469,2728,2305,623,42,3,11011,246,1389,4079,3850,4437,4558,1136,62,0,19766,211,172,346,371,358,357,122,25,0,1967
206,128,716,2548,1366,928,516,186,44,8,6442,5019,20537,68558,39420,27566,17453,4933,538,38,184047,14,105,325,205,177,138,61,39,0,1070,0,20,153,184,166,76,25,0,0,631,247,982,4401,3191,2585,1755,438,72,10,13683,13,159,1163,1177,650,286,51,5,3,3511,271,1689,7872,4356,3001,1933,506,72,5,19698,84,556,2357,1864,1582,984,308,60,3,7795,2054,6022,9954,4691,3196,1995,625,92,9,28633,3580,7614,11104,4036,1910,1047,311,48,6,29653,100,840,3446,2400,2023,1416,377,39,0,10633,144,766,3734,2641,1722,874,244,38,4,10162,52,1406,8100,6724,4145,1890,481,102,11,22913,43,505,2413,1571,1074,760,361,95,11,6836,172,4046,24870,14844,8602,4677,1789,290,8,59304,137,1215,5192,2505,1642,1093,326,49,3,12163,98,1233,7404,6104,4679,2991,705,63,0,23282,656,2717,11142,7825,6183,4944,1490,134,7,35111,305,3846,17692,9904,7139,5850,1955,240,10,46946,443,1439,3995,2339,1422,860,330,60,5,10894
207,92,277,768,783,690,453,145,35,17,3251,4460,9456,19172,19029,20000,13936,3972,544,53,90627,13,31,107,85,111,93,60,28,0,536,8,10,36,90,89,73,26,4,0,335,324,537,1469,1739,2099,1615,467,81,5,8337,9,66,305,468,389,215,59,4,0,1506,255,1214,2822,2406,2494,1662,464,91,0,11412,81,343,1002,1326,1542,1030,309,62,10,5713,2186,3867,3635,2783,2916,2075,636,126,4,18235,2954,2581,2184,1557,1460,1036,280,31,0,12090,71,428,1011,1096,1176,1057,329,37,4,5206,92,345,768,1024,951,492,109,16,4,3799,46,673,2609,3581,3102,1515,415,63,8,12013,45,272,1012,1024,969,631,245,76,12,4283,157,1905,5750,6055,5569,3645,1404,287,21,24792,96,522,1231,1004,1126,857,318,47,0,5198,32,483,1643,1855,2051,1762,485,66,3,8386,639,1510,3423,3486,4042,3547,1092,129,6,17876,354,2309,6172,5523,6233,5344,1805,239,17,28004,478,618,690,537,499,323,138,20,4,3307
208,138,282,865,980,963,527,186,46,19,4015,5434,9250,21996,24241,25863,16871,4920,536,48,109171,13,40,103,125,170,135,55,30,0,667,0,4,53,137,134,84,19,0,0,434,407,599,1848,2569,3232,2343,697,97,12,11798,14,87,384,656,596,318,67,0,0,2128,434,1548,4246,3990,3648,2375,710,91,9,17049,99,381,1159,1612,2009,1352,432,77,13,7140,2646,3741,3745,3242,3581,2528,914,125,3,20526,3753,2399,2137,1461,1225,839,225,35,9,12077,85,353,1136,1376,1516,1244,416,43,4,6169,120,282,902,1235,1257,677,145,10,0,4628,25,565,2599,4311,3901,1821,474,77,15,13795,42,236,919,1143,1178,744,350,87,11,4701,156,1583,6106,7689,7098,4188,1635,283,18,28755,116,427,1320,1318,1628,1103,382,60,3,6347,64,460,2167,2670,3082,2186,538,56,6,11236,660,1503,4101,4728,5437,4261,1273,119,9,22100,357,2128,6435,6094,6875,5700,1943,217,11,29759,567,660,914,876,861,521,175,35,3,4606
209,146,410,1160,1110,877,563,153,45,9,4469,6128,11673,30024,30867,26688,17560,3909,319,18,127178,32,100,299,287,301,241,118,35,10,1434,0,8,81,102,117,83,16,0,0,409,588,1058,3290,4314,4610,3459,843,91,0,18256,16,88,569,867,590,395,89,4,0,2625,1112,3145,7798,6796,5496,3381,785,83,3,28595,137,449,1331,1741,1899,1286,332,31,3,7206,3031,4519,5217,4196,3926,2720,729,72,5,24414,4126,2763,2854,2062,1409,978,216,18,0,14425,136,827,2988,3508,2945,2359,607,45,0,13408,95,283,990,1353,931,471,69,8,0,4202,30,533,2585,3601,2369,1098,203,11,0,10437,44,266,854,798,738,488,155,30,5,3372,116,1128,5376,6363,4288,2377,736,99,0,20483,155,774,1915,1846,1795,1327,379,40,0,8225,127,960,3802,4711,4158,2739,626,76,5,17208,430,1431,5790,6471,5732,3947,960,68,3,24827,396,3023,10036,9921,8354,6367,1575,108,8,39794,464,653,1030,921,676,376,150,16,5,4297
210,154,385,963,806,645,423,117,22,3,3532,4337,8553,22248,21055,17679,11645,2357,183,9,88067,42,63,186,187,211,172,89,55,7,1011,0,11,48,74,75,50,9,0,0,261,357,880,2893,3403,3297,2565,503,42,0,13942,12,104,490,600,428,288,52,6,0,1977,862,2466,6451,5084,3895,2279,502,29,0,21569,92,327,1021,1300,1291,954,196,26,0,5208,2312,3062,3837,2920,2704,1984,426,42,0,17285,3058,2064,2129,1529,1070,740,153,16,0,10769,164,1142,3689,4005,3366,2639,555,47,0,15607,79,172,668,857,517,256,32,6,0,2594,24,434,2096,2540,1427,756,158,13,0,7449,40,207,687,611,514,308,98,15,0,2475,65,772,3701,3880,2270,1313,374,50,0,12429,115,671,1712,1526,1327,938,248,38,0,6568,95,768,2966,3360,2882,1939,415,23,0,12441,272,959,4190,4151,3519,2502,541,46,0,16185,229,2013,6526,5886,4669,3388,800,56,0,23555,270,411,631,581,364,253,86,14,0,2613
211,168,380,988,1125,1072,732,205,35,9,4711,7168,11294,25448,28516,28737,20945,5012,427,23,127574,91,188,403,416,559,478,246,81,5,2463,4,14,54,89,116,97,22,6,0,400,698,1199,3192,4552,5572,4625,1067,130,4,21049,28,151,560,837,674,528,100,9,0,2888,1359,3424,7460,6729,5979,4221,958,81,5,30212,170,548,1506,2438,2594,1926,466,43,3,9691,3688,4477,4571,4242,4266,3511,995,108,9,25867,4845,2380,1908,1699,1425,1099,263,32,5,13651,93,443,1258,1545,2047,1998,611,63,0,8064,113,270,802,1254,1021,635,108,11,0,4212,35,451,2099,3126,2516,1315,333,37,0,9917,64,284,829,903,819,529,187,28,0,3643,152,1293,4804,6322,4718,2959,1054,166,5,21464,175,610,1503,1745,1890,1504,488,47,4,7972,133,619,2585,3249,3286,2544,676,71,0,13168,505,1507,5110,6039,5934,4457,1202,115,5,24878,458,2783,7913,7778,8462,6958,1869,129,4,36357,590,546,786,749,729,451,134,26,0,4010
212,303,868,2393,2173,1717,1136,248,66,16,8931,9432,19196,45991,44766,37402,23873,5074,447,38,186215,138,333,818,859,876,768,319,110,19,4242,9,13,105,162,151,102,26,0,0,573,863,2669,8517,10101,10113,7727,1561,117,12,41673,26,230,1000,1279,1017,629,96,9,0,4300,1320,4561,12047,9963,7450,4498,977,96,6,40927,183,936,3262,3904,3698,2525,538,45,5,15086,4660,7487,9349,7753,6304,3975,957,86,7,40579,6675,4361,4534,3276,2389,1660,334,17,0,23243,245,1567,5330,5359,4160,3434,952,53,8,21108,163,528,1376,1820,1092,539,112,12,0,5639,73,1040,4203,4853,2891,1394,271,30,8,14756,72,402,1445,1412,955,650,164,30,0,5140,175,2070,7658,8198,5107,2861,911,146,9,27131,268,1345,3541,3134,2772,1940,519,69,6,13597,75,1011,3793,4075,3535,2597,646,92,8,15824,799,2481,7064,7512,6534,4168,1027,92,7,29673,619,4945,15097,14163,11471,7774,1921,126,4,56118,617,779,1159,947,772,450,141,22,0,4888
213,261,806,2273,2023,1422,757,180,31,12,7759,8507,16822,48419,49385,35766,20558,3655,219,17,183361,35,166,572,656,544,403,136,33,6,2552,0,24,137,191,192,110,25,3,0,684,553,1449,5443,7238,7241,5075,878,51,0,27926,32,172,1254,1836,1000,563,87,3,0,4949,1140,4211,10680,9081,6486,3676,736,39,5,36058,143,679,2350,3219,2755,1808,325,25,0,11311,4399,6632,9295,7780,5705,3541,720,48,3,38129,6287,4186,5152,3798,2332,1538,306,18,0,23610,388,2465,9174,9741,7196,5172,1051,31,0,35226,134,426,1692,2569,1193,485,91,11,0,6593,54,1048,5562,7947,3371,1250,210,9,0,19447,91,450,1687,1697,1085,584,136,17,0,5759,136,1502,8731,11136,4921,2182,568,59,0,29235,211,1328,3892,3665,2775,1791,460,42,0,14155,66,1116,5315,6878,5376,3413,715,61,5,22927,641,1944,7598,8317,6421,3912,802,53,0,29687,388,3484,13271,12932,9633,5991,1230,62,0,46993,547,841,1585,1626,1053,567,148,14,0,6389
214,122,179,484,564,582,421,165,57,4,2586,4115,5725,13314,14940,16457,12567,3430,330,9,70879,55,113,240,291,377,329,172,60,4,1641,0,10,35,87,91,68,25,9,0,317,364,619,1689,2225,2987,2403,632,76,6,10990,16,54,297,408,425,314,73,10,0,1595,879,1948,5012,4805,4049,2756,730,82,0,20266,62,189,658,950,1180,949,298,35,4,4328,2210,2148,2457,2299,2644,2212,698,83,0,14756,2878,1443,1221,990,1090,734,230,38,0,8626,64,217,620,795,1100,1139,344,47,0,4327,48,105,274,400,384,231,71,17,0,1536,10,112,610,857,934,650,213,36,0,3430,36,146,446,524,604,452,191,46,3,2450,66,402,1662,2208,2270,1630,811,132,7,9188,101,303,747,1039,1289,1042,351,52,0,4919,325,704,1631,1806,1853,1346,345,42,0,8053,206,635,2511,3084,3163,2465,666,48,0,12782,275,1358,4019,4209,5026,4503,1247,81,4,20732,363,349,494,524,513,361,141,19,0,2762
215,83,104,226,173,217,188,82,52,7,1132,1926,2640,6695,6130,6974,6560,1788,266,23,33013,332,632,2053,1933,2094,2420,1398,457,69,11389,7,48,142,149,130,84,18,3,0,587,226,394,1018,808,862,791,203,15,0,4325,10,34,189,169,197,216,50,0,0,864,328,617,1147,959,890,865,224,24,0,5051,63,160,341,381,410,426,103,17,0,1900,1174,732,1072,927,1078,1040,287,31,0,6345,889,539,713,595,547,522,165,18,0,3990,47,131,394,483,612,799,295,21,0,2782,14,45,77,70,86,61,18,0,0,362,14,47,196,197,212,130,29,5,0,831,9,53,90,93,117,99,43,12,0,511,50,169,499,451,407,321,145,20,0,2061,51,151,432,410,407,466,98,17,3,2032,32,162,792,834,1008,955,189,17,0,3985,76,305,1127,1143,1311,1078,291,16,0,5354,222,755,2392,1926,2318,2483,565,30,0,10683,71,70,130,132,151,115,45,10,0,724
216,58,69,170,186,205,150,57,21,6,936,1894,2416,5751,5602,6363,5580,1511,159,18,29294,187,387,1128,1118,1253,1336,857,258,40,6574,3,11,27,41,46,26,7,0,0,155,301,440,1097,1218,1457,1257,256,17,0,6030,11,33,216,216,283,217,38,0,0,1007,375,661,1295,1015,1046,907,204,18,0,5517,47,98,221,238,290,261,70,10,0,1230,1081,688,921,905,1000,889,245,23,4,5764,1045,489,606,506,506,491,127,13,0,3792,39,99,343,360,621,705,250,36,0,2452,21,37,80,58,73,51,17,0,0,335,12,61,126,162,193,143,50,3,0,749,13,41,90,91,125,101,45,13,0,522,43,161,528,462,451,365,136,25,0,2175,40,115,363,329,362,298,112,10,0,1624,26,115,431,507,629,518,124,6,0,2361,126,274,999,1009,1060,906,253,11,0,4635,127,713,2066,1934,2177,2080,558,26,0,9677,87,73,121,90,114,94,24,6,0,618
217,55,63,144,132,156,162,92,37,11,853,1978,2177,5338,5492,6443,5926,1781,254,31,29416,363,558,1337,1299,1589,1823,1344,442,62,8815,0,9,33,64,52,77,20,3,0,254,256,471,1194,1054,1206,1009,181,20,0,5393,3,24,137,174,185,138,19,3,0,691,331,544,1075,939,909,843,229,14,4,4891,52,86,244,229,270,328,103,16,0,1326,1130,602,901,799,980,894,261,30,0,5601,1063,493,721,562,547,510,160,22,3,4076,32,76,286,411,528,657,220,24,3,2231,18,43,95,63,58,80,27,5,0,391,9,40,155,189,190,123,49,7,0,765,3,28,81,88,122,87,53,7,0,475,37,125,431,488,463,372,173,29,0,2117,41,100,251,304,358,351,104,18,3,1525,40,131,466,679,803,733,169,10,0,3028,113,225,834,1035,1210,983,271,17,0,4690,118,539,1895,1777,2238,2332,554,34,0,9485,79,75,144,118,133,131,47,9,0,723
297,0,0,0,0,0,0,0,0,0,0,0,0,7,5,7,5,0,0,0,22,0,0,0,0,0,0,0,0,0,0,0,0,0,8,16,7,0,0,0,40,0,0,0,0,0,0,0,0,0,5,0,0,0,0,0,0,0,0,0,5,0,0,0,3,3,4,0,0,0,6,0,0,0,0,0,0,0,0,0,3,0,0,0,0,0,0,0,0,0,0,0,0,0,0,3,3,0,0,0,3,0,4,7,26,20,27,5,0,0,96,0,0,0,0,0,0,0,0,0,0,0,0,0,0,0,0,0,0,0,0,0,0,0,0,0,0,0,0,0,0,0,0,0,0,0,0,0,0,0,0,0,0,0,0,0,0,0,0,0,0,0,0,0,0,0,0,0,0,0,0,0,0,0,0,0,0,0,0,0,0,0,0,0,0,0,0,0,0,0,0,0,0,0,0,0,0,0,0,0,0
301,102,141,405,465,457,286,75,29,6,1967,4017,4576,10247,13302,14144,10018,2110,197,11,58620,39,35,84,126,149,133,70,19,0,656,0,37,186,331,321,207,34,0,0,1115,293,555,1219,1820,2153,1701,325,34,3,8094,12,50,226,394,406,309,42,4,0,1440,617,1278,2985,3310,2891,1861,493,29,0,13466,94,204,554,870,1012,755,195,6,0,3692,2010,1676,1797,1708,2013,1528,424,48,3,11201,2911,882,815,671,632,445,127,8,0,6492,140,332,983,1473,1716,1534,386,36,0,6606,46,97,237,324,285,200,47,0,0,1246,23,167,686,1061,1040,520,115,13,5,3631,57,128,369,460,502,415,176,35,8,2139,111,575,1545,2298,2115,1343,367,50,0,8398,138,299,651,855,1008,716,219,14,0,3906,36,251,1021,1759,2051,1438,297,28,0,6876,265,633,1709,2531,2802,2039,407,37,0,10433,379,1386,3190,3666,4123,3520,706,41,0,17011,212,179,282,284,280,203,49,14,0,1506
302,70,195,464,431,322,208,52,29,4,1768,3215,5571,14320,13925,12036,7713,1679,141,13,58612,10,23,79,79,79,52,17,10,0,348,0,41,321,432,269,136,18,4,0,1216,169,368,1140,1371,1254,1015,185,25,0,5527,12,41,271,529,461,234,48,4,0,1595,298,895,2505,2189,1656,1086,264,33,0,8934,44,157,564,718,672,474,106,11,0,2753,1540,1866,2418,1731,1402,996,276,23,0,10247,2472,1261,1518,998,633,381,82,7,0,7353,86,450,1589,1893,1683,1274,333,30,0,7338,24,137,392,402,331,173,23,4,0,1482,27,255,1161,1271,998,454,90,3,0,4272,23,149,492,483,386,287,125,29,0,1968,101,764,3007,3256,2150,1046,318,35,3,10685,94,329,936,918,741,521,135,16,0,3684,37,493,2062,2486,2395,1443,283,20,3,9214,279,665,2013,2472,2660,1741,382,32,3,10240,308,1787,5224,4820,4258,2937,673,52,3,20060,192,272,482,397,289,192,52,8,0,1891
303,131,350,947,850,559,327,100,29,7,3287,4882,10287,24103,22884,18016,11005,2428,213,11,93833,16,58,168,167,129,100,40,14,0,699,8,66,386,622,402,176,26,4,0,1694,249,704,2311,2541,2310,1522,312,39,4,9976,21,84,377,609,501,275,35,7,0,1914,431,1284,3539,3331,2439,1559,369,42,0,13006,100,357,1107,1357,1154,778,182,28,0,5059,2241,3362,4338,2804,2034,1448,443,45,0,16710,3726,2748,3300,1909,1225,797,175,24,0,13897,142,752,2405,2423,1795,1332,379,44,0,9271,49,298,685,685,484,238,55,9,0,2501,35,489,1879,2275,1538,679,148,26,0,7065,71,289,894,1003,737,472,212,37,7,3728,169,1694,5597,5636,3534,1692,572,57,0,18954,130,676,1777,1585,1114,774,216,25,0,6300,56,623,2408,3388,3212,1841,309,16,3,11865,476,1520,4160,4672,4672,3082,677,58,3,19314,469,3012,8879,8057,6090,4146,998,77,5,31724,315,574,842,625,467,252,76,17,0,3163
304,89,120,226,312,261,138,39,10,0,1199,3453,4806,8490,11198,11099,6506,1776,192,10,47537,14,35,50,84,93,74,40,17,0,409,3,48,173,488,474,194,47,4,0,1433,181,259,527,808,982,655,175,22,0,3612,4,36,140,358,391,199,33,0,0,1174,272,544,1218,1398,1268,742,205,31,0,5681,58,123,276,482,543,366,110,12,0,1966,1529,1621,1217,990,1031,674,247,32,0,7349,2437,1241,783,537,385,244,91,5,0,5731,58,197,491,752,752,501,178,17,0,2943,39,120,242,349,349,166,46,3,0,1312,35,241,705,1238,1107,505,138,25,3,4001,53,148,290,433,409,301,168,38,8,1847,180,1085,2313,3661,3262,1696,673,107,3,12980,110,309,589,599,619,367,117,19,0,2729,98,643,1630,2144,2128,1150,238,20,0,8048,500,977,1987,3091,3433,2200,616,66,0,12859,365,1303,2815,3339,3480,2396,698,65,0,14457,204,279,322,351,290,163,55,8,0,1690
305,101,457,870,626,426,245,78,20,3,2829,4155,12155,26517,17641,14990,9089,2177,258,21,87004,30,61,164,113,118,89,58,29,0,665,5,113,723,974,688,311,48,3,0,2865,188,531,1503,1226,1060,754,174,33,0,5461,14,77,382,605,497,229,47,9,0,1864,239,996,3108,2150,1776,1028,299,45,0,9633,99,282,870,756,757,464,121,28,0,3389,1597,3151,3570,1725,1388,943,280,47,3,12708,3023,3735,4716,1665,877,477,145,24,4,14667,60,566,1857,1493,1281,910,247,25,3,6438,86,396,976,738,552,284,57,9,0,3102,51,777,2520,2412,1884,856,201,54,4,8754,78,433,1100,1038,916,605,271,81,5,4525,225,2900,8978,6437,4870,2669,858,93,5,27039,114,809,2605,1386,912,530,164,27,0,6539,54,756,2852,2642,2779,1679,325,22,0,11118,466,1449,3886,3257,3284,2410,546,51,6,15357,403,2969,8342,5380,4620,3311,836,119,3,25974,277,757,1255,783,561,327,111,17,5,4087
306,151,142,429,388,422,302,129,47,9,2015,3685,4086,11349,12453,13548,10634,2914,319,27,59011,206,489,1475,1115,1147,1086,672,204,25,6414,12,70,404,500,515,362,72,16,0,1944,258,377,834,964,1102,1050,269,39,0,4899,18,63,202,314,340,275,53,8,0,1274,472,821,2067,2069,2080,1691,452,50,6,9717,95,136,348,456,564,508,138,27,0,2272,2002,1175,1836,1731,1983,1721,539,77,7,11080,2413,1307,2455,1790,1618,1236,401,38,4,11261,103,228,893,1189,1544,1506,476,54,0,5992,29,60,132,125,133,118,40,8,0,648,17,71,275,349,384,261,105,10,0,1465,36,109,280,318,397,414,202,40,3,1806,98,326,987,1151,1166,943,388,56,3,5121,97,222,727,926,1102,858,276,28,0,4240,65,417,1531,1999,2356,1614,329,20,0,8336,189,385,1643,2399,2832,2143,585,49,0,10235,221,1145,4072,4345,4526,3825,922,64,0,19128,163,146,345,318,328,297,110,9,0,1721
307,85,75,182,190,202,165,93,49,6,1057,1833,2139,4847,5278,6030,5147,1632,323,27,27259,330,602,1597,1753,2138,2201,1494,597,81,10792,27,85,389,458,386,224,33,6,0,1604,231,363,755,715,782,598,168,24,0,3633,15,77,263,313,265,234,34,4,0,1209,289,489,1111,920,919,846,219,18,0,4820,101,114,206,225,328,236,86,20,3,1308,866,527,872,821,960,787,234,38,8,5113,989,394,538,450,476,411,130,17,0,3410,54,106,374,458,627,691,282,38,0,2623,10,31,45,34,38,30,7,0,0,204,8,48,149,176,120,77,23,7,0,610,14,40,80,90,102,103,54,12,3,500,64,144,389,400,383,295,103,15,0,1798,38,88,208,239,310,244,89,10,0,1225,42,170,485,573,792,738,132,3,0,2931,85,284,778,1059,1209,985,269,25,0,4685,163,529,1222,1212,1492,1576,342,23,0,6563,28,45,70,55,73,58,29,4,0,368
308,148,138,323,323,311,219,75,34,5,1568,3664,4354,10313,10885,10736,8230,1865,237,21,50319,181,265,719,780,891,1007,732,286,27,4891,118,568,1973,2507,2215,1480,217,4,0,9082,347,598,1635,1785,1752,1235,201,21,0,7573,70,196,573,638,659,545,67,4,0,2746,497,869,2185,2176,1846,1557,337,25,0,9494,120,188,508,572,531,383,98,16,0,2417,1938,1140,1693,1426,1480,1276,303,26,4,9283,2415,1015,1204,897,841,682,203,21,0,7281,115,274,1021,1137,1358,1394,369,27,0,5700,14,49,97,85,55,54,16,6,0,384,11,82,212,244,260,177,45,8,0,1031,43,119,264,262,279,240,99,21,0,1327,87,305,757,824,701,539,187,26,0,3443,113,311,689,695,749,592,126,10,0,3277,66,295,1179,1370,1492,1293,242,19,0,5946,177,582,1775,2395,2497,1741,409,29,3,9604,303,1224,3051,2885,2924,2553,549,35,0,13524,121,82,158,156,125,106,42,15,0,803
309,328,656,1553,1493,1298,856,284,70,18,6549,9765,14944,33668,34035,33542,23349,6311,631,36,156283,63,109,261,248,332,301,176,57,9,1553,13,58,404,570,468,309,71,18,0,1916,713,1364,2982,3613,3767,2835,784,80,6,16136,34,104,366,516,594,423,86,8,0,2133,1208,3106,8519,8558,7447,5015,1292,146,8,35303,137,411,1142,1516,1815,1230,407,51,3,6717,4282,5020,6694,5361,5409,4000,1265,132,3,32166,7509,4277,5883,3899,3279,2142,638,105,5,27738,176,593,2035,2331,2667,2391,894,115,4,11215,151,465,1015,949,941,570,145,25,0,4260,84,523,1705,2192,2039,1258,344,75,14,8231,129,434,1398,1748,1855,1527,728,177,13,8012,215,1550,4923,5396,4492,2762,1270,170,8,20780,287,944,2560,2638,2889,2134,721,73,5,12250,63,530,2308,3328,3821,2552,538,33,0,13177,573,1615,4818,6460,6788,4413,1204,106,9,25990,707,3485,10877,10548,10417,8272,2162,179,5,46643,822,1333,2080,1751,1574,1114,318,51,7,9056
310,198,359,780,722,525,365,81,30,6,3063,5303,7692,18453,18166,16160,10643,1994,178,13,78604,120,224,537,481,598,587,322,144,21,3038,13,55,282,412,275,196,30,0,0,1264,460,1278,3093,3507,3625,2415,353,23,0,14762,29,108,392,626,505,378,54,3,0,2103,588,1425,3313,2931,2367,1558,336,35,0,12556,128,348,1001,1156,1128,718,145,12,0,4636,2237,2417,3697,2767,2316,1564,281,28,0,15311,3889,1478,1539,1005,840,545,122,9,0,9419,185,728,2144,2323,2248,1848,480,50,5,10003,56,155,313,277,212,137,27,0,0,1180,29,227,1041,1196,733,386,59,4,0,3676,45,185,553,513,463,298,98,9,0,2164,111,664,2191,2327,1642,1018,295,40,0,8277,200,687,1305,1275,1117,802,189,12,0,5595,125,795,3166,3410,3150,1854,296,20,3,12819,315,856,2767,3478,3290,2318,473,33,0,13517,470,2069,6060,5883,5199,3822,734,36,0,24277,159,245,367,355,291,164,55,5,0,1641
311,185,338,849,724,645,447,119,19,4,3323,4943,7288,16683,16964,15491,10501,2287,150,10,74308,50,111,246,277,316,300,153,44,10,1496,13,37,212,268,232,151,35,0,0,940,511,1248,2980,3351,3237,2391,418,33,3,14176,35,90,321,436,433,280,61,3,0,1660,829,2011,4826,4559,3715,2360,539,34,0,18876,158,441,1176,1331,1253,903,190,19,0,5472,2072,2406,3680,2805,2555,1765,426,36,0,15752,3414,1418,1410,987,769,503,116,12,0,8631,192,752,2429,2454,2503,2214,532,33,0,11121,78,145,318,301,227,151,27,0,0,1240,35,185,831,957,705,360,87,8,0,3166,52,178,551,568,456,330,131,17,0,2289,117,545,1723,1863,1395,866,272,25,0,6811,177,591,1259,1265,1257,896,202,22,0,5680,64,423,1552,2037,2039,1370,274,10,0,7769,272,853,2382,2990,2844,2055,484,36,0,11901,426,1890,5137,5056,4529,3294,811,45,0,21189,224,264,453,326,289,194,71,0,0,1822
312,118,147,287,300,304,216,74,24,7,1478,2940,3817,9060,9241,9092,6671,1542,170,19,42553,148,253,734,658,823,943,573,151,28,4306,205,869,3117,3651,3305,2049,296,3,0,13504,254,434,825,966,994,922,211,14,0,4625,26,51,190,204,202,206,37,0,0,910,351,733,1638,1688,1558,1322,298,33,0,7629,107,222,594,665,614,480,86,4,0,2777,1483,790,1295,1244,1301,1119,297,26,0,7559,1759,1030,1679,1051,917,797,200,29,0,7461,110,261,908,1075,1376,1248,338,32,0,5351,19,30,72,77,50,36,13,5,0,314,20,50,189,219,192,141,35,5,0,844,31,122,256,314,332,286,89,18,5,1455,112,299,833,856,677,473,173,18,0,3444,106,327,838,695,745,561,123,13,0,3402,35,178,676,798,867,798,163,19,0,3528,99,372,1036,1569,1659,1074,281,15,0,6114,211,844,2242,2129,2142,1864,459,30,0,9920,111,76,127,136,113,98,32,0,0,689
313,117,182,451,443,404,317,94,23,9,2049,3914,4828,10398,11558,12462,9287,2001,151,20,54613,106,238,918,401,435,391,188,59,9,2747,9,39,215,329,319,203,36,4,0,1156,365,690,1545,1810,1870,1397,308,28,3,8014,24,57,203,362,423,297,57,0,0,1413,605,1325,2967,2933,2670,1731,431,19,6,12697,90,187,422,569,684,552,127,16,0,2643,1682,1501,2124,1865,2011,1624,328,32,0,11160,2898,1111,1004,728,708,524,128,17,0,7125,114,329,948,1279,1679,1577,446,38,0,6414,28,61,151,189,223,110,40,0,0,812,15,149,481,626,556,318,86,3,0,2232,34,118,333,352,407,336,124,25,0,1731,59,348,839,1216,1102,833,301,32,7,4740,122,361,778,864,940,721,198,11,0,3997,31,229,937,1404,1724,1287,243,19,0,5871,203,487,1403,1985,2238,1641,383,24,0,8368,419,1455,3323,3634,4259,3596,782,40,3,17511,144,142,254,209,234,165,47,5,0,1207
314,105,150,398,435,370,198,50,12,5,1718,3849,4942,11499,13101,12453,7260,1386,103,5,54602,20,34,100,103,102,69,27,14,0,475,11,29,217,308,327,159,29,0,0,1086,219,440,1120,1455,1553,1030,187,22,0,6030,18,56,232,389,424,245,31,0,0,1403,539,1038,2658,2547,2232,1248,267,22,0,10544,76,213,507,676,768,484,98,7,0,2821,1787,1744,2312,1878,1751,1207,274,30,0,10986,2891,1057,984,759,541,274,49,4,0,6568,73,350,1214,1611,1550,1094,274,34,0,6196,38,109,262,351,291,154,22,3,0,1223,31,197,775,1133,982,482,69,0,0,3671,30,134,365,383,351,251,73,15,0,1611,96,504,1643,2343,1914,958,266,41,0,7769,112,298,751,826,827,492,121,12,0,3434,46,439,1749,2268,2265,1200,181,12,5,8163,205,582,1682,2434,2715,1599,343,20,0,9575,361,1549,4003,4440,4106,2730,545,29,0,17774,214,229,346,333,285,161,43,12,0,1616
315,52,69,128,130,130,94,40,12,3,651,881,1682,4025,3550,3656,3325,926,132,6,18185,334,528,855,716,816,898,499,161,11,4817,94,410,1492,1353,1193,755,99,11,0,5409,78,132,284,198,228,209,48,8,0,1186,6,27,87,84,105,98,29,0,0,424,119,252,596,462,558,514,153,9,0,2668,20,61,130,126,96,119,33,0,0,581,392,248,429,426,454,403,144,31,0,2519,318,250,423,359,370,396,144,12,0,2272,37,93,257,245,357,407,154,18,0,1569,12,4,33,27,30,33,14,0,0,150,3,17,58,53,43,60,10,0,0,240,11,18,58,68,66,74,44,10,0,346,24,60,200,146,152,179,72,6,0,842,35,98,210,211,253,221,69,5,0,1091,75,319,980,905,989,826,208,8,0,4310,50,300,885,741,660,610,143,13,0,3410,95,353,1016,911,969,1037,250,12,0,4641,25,39,70,68,91,74,31,0,0,398
316,251,305,736,702,733,500,166,45,10,3445,6864,7545,16598,19676,21971,16780,4003,349,19,93816,98,223,486,464,560,585,374,119,15,2911,7,64,447,694,636,369,73,14,0,2301,575,732,1488,1723,1970,1482,384,52,0,8406,26,69,279,447,455,354,68,5,0,1697,1105,1995,4632,5246,4807,3252,808,64,0,21905,109,233,511,750,948,766,203,37,0,3561,3001,2396,2956,2866,3286,2843,853,90,3,18289,5129,2233,2765,2127,1902,1424,474,61,0,16114,111,262,721,958,1420,1430,544,59,0,5503,66,140,288,360,398,281,93,14,0,1644,45,367,1147,1262,1368,838,253,37,3,5321,71,186,563,722,996,798,427,90,5,3862,182,638,2193,2933,2968,1994,816,115,0,11838,216,435,1015,1422,1673,1398,392,35,4,6594,51,203,952,1675,2288,1709,302,28,0,7207,307,661,2208,3931,4796,3501,736,42,0,16186,487,2113,6280,6974,7935,6901,1501,100,5,32288,395,396,691,655,626,430,195,21,3,3425
317,77,111,232,221,198,108,49,20,0,1026,2834,3742,8207,7693,7726,5726,1418,165,12,37535,154,316,952,619,619,493,280,90,9,3528,10,45,219,276,208,120,22,0,0,901,273,504,1253,1119,962,756,171,9,0,5040,16,48,168,204,238,159,20,3,0,853,413,731,1573,1267,1119,859,200,17,4,6183,63,145,371,351,404,366,96,11,0,1811,1320,1014,1420,1121,1082,862,236,31,4,7083,1808,766,810,520,359,286,89,9,0,4656,57,146,474,582,720,654,193,23,0,2850,29,45,107,85,71,67,23,7,0,434,16,169,477,467,424,255,40,4,0,1861,30,85,179,191,219,138,68,19,0,921,110,372,878,837,720,459,161,31,0,3570,71,182,424,348,414,345,89,15,0,1882,54,299,963,995,1122,824,132,14,0,4406,210,515,1459,1900,2092,1662,408,42,3,8278,292,1379,3396,3032,2895,2432,589,39,0,14053,114,113,151,139,103,81,26,6,0,737
318,141,168,360,294,304,236,93,24,6,1631,4154,5713,11565,11474,11514,8834,2197,222,21,55681,122,259,623,520,704,826,495,154,22,3728,31,199,725,830,783,522,94,0,0,3189,297,567,1074,1222,1254,1134,253,28,0,5834,32,73,269,408,386,291,47,4,0,1515,433,889,1995,1879,1901,1453,408,37,0,8994,74,166,384,465,510,406,96,10,0,2108,1886,1666,1911,1565,1537,1265,367,40,0,10237,2813,1348,1330,925,821,622,204,22,0,8078,72,193,766,905,1081,1195,357,35,0,4601,37,108,228,203,148,99,23,0,0,849,31,121,337,352,341,232,55,6,0,1470,36,133,260,305,304,251,103,23,0,1422,118,446,1168,1136,955,732,241,28,0,4820,86,262,618,569,625,577,158,8,0,2903,207,1641,3576,2570,2553,1694,278,16,0,12529,246,767,1909,2417,2718,1983,509,44,0,10593,338,1736,4401,3990,4032,3364,783,44,0,18689,241,222,258,216,193,154,53,16,0,1350
319,154,158,348,390,419,369,157,56,19,2064,4054,4358,9766,11138,13168,11564,2729,368,38,57179,370,647,1660,1506,1792,1939,1079,400,50,9434,21,83,417,496,585,410,61,4,0,2077,489,726,1505,1434,1670,1434,299,40,0,7583,27,99,243,314,405,341,47,0,0,1484,546,924,1990,1879,2099,1885,456,33,3,9820,86,141,316,350,407,429,96,18,5,1851,2215,1335,2091,1921,2183,1773,440,42,3,11999,2455,976,1208,954,1035,913,249,35,8,7842,90,170,454,674,951,1192,440,44,0,4009,27,72,113,114,120,109,28,9,0,586,20,91,281,275,349,254,82,8,3,1356,31,93,225,251,332,334,147,37,3,1457,98,253,717,748,733,720,304,44,0,3610,122,241,615,606,791,784,207,22,0,3395,61,295,926,1362,1724,1397,248,7,0,6017,143,395,1338,2340,2804,2362,478,56,5,9937,371,1477,3733,4120,5074,4805,1011,55,0,20649,112,84,146,168,188,155,61,11,0,929
397,0,0,0,0,0,0,0,0,0,0,0,0,5,0,0,4,0,0,0,13,0,0,11,16,9,6,0,0,0,52,0,0,0,0,0,0,0,0,0,0,0,0,0,0,0,0,0,0,0,0,0,0,0,0,0,0,0,0,0,0,0,0,0,3,0,0,0,0,0,3,0,0,0,0,0,0,0,0,0,0,0,0,0,0,0,0,0,0,0,0,0,0,0,0,0,0,0,0,0,0,0,0,4,9,15,3,0,0,0,32,0,0,0,0,0,0,0,0,0,0,0,0,0,0,0,0,0,0,0,0,0,0,0,0,0,0,0,0,0,0,0,0,0,0,0,0,0,0,0,6,0,0,0,0,0,0,0,0,0,0,0,0,0,4,0,0,0,0,0,3,0,0,0,0,0,0,0,0,0,0,0,0,0,0,0,0,0,0,0,0,0,0,0,0,0,0,0,0,0,0
401,106,190,386,394,319,262,110,44,10,1805,4386,7773,16227,16592,16582,12648,3667,383,36,78282,107,143,347,351,458,444,365,110,25,2353,4,55,326,442,387,249,60,9,0,1537,352,697,1540,1819,1973,1503,444,76,3,8400,15,79,407,572,505,340,59,5,0,1970,394,1086,2515,2317,2305,1815,553,65,8,11056,92,197,538,687,907,668,242,39,0,3360,2480,2589,2506,1908,2053,1702,566,84,14,13896,2802,2566,2547,1393,1020,711,235,38,6,11317,69,307,898,868,951,874,305,36,0,4309,58,198,547,632,473,281,80,15,0,2282,31,327,1219,1599,1462,881,250,58,3,5827,35,167,457,520,588,494,284,83,3,2637,111,1189,3952,4324,3612,2425,1063,169,11,16861,119,460,1180,992,1030,855,305,41,5,4993,40,497,1965,2906,2984,2235,429,25,0,11080,396,1190,3032,3675,3972,3307,1027,94,4,16699,313,2031,6155,5833,5957,4963,1539,137,4,26930,319,411,671,524,456,330,139,28,3,2875
402,134,309,740,585,477,379,109,39,5,2772,5628,9754,22771,21858,19435,14438,2831,195,13,96922,66,236,663,829,879,652,193,32,8,3558,14,59,306,328,248,162,34,0,0,1155,402,1193,3841,4294,4201,3073,594,29,0,17631,50,139,613,715,669,449,80,5,0,2720,683,2039,5133,4053,3466,2537,537,48,0,18498,129,431,1228,1364,1391,1080,220,23,0,5868,3182,3616,4989,3726,3186,2414,511,47,0,21674,3877,2228,2408,1612,1147,868,143,18,6,12302,158,754,2492,2629,2408,2133,493,35,4,11110,75,185,541,603,336,231,48,3,0,2024,38,357,1344,1475,1024,610,117,6,0,4985,38,182,510,496,392,380,116,20,0,2119,106,842,2711,2817,1757,1097,309,38,0,9668,193,939,2207,1908,1839,1534,345,21,3,8989,126,1069,3368,3934,3510,2453,366,17,0,14852,333,1270,3601,3997,3538,2488,590,43,0,15859,392,2786,8339,8061,6734,5426,1054,41,0,32838,307,364,557,369,298,220,70,15,0,2196
403,103,213,404,433,424,302,89,33,16,2021,5458,8330,18406,19951,19351,15185,3502,314,31,90533,54,87,207,277,329,277,200,54,5,1480,5,79,402,435,377,226,44,5,0,1575,447,705,1731,2317,2650,2262,514,65,4,10693,25,95,504,592,643,485,74,0,0,2426,650,1744,4236,3686,3147,2317,566,57,4,16407,92,223,595,808,1022,732,216,23,0,3699,2977,3123,3485,2774,2616,2159,580,72,9,17791,3809,2293,2060,1370,1018,727,194,33,0,11508,96,313,1019,1282,1433,1407,391,32,0,5973,27,157,436,550,492,260,62,11,0,1995,39,355,1378,1762,1609,941,199,26,0,6312,30,139,450,485,503,449,155,35,8,2263,117,758,2719,3427,2684,1742,688,97,4,12243,149,623,1499,1432,1540,1369,353,34,0,7006,56,449,2166,3348,3456,2427,419,12,0,12338,348,1131,3332,4233,4193,3332,838,67,0,17472,428,2466,7648,7739,7481,6770,1522,102,3,34159,360,428,615,497,458,285,114,16,3,2781
404,69,206,376,327,308,203,81,26,12,1596,2988,6191,14905,12682,11955,9098,1981,173,16,59988,14,52,173,149,165,153,72,15,0,805,5,49,274,210,176,109,26,0,0,851,216,555,1657,1784,2156,1662,344,47,3,8428,16,65,395,413,405,270,47,0,0,1607,315,1020,2574,2093,1846,1352,348,37,0,9581,62,210,582,678,788,614,133,14,0,3076,1867,2057,2549,1649,1723,1401,353,36,3,11646,1837,1786,2184,1207,915,641,142,17,0,8735,59,452,1421,1353,1293,1229,256,32,0,6093,30,126,397,404,293,183,45,7,0,1493,22,273,1077,1084,910,551,79,7,0,4004,17,123,366,346,349,282,85,30,3,1604,49,689,2607,2142,1536,1027,351,35,0,8433,80,407,1163,924,973,754,209,13,0,4529,48,496,2110,2383,2154,1630,262,14,0,9106,188,755,2466,2506,2205,1816,428,21,6,10375,217,1722,5750,4371,3828,3288,726,55,3,19968,229,356,589,451,299,244,81,12,0,2255
405,40,45,80,112,134,132,68,34,7,645,1446,1661,3744,4524,5380,5079,1417,200,17,23475,179,327,801,1034,1183,1421,1033,311,38,6323,10,38,182,194,211,170,23,4,0,836,278,430,948,1127,1317,1096,260,22,0,5477,7,38,145,142,154,159,21,0,0,663,185,380,757,729,727,668,183,15,0,3646,43,75,173,216,273,242,71,9,0,1100,741,480,690,726,823,783,217,15,0,4480,826,321,489,413,480,492,122,13,0,3152,27,89,277,320,493,594,200,28,3,2034,7,14,54,56,42,48,23,4,0,249,10,35,92,138,150,123,20,8,0,571,6,29,50,65,81,94,33,6,0,362,24,85,268,279,297,255,119,15,0,1348,43,110,257,325,434,455,130,18,3,1772,18,76,311,472,604,550,106,8,0,2147,68,250,716,945,975,826,280,8,0,4065,114,468,1069,1183,1541,1784,366,20,0,6542,60,43,56,63,68,96,20,4,0,417
406,23,41,96,84,88,86,34,27,0,488,1005,1416,3804,3493,3949,3334,784,116,9,17895,135,249,651,724,748,805,412,119,9,3852,36,270,1279,1116,896,579,80,6,0,4271,95,177,478,410,535,494,71,5,0,2261,9,33,135,113,126,105,35,0,0,550,128,296,840,771,853,683,147,17,0,3731,33,32,140,157,171,149,40,10,0,721,641,302,651,522,610,558,135,10,0,3424,531,350,519,360,405,403,91,8,0,2660,23,95,233,280,395,485,140,15,0,1675,9,13,31,31,16,31,9,0,0,141,9,33,88,110,100,71,16,9,0,433,6,23,76,55,72,73,14,0,0,326,31,67,230,224,231,211,71,7,0,1063,36,112,288,235,287,268,107,6,0,1339,20,122,479,475,583,487,97,3,0,2277,51,222,791,732,811,577,166,22,0,3368,99,366,1081,955,1123,1206,239,16,0,5088,26,26,60,54,79,51,14,11,0,318
407,83,73,186,219,234,224,115,46,12,1197,2585,2958,6840,7438,8864,8341,2395,358,31,39813,420,826,2044,2144,2614,2723,1697,540,52,13067,4,36,143,145,165,134,17,3,0,655,348,601,1347,1480,1734,1493,359,43,4,7405,14,41,164,174,235,210,53,4,0,894,390,663,1387,1326,1271,1284,374,26,4,6727,84,137,292,333,455,460,115,15,0,1888,1353,891,1407,1273,1465,1326,394,34,0,8154,1580,712,877,735,770,698,205,32,0,5613,46,132,383,492,754,878,318,39,3,3041,16,40,101,93,78,75,31,0,0,427,16,45,164,224,261,189,49,12,0,963,11,29,118,141,162,182,91,20,0,752,48,134,396,522,476,509,242,38,0,2376,63,192,518,490,728,737,198,19,0,2941,45,147,564,817,1059,858,176,15,0,3688,120,312,1106,1334,1431,1225,373,23,0,5921,199,741,2030,2052,2652,2923,676,35,0,11303,60,74,174,150,150,159,65,11,0,841
497,0,0,0,0,0,0,0,0,0,0,0,0,0,0,0,0,0,0,0,0,0,0,0,0,0,0,0,0,0,3,0,0,0,0,0,0,0,0,0,0,0,0,0,0,0,0,0,0,0,0,0,0,0,0,0,0,0,0,0,0,0,0,0,0,0,0,0,0,0,0,0,0,0,0,0,0,0,0,0,0,0,0,0,0,0,0,0,0,0,0,0,0,0,0,0,0,0,0,0,0,0,0,0,10,7,0,0,0,0,14,0,0,0,0,0,0,0,0,0,0,0,0,0,0,0,0,0,0,0,0,0,0,0,0,0,0,0,0,0,0,0,0,0,0,0,0,0,0,0,0,0,0,0,0,0,0,0,0,0,0,0,0,0,0,0,0,0,0,0,0,0,0,0,0,0,0,0,0,0,0,0,0,0,0,0,0,0,0,0,0,0,0,0,0,0,0,0,0,0,0
501,93,96,206,300,281,207,86,38,4,1323,2984,2706,7071,9345,9959,7736,1988,241,12,42044,192,290,782,791,891,997,737,258,33,4970,72,326,1122,1588,1524,1000,158,6,0,5795,373,557,1444,1786,1604,1164,283,29,0,7233,23,86,243,347,388,336,52,9,0,1478,436,773,1754,2007,1896,1566,412,33,5,8882,75,82,222,290,373,273,98,15,0,1430,1343,799,1339,1472,1571,1364,334,35,0,8261,2030,655,1115,1113,941,706,250,24,4,6844,65,152,338,468,724,799,323,35,0,2903,55,41,87,81,85,51,26,3,0,426,5,46,185,249,286,193,65,13,0,1036,26,65,185,214,269,226,113,18,3,1115,51,127,519,760,742,547,264,24,5,3028,89,168,446,604,656,545,168,24,0,2699,49,153,586,884,1137,931,199,18,0,3951,121,190,911,1703,2141,1669,398,27,0,7164,235,651,1937,2500,2708,2454,586,30,0,11105,136,82,185,190,177,158,56,11,0,995
502,46,55,131,152,152,107,41,14,3,709,1530,1798,3543,4181,4750,3846,828,68,5,20553,13,24,64,82,92,92,78,27,0,481,49,239,789,970,949,688,120,0,0,3800,143,237,575,676,869,740,104,15,0,3369,4,26,107,156,170,105,22,0,0,583,180,382,834,855,875,749,189,11,0,4077,34,39,85,116,153,139,49,12,0,624,752,695,776,664,766,636,166,13,0,4471,1102,439,424,366,332,248,66,7,0,2980,31,80,158,240,343,387,155,29,0,1414,11,20,26,37,44,35,8,0,0,183,4,25,84,122,129,87,26,6,0,482,12,36,106,134,146,133,59,12,0,636,23,122,290,326,333,301,103,7,0,1511,42,115,232,287,324,277,91,12,0,1366,23,88,326,427,557,463,110,6,0,1998,59,180,544,771,1003,827,185,12,0,3575,103,427,977,1178,1296,1273,277,11,0,5549,68,82,107,103,97,91,33,8,0,591
503,65,184,403,315,338,159,77,28,7,1576,2456,5135,12442,10010,9191,6383,2059,302,19,47995,30,30,112,68,107,101,81,37,5,566,21,267,1698,2132,1698,897,186,24,0,6921,149,197,616,605,541,404,172,39,3,2732,8,36,249,281,235,145,31,0,0,983,142,386,1272,1144,1058,780,252,26,3,5060,43,116,338,421,419,282,76,28,0,1719,1106,1419,1495,930,889,629,276,49,7,6804,1517,1824,2237,978,497,324,140,21,0,7538,55,186,526,534,495,368,138,16,0,2331,30,121,340,254,215,145,48,14,0,1179,18,204,873,920,827,574,174,52,3,3649,28,105,367,404,478,386,223,75,10,2068,78,1022,3929,3636,2960,1942,821,148,12,14555,80,275,880,679,420,334,120,32,0,2829,40,271,1290,1311,1252,1006,254,29,0,5462,408,785,1791,1736,2038,1788,613,64,3,9219,197,1153,4497,3460,3263,2611,988,129,9,16296,284,385,637,366,313,213,87,20,0,2300
504,119,232,592,584,497,331,87,14,4,2477,3758,5968,15073,14916,13700,9939,2342,203,11,65917,53,81,186,168,208,221,120,49,5,1097,65,434,2011,2311,1727,1014,183,10,0,7758,301,579,1516,1854,1924,1373,330,40,6,7925,20,71,314,377,321,259,53,4,0,1427,452,1086,2939,2931,2227,1715,382,26,3,11758,114,300,913,1018,921,723,187,20,0,4186,2009,2186,2829,2120,1907,1543,418,36,4,13053,2542,1429,1590,1195,889,666,148,11,0,8475,149,466,1628,1861,1698,1475,443,43,0,7766,37,102,263,302,231,177,48,10,0,1170,20,172,747,840,666,359,92,13,0,2907,29,131,413,433,389,317,118,22,0,1851,72,556,2284,2503,1732,1065,362,48,0,8626,113,363,1000,938,877,675,189,18,0,4182,71,441,1825,2153,2294,1835,390,27,3,9047,245,642,2154,2485,2736,2120,585,46,0,11013,234,1425,4444,4236,3840,3155,809,50,0,18198,274,347,575,473,337,274,107,30,0,2415
505,243,426,1123,1246,1029,633,195,61,4,4960,8523,13069,30739,32526,30631,21295,5067,389,22,142256,68,127,436,419,459,343,155,28,0,2047,68,708,3827,4603,3589,1842,333,16,0,14985,490,826,2246,2823,3094,2382,597,70,4,12536,43,151,636,890,802,582,107,3,0,3215,1108,2463,7424,7761,6304,4313,958,67,4,30403,159,432,1283,1606,1679,1197,328,29,6,6721,4536,4920,5099,4181,4109,3245,934,109,7,27138,5660,3328,3242,2323,1679,1197,289,26,0,17753,207,612,2109,2318,2373,2075,663,62,4,10431,137,268,633,689,549,375,87,21,0,2755,64,430,1783,2454,2226,1275,314,33,0,8581,50,261,833,961,936,740,308,62,9,4160,217,1550,5109,6599,5231,2958,980,136,10,22786,265,861,2100,2157,2023,1544,484,56,0,9492,133,800,3338,4311,4434,3280,751,49,0,17110,618,1535,4882,6240,6985,5200,1287,97,4,26849,628,3385,9586,9546,9131,7253,1921,134,3,41579,759,803,1067,920,816,507,167,23,0,5062
506,227,499,1223,1123,809,597,178,46,7,4705,6879,12334,28330,28356,23656,16805,4307,353,23,121044,77,142,316,356,380,338,236,79,11,1939,120,756,3556,4276,3126,1795,303,27,6,13957,536,1149,3039,3716,3272,2383,626,54,5,14781,37,122,568,824,666,459,93,3,0,2763,679,1915,5423,5208,3880,2791,755,65,0,20724,198,609,1712,1996,1740,1228,293,30,0,7815,3194,4332,5168,3974,3190,2497,765,73,6,23193,4854,3392,3823,2485,1520,1059,275,29,3,17442,256,1197,3671,3849,3311,2876,805,54,4,16030,121,240,514,545,373,218,69,6,0,2087,44,277,1307,1677,1243,723,209,30,3,5506,57,264,770,816,768,571,272,42,3,3564,158,1452,4890,5577,3531,2163,722,92,7,18588,238,887,2172,1938,1605,1249,387,37,0,8508,139,852,2885,3717,3445,2730,633,57,0,14470,543,1476,4032,4980,5156,3845,1096,92,3,21223,535,3158,8818,8798,7187,5346,1454,100,4,35407,486,732,1062,917,598,479,200,29,0,4504
507,209,351,869,882,737,491,135,29,12,3715,6653,9909,22389,24003,22567,15828,3714,278,17,105350,34,105,228,304,322,255,110,28,3,1389,97,634,2912,3569,2947,1660,291,20,3,12138,567,1049,2672,3229,3344,2489,513,50,5,13913,43,117,517,667,614,424,78,5,0,2471,679,1611,4482,4649,3888,2774,588,51,3,18726,186,389,1065,1262,1306,945,220,28,6,5396,3201,3355,3586,2984,2944,2307,633,55,0,19071,4643,2570,2193,1582,1147,716,222,15,4,13093,188,527,1700,2048,2165,1910,554,38,0,9128,96,168,369,352,299,169,58,12,0,1523,21,202,1049,1342,1105,648,174,26,6,4569,58,192,591,717,712,508,270,51,5,3103,147,1053,3559,4503,3357,1967,715,83,4,15384,198,547,1282,1374,1278,1053,304,25,3,6060,149,1050,3285,3571,3366,2544,558,62,0,14580,492,1210,3783,4828,5315,4056,1084,85,0,20859,489,2564,6934,7171,6905,5425,1326,100,0,30918,496,517,799,703,516,374,145,24,0,3575
509,70,74,145,151,201,211,79,36,3,976,1584,1808,4565,5613,6581,6229,1991,307,13,28695,352,634,1766,2011,2258,2439,1553,504,73,11601,39,162,603,754,826,655,98,3,0,3136,202,278,621,576,656,545,156,23,3,3054,17,43,96,151,173,198,36,3,0,717,221,373,921,931,975,948,283,28,0,4686,74,191,353,331,422,367,98,14,0,1849,816,477,720,737,930,919,298,33,0,4922,805,340,522,497,499,499,193,38,3,3383,38,95,294,380,610,769,327,39,0,2546,16,17,49,59,50,42,28,0,0,258,8,56,127,154,174,158,22,8,0,708,9,34,76,91,109,130,67,19,0,535,29,98,309,400,356,378,166,28,3,1760,41,74,209,241,332,336,118,15,0,1358,55,151,516,745,1046,1022,280,28,0,3843,76,207,763,1166,1399,1246,339,28,0,5222,125,399,1135,1352,1665,1790,500,40,0,7022,46,33,88,90,100,106,41,9,0,513
510,46,80,190,175,134,80,36,11,0,751,929,1779,6339,5535,4481,3423,828,64,0,23391,74,176,319,168,202,279,180,34,3,1439,127,876,4592,5077,4010,2409,283,11,0,17377,48,79,311,309,264,210,61,8,0,1285,17,33,171,225,194,150,26,0,0,812,119,388,1566,1507,1301,1048,226,11,0,6162,43,54,278,273,191,138,40,9,0,1016,457,249,579,511,506,442,150,18,0,2907,405,333,1026,610,543,472,155,9,0,3551,65,167,616,756,766,612,170,12,0,3168,12,14,60,66,43,47,15,0,0,262,7,13,81,104,68,57,19,9,0,351,28,72,206,159,174,144,42,12,0,835,22,86,441,468,372,317,95,13,0,1811,69,168,535,516,448,348,89,5,0,2172,57,135,743,853,755,576,138,9,0,3273,55,269,1078,1152,997,721,183,5,0,4456,120,329,1379,1263,1004,966,263,11,0,5331,41,51,158,122,128,79,40,8,0,625
511,62,88,160,191,194,149,72,14,6,939,1632,2296,5610,5670,6080,5128,1325,159,8,27906,125,215,607,767,894,894,528,183,21,4216,206,987,3397,3061,2860,1895,311,20,0,12737,104,171,432,455,372,363,107,16,0,2014,17,30,128,163,159,152,36,0,0,683,239,453,1075,1013,905,997,247,9,0,4939,49,102,308,337,341,272,59,10,0,1478,845,572,808,776,858,764,209,29,0,4863,891,529,803,620,581,558,156,27,0,4166,58,155,554,640,855,957,316,24,0,3561,19,29,63,47,40,49,12,0,0,261,4,30,110,116,125,84,28,4,0,512,21,65,153,134,176,147,48,9,0,757,58,168,483,465,469,372,142,13,0,2172,42,127,344,320,394,344,86,7,0,1673,46,160,644,756,935,862,189,13,0,3615,62,249,888,1126,1289,1096,251,24,0,4985,141,430,1338,1303,1459,1372,352,20,0,6415,48,46,78,111,99,111,23,7,0,523
597,0,0,5,0,0,3,0,0,0,16,7,23,54,28,32,29,5,5,0,186,3,16,34,25,17,11,3,0,0,106,4,15,78,182,166,88,3,0,0,533,0,0,5,14,13,10,6,0,0,44,0,0,7,13,11,8,0,0,0,50,0,0,37,81,61,23,3,0,0,218,0,0,3,7,8,9,0,0,0,27,0,0,0,7,5,3,0,0,0,10,0,4,9,20,17,14,0,0,0,62,0,16,38,57,54,27,3,0,0,204,0,0,0,0,0,0,0,0,0,0,0,0,0,0,0,4,0,0,0,8,0,0,0,0,4,0,0,0,0,7,0,0,10,14,25,10,0,0,0,55,0,7,13,17,16,13,4,0,0,64,0,0,3,0,11,6,0,0,0,25,0,0,0,0,0,3,4,0,0,12,0,0,3,0,6,5,0,0,0,18,0,0,0,0,0,0,3,0,0,8
601,59,113,362,207,213,162,52,21,6,1192,2877,5112,14729,12544,11980,9299,2244,207,19,59019,64,169,694,495,431,333,137,41,4,2372,0,8,60,72,60,49,22,3,0,282,285,476,1416,1292,1212,1065,244,26,5,6026,16,90,609,765,643,401,69,6,0,2600,481,1150,2765,2180,1705,1448,367,33,0,10129,50,147,474,436,450,329,110,10,0,2009,1399,1754,3000,1794,1496,1248,389,48,0,11126,1786,1440,3159,1318,826,540,197,27,0,9293,57,227,1026,778,781,848,230,27,4,3969,35,104,379,364,318,236,74,4,0,1522,23,128,675,729,587,370,90,18,0,2612,23,119,302,246,304,240,116,33,4,1384,84,461,1990,1876,1598,1106,447,59,0,7621,78,260,907,710,689,581,172,21,0,3424,82,489,2312,2961,3310,2248,417,23,0,11849,242,674,2617,2928,3024,2317,619,31,0,12444,171,1484,5466,4223,4039,3690,833,63,3,19987,291,278,622,476,472,376,155,17,4,2688
602,60,70,159,136,148,121,55,25,8,764,2030,2832,6810,6486,7318,6162,1495,148,11,33286,146,328,860,799,794,811,487,135,18,4380,3,16,95,121,110,95,18,5,0,466,232,377,1038,1013,1152,875,195,16,0,4915,9,28,192,246,267,207,33,5,0,992,308,665,1478,1040,1076,975,231,30,3,5816,60,165,391,371,458,385,96,17,0,1929,940,911,1430,1032,1196,1045,310,23,0,6887,1308,745,1184,646,601,524,138,20,0,5171,52,157,541,535,686,750,235,28,0,2993,17,48,120,150,115,119,26,3,0,603,9,99,338,374,321,224,53,3,0,1427,22,78,171,116,150,156,67,13,0,777,49,196,705,641,572,470,201,35,4,2874,43,140,372,409,485,409,101,5,0,1970,21,146,557,706,922,719,127,9,0,3218,65,292,914,1429,1636,1301,317,20,0,5979,134,807,2844,2334,2565,2443,574,42,3,11749,107,103,202,165,209,200,64,6,0,1056
603,8,11,42,45,62,61,22,12,3,255,344,513,1436,1744,1914,1868,432,58,3,8303,72,188,435,438,492,484,227,78,3,2422,0,5,6,15,30,25,8,0,0,93,33,83,213,232,274,231,70,3,0,1142,0,14,48,47,78,71,10,3,0,269,83,155,347,359,346,323,105,5,0,1718,16,24,53,72,87,67,23,5,0,351,147,127,202,228,266,228,54,10,0,1262,176,110,327,227,222,246,90,6,0,1406,4,16,69,95,137,200,58,11,0,596,3,4,32,34,42,36,16,0,0,167,0,13,43,58,45,40,9,0,0,215,4,12,39,37,46,31,29,4,3,197,10,41,120,178,190,181,80,19,0,823,15,31,93,132,148,135,35,6,0,586,5,40,149,265,355,276,53,3,0,1140,17,58,198,357,373,351,76,4,0,1426,20,125,360,431,516,615,119,4,0,2183,19,23,47,88,84,117,36,0,0,417
604,29,34,74,86,103,86,42,30,0,500,1568,2088,4747,4636,5487,4683,1053,120,10,24388,146,272,917,667,743,729,381,133,13,4005,15,95,411,403,405,337,68,3,0,1724,169,343,898,757,905,902,147,14,3,4137,8,27,121,125,159,132,27,0,0,599,319,514,915,720,734,718,182,19,0,4121,57,98,231,283,375,322,72,3,0,1449,886,643,956,826,939,723,186,17,0,5175,878,540,701,439,453,421,118,11,0,3559,40,128,382,485,683,729,193,22,0,2657,15,27,61,67,58,48,8,0,0,281,9,36,112,135,134,101,19,5,0,551,8,33,85,81,99,99,27,13,0,448,38,103,356,347,342,292,134,16,0,1625,31,113,258,277,332,304,73,10,3,1406,27,104,389,542,660,533,98,9,0,2367,63,204,741,979,1067,901,223,20,0,4190,95,571,1605,1448,1866,1838,386,13,0,7818,65,39,85,88,74,67,35,4,0,454
697,0,0,0,0,0,0,0,0,0,0,0,6,12,12,16,7,0,0,0,48,0,0,6,3,3,5,0,0,0,17,0,0,0,0,0,0,0,0,0,0,0,0,0,4,0,0,0,0,0,4,0,0,0,0,0,0,0,0,0,0,0,0,0,0,0,0,0,0,0,0,0,0,0,0,0,0,0,0,0,0,0,0,5,0,3,0,0,0,0,5,0,0,0,3,3,0,0,0,0,3,0,5,29,40,42,23,7,0,0,150,0,0,0,0,0,0,0,0,0,0,0,0,0,0,0,0,0,0,0,0,0,0,0,0,0,0,0,0,0,0,0,0,20,26,17,18,0,0,0,77,0,0,0,0,0,0,0,0,0,4,0,0,0,0,0,0,0,0,0,5,0,0,0,0,0,0,0,0,0,6,0,0,3,0,0,0,0,0,0,4,0,0,0,0,0,0,0,0,0,3
701,80,140,354,267,214,147,59,12,0,1276,1821,3121,10312,8956,7407,5185,1333,108,4,38261,26,67,180,158,209,222,106,25,0,1001,14,73,368,454,461,246,30,5,0,1642,104,161,432,479,474,333,82,4,0,2085,12,47,277,347,305,247,55,5,0,1294,244,495,1691,1717,1419,954,253,26,0,6793,31,89,293,308,314,220,63,9,0,1334,767,746,1460,952,828,639,231,23,0,5640,1173,759,1817,957,576,408,130,14,0,5826,71,222,856,724,763,692,186,17,0,3532,23,49,177,155,105,94,24,0,0,631,9,52,280,242,216,129,53,3,0,975,16,60,230,230,223,163,86,26,0,1032,77,302,1288,1099,789,626,241,23,0,4448,59,186,590,549,525,370,97,11,0,2376,173,1423,3684,3520,3122,1945,428,21,0,14317,137,380,1346,1671,1494,1149,296,16,0,6488,157,761,3450,2642,1818,1387,426,29,5,10680,159,240,525,315,242,164,65,3,0,1705
702,39,62,162,134,114,88,30,8,0,631,756,1399,4824,3876,3648,3149,826,65,0,18550,161,356,462,305,270,279,133,25,5,1998,17,73,348,458,442,271,33,4,0,1646,39,48,154,140,132,132,42,3,0,705,5,13,71,71,104,103,27,0,0,394,89,196,640,575,486,488,139,12,0,2626,14,37,96,101,65,101,26,7,0,447,313,243,644,429,378,344,133,13,0,2500,238,250,779,409,343,349,115,8,0,2495,31,76,256,237,264,266,84,15,0,1233,7,23,80,61,56,58,15,3,0,306,4,18,59,73,37,55,17,0,0,267,3,24,62,47,58,74,31,3,0,313,15,54,409,321,286,282,107,9,0,1488,26,69,221,204,215,209,70,7,0,1028,77,390,1453,1404,1322,965,232,8,0,5854,128,254,979,919,907,811,220,16,0,4251,92,377,1855,1545,1284,1218,333,18,0,6727,63,104,283,219,186,143,72,8,0,1078
797,0,0,0,0,0,0,0,0,0,0,0,12,4,6,4,3,4,0,0,35,3,9,15,7,6,9,3,0,0,48,0,0,3,10,23,9,0,0,0,42,0,0,0,0,0,0,0,0,0,0,0,0,0,8,4,6,0,0,0,16,0,0,6,3,3,0,0,0,0,12,0,0,0,3,0,0,0,0,0,3,0,0,0,0,0,0,0,0,0,0,0,0,3,0,4,3,0,0,0,12,0,10,14,16,17,13,6,0,0,72,0,0,0,0,0,0,0,0,0,0,0,0,0,0,0,0,0,0,0,0,0,0,0,0,0,0,0,0,0,0,0,0,0,0,4,4,0,0,0,6,0,5,3,4,5,4,0,0,0,14,0,0,5,4,0,0,0,0,0,0,0,0,0,0,0,0,0,0,0,0,0,0,0,0,0,0,0,0,0,4,0,0,0,0,0,0,0,0,0,0
801,93,236,631,422,284,158,51,13,6,1893,6850,13594,32054,29313,23547,13928,3191,293,29,122796,32,62,148,107,87,119,76,30,5,674,0,15,33,40,36,19,5,0,0,150,293,425,1040,826,864,503,159,29,0,4140,23,144,529,485,402,243,42,3,0,1882,777,2088,5109,3851,2696,1614,433,54,3,16632,71,235,430,441,402,309,79,9,3,1977,2901,3301,4260,2170,1630,1277,468,61,7,16072,4301,3536,4108,1880,1084,735,192,25,0,15863,92,363,1402,1147,1040,859,303,25,5,5235,97,316,975,1000,806,407,89,18,4,3711,29,287,978,997,699,400,120,22,6,3531,71,354,832,660,501,390,153,39,11,3007,287,2597,7741,7272,5132,2982,971,133,9,27126,168,597,1776,1518,1201,920,284,33,3,6496,708,4679,17739,21444,18316,9249,1513,86,3,73737,1107,2242,5253,5696,4932,3146,877,97,8,23343,640,2937,8239,6750,5131,3646,1013,82,0,28448,674,780,1014,764,628,427,171,39,6,4510
897,0,0,0,0,0,0,0,0,0,0,0,0,0,0,0,0,0,0,0,0,0,0,0,0,0,0,0,0,0,0,0,0,0,0,0,0,0,0,0,0,0,0,0,0,0,0,0,0,0,0,0,0,0,0,0,0,0,0,0,0,0,0,0,0,0,0,0,0,0,0,0,0,0,0,0,0,0,0,0,0,0,0,0,0,0,0,0,0,0,0,0,0,0,0,0,0,0,0,0,0,0,0,0,0,0,0,0,0,0,0,0,0,0,0,0,0,0,0,0,0,0,0,0,0,0,0,0,0,0,0,0,0,0,0,0,0,0,0,0,0,0,0,0,0,0,0,0,0,0,0,0,0,0,0,0,0,0,0,0,0,0,0,0,0,0,0,0,0,0,0,0,0,0,0,0,0,0,0,0,0,0,0,0,0,0,0,0,0,0,0,0,0,0,0,0,0,0,0,0,0
901,5,4,9,5,7,8,6,5,0,50,66,83,203,231,266,266,106,20,0,1244,0,0,6,4,9,11,0,0,0,34,3,5,11,20,29,22,9,0,0,103,4,0,4,4,5,13,3,0,0,34,0,0,10,16,5,16,9,0,0,51,14,20,40,35,54,52,13,4,0,226,0,0,6,3,4,5,3,3,0,34,14,10,16,34,35,53,30,11,3,204,35,20,32,37,49,56,24,4,0,259,0,13,25,19,19,24,9,0,0,114,0,0,0,0,3,7,6,0,0,15,0,0,6,6,6,5,0,0,0,25,0,0,0,8,4,5,0,0,0,20,0,3,6,11,19,31,7,3,0,75,5,6,17,34,31,36,15,3,0,151,37,62,154,122,123,94,38,6,0,641,0,9,35,28,32,43,9,0,0,164,0,4,33,36,39,50,29,3,0,200,12,9,5,8,14,15,4,0,0,70
997,0,0,0,0,0,0,0,0,0,0,0,0,0,0,0,0,0,0,0,0,0,0,0,0,0,0,0,0,0,0,0,0,0,0,0,0,0,0,0,0,0,0,0,0,0,0,0,0,0,0,0,0,0,0,0,0,0,0,0,0,0,0,0,0,0,0,0,0,0,0,0,0,0,0,0,0,0,0,0,0,0,0,0,0,0,0,0,0,0,0,0,0,0,0,0,0,0,0,0,0,0,0,0,0,0,0,0,0,0,0,0,0,0,0,0,0,0,0,0,0,0,0,0,0,0,0,0,0,0,0,0,0,0,0,0,0,0,0,0,0,0,0,0,0,0,0,0,0,0,0,0,0,0,0,0,0,0,0,0,0,0,0,0,0,0,0,0,0,0,0,0,0,0,0,0,0,0,0,0,0,0,0,0,0,0,0,0,0,0,0,0,0,0,0,0,0,0,0,0,0
