LGA_CODE_2021,Num_pns_pres_Cen_Ngt_1_Fam_hh,Nu_pn_pre_Cen_Ngt_1_No_fam_hh,Num_pns_pres_Cen_Ngt_1_Tot,Num_pns_pres_Cen_Ngt_2_Fam_hh,Nu_pn_pre_Cen_Ngt_2_No_fam_hh,Num_pns_pres_Cen_Ngt_2_Tot,Num_pns_pres_Cen_Ngt_3_Fam_hh,Nu_pn_pre_Cen_Ngt_3_No_fam_hh,Num_pns_pres_Cen_Ngt_3_Tot,Num_pns_pres_Cen_Ngt_4_Fam_hh,Nu_pn_pre_Cen_Ngt_4_No_fam_hh,Num_pns_pres_Cen_Ngt_4_Tot,Num_pns_pres_Cen_Ngt_5_Fam_hh,Nu_pn_pre_Cen_Nt_5_Non_fam_hh,Nu_pn_pre_Cen_Ngt_5_Tot,Num_pn_pres_Cen_Ngt_6m_Fam_hh,Nu_pn_pre_Ce_Ngt_6m_No_fam_hh,Num_pns_pres_Cen_Ngt_6m_Tot,Tot_Family_households,Tot_Non_family_households,Tot_Tot
LGA10050,338,7272,7611,6772,1153,7926,2868,342,3209,2685,173,2861,1181,69,1251,514,47,557,14360,9057,23414
LGA10180,147,3626,3772,3296,644,3943,1297,214,1511,1188,119,1308,535,51,587,332,17,353,6793,4671,11467
LGA10250,269,5424,5695,6226,1064,7296,2396,243,2646,2195,138,2334,915,63,980,441,24,470,12451,6963,19412
LGA10300,8,251,259,247,85,327,76,21,100,77,22,103,52,3,53,39,0,40,503,380,891
LGA10470,279,4587,4867,4944,804,5752,2183,230,2410,2096,105,2200,993,65,1058,506,31,530,10999,5825,16818
LGA10500,658,16997,17653,18222,4217,22432,10590,1563,12156,9077,731,9815,3668,294,3965,2076,135,2211,44280,23937,68218
LGA10550,254,4720,4975,5469,992,6457,1693,199,1889,1384,120,1512,604,45,652,342,23,357,9738,6097,15841
LGA10600,91,1608,1700,1786,465,2248,650,84,728,577,72,649,246,24,267,135,7,141,3482,2261,5738
LGA10650,67,1152,1218,1250,222,1466,379,40,417,317,36,356,160,21,182,71,6,78,2235,1483,3716
LGA10750,935,20118,21050,27599,4160,31758,23805,1726,25538,26911,1485,28397,11617,740,12357,8000,432,8432,98872,28661,127529
LGA10800,48,814,862,711,136,847,285,25,302,211,24,236,124,15,145,59,3,61,1436,1021,2455
LGA10850,56,758,812,929,129,1055,412,36,446,331,14,345,190,16,212,95,4,102,2011,955,2967
LGA10900,430,8216,8648,10134,1256,11391,4297,234,4527,4225,142,4373,1770,68,1837,773,23,796,21637,9942,31576
LGA10950,18,309,326,283,63,348,125,20,148,102,8,112,70,5,75,27,4,30,624,406,1039
LGA11150,19,304,324,210,91,300,115,27,148,79,21,101,54,10,72,39,9,43,513,469,983
LGA11200,10,224,237,129,67,199,51,19,67,41,11,54,22,4,27,29,3,30,282,329,613
LGA11250,143,2891,3034,2260,481,2737,928,103,1035,690,67,756,272,31,301,146,18,164,4429,3594,8021
LGA11300,97,3331,3431,3604,1075,4679,2370,507,2877,2014,312,2330,783,119,905,528,68,596,9402,5418,14817
LGA11350,230,3749,3981,3595,1450,5047,1848,520,2368,1612,343,1957,666,141,809,343,75,411,8297,6275,14568
LGA11400,73,1247,1320,1726,252,1978,668,59,727,625,69,688,374,22,398,193,14,212,3654,1660,5320
LGA11450,347,5193,5539,9392,843,10239,6944,281,7220,8462,263,8722,4206,125,4332,2066,65,2131,31422,6765,38185
LGA11500,529,11696,12225,14672,2130,16807,10634,693,11325,10358,536,10892,4877,282,5161,3572,200,3772,44638,15542,60175
LGA11520,425,8651,9072,10950,1704,12657,5585,503,6092,5077,279,5356,1780,99,1877,629,32,662,24450,11267,35718
LGA11570,862,26083,26946,27772,5036,32808,19702,2104,21806,19887,1557,21444,10859,893,11748,8803,584,9385,87885,36258,124137
LGA11600,15,321,335,306,101,400,126,30,163,112,18,136,70,13,85,27,6,32,656,493,1155
LGA11650,1654,36875,38522,41016,6335,47342,19002,1449,20452,18494,898,19392,7905,406,8308,3942,208,4151,92003,46171,138174
LGA11700,9,304,313,156,119,274,69,22,98,41,26,63,24,7,31,36,10,47,337,485,822
LGA11720,362,5584,5944,6837,1030,7867,3648,268,3914,3222,169,3392,1540,75,1619,885,32,915,16496,7159,23659
LGA11730,330,6370,6697,7566,1705,9269,2573,302,2875,2112,154,2266,993,93,1085,611,44,657,14188,8661,22849
LGA11750,30,593,631,425,173,597,171,45,218,159,29,189,68,17,89,51,10,58,905,875,1779
LGA11800,448,8578,9016,9672,1879,11547,4077,449,4527,3597,235,3837,1688,116,1807,1042,81,1123,20524,11335,31859
LGA12000,28,467,492,582,80,662,196,19,216,166,13,176,130,7,135,55,5,64,1160,588,1748
LGA12150,9,495,505,391,136,527,170,32,205,129,22,150,82,20,94,60,13,70,837,721,1560
LGA12160,60,1520,1582,1602,230,1838,522,63,586,431,40,477,236,26,267,125,8,133,2984,1889,4876
LGA12350,84,1725,1807,1721,314,2041,634,78,705,469,44,520,264,30,292,130,14,145,3309,2204,5509
LGA12380,454,14848,15308,15495,3431,18929,12601,1920,14520,12624,1504,14127,6441,868,7315,5874,556,6430,53494,23130,76629
LGA12390,296,5648,5940,5728,1155,6886,2807,404,3207,2511,260,2771,1301,153,1458,729,79,807,13367,7704,21070
LGA12700,66,887,955,1247,164,1409,512,39,552,478,23,504,235,5,238,121,4,124,2662,1122,3788
LGA12730,56,1254,1311,1145,199,1345,350,53,401,346,33,377,164,15,177,79,14,88,2138,1570,3707
LGA12750,244,5492,5739,6540,1264,7804,1738,237,1975,1496,146,1642,657,78,734,374,43,412,11045,7260,18305
LGA12850,312,11143,11457,13597,1966,15565,10698,802,11505,10916,647,11567,6864,407,7267,6458,306,6766,48853,15276,64125
LGA12870,86,1758,1846,1968,302,2267,538,58,595,504,35,541,237,22,261,103,8,114,3440,2187,5626
LGA12900,63,1226,1293,1166,208,1369,415,43,463,386,38,424,227,13,239,120,13,133,2370,1548,3915
LGA12930,464,11298,11757,13817,2037,15858,9467,867,10331,9363,526,9891,4007,226,4230,2142,104,2243,39262,15047,54316
LGA12950,21,535,555,560,111,675,217,30,247,152,20,166,100,16,116,33,0,40,1084,721,1802
LGA13010,55,1397,1450,1274,253,1524,370,58,427,312,42,354,165,17,181,65,6,69,2243,1772,4015
LGA13310,161,3815,3975,3815,643,4450,1547,160,1706,1464,108,1569,699,43,740,383,35,419,8062,4807,12865
LGA13340,74,1077,1149,1372,214,1578,498,54,546,470,46,514,281,28,308,175,9,186,2858,1427,4284
LGA13450,100,2438,2536,2694,510,3203,1392,163,1561,1383,111,1495,712,67,781,430,38,469,6725,3319,10042
LGA13550,68,1447,1514,1441,301,1744,634,78,709,614,63,673,348,26,372,157,12,169,3257,1929,5185
LGA13660,34,597,625,697,160,862,200,18,217,175,16,196,105,10,111,66,11,76,1280,807,2093
LGA13800,255,5161,5416,6785,848,7630,3741,217,3958,3683,162,3840,1892,63,1955,1200,43,1241,17549,6497,24048
LGA13850,27,425,450,389,90,475,148,20,163,101,22,119,51,3,50,27,4,27,728,565,1291
LGA13910,105,2399,2508,2457,463,2918,886,104,989,779,64,844,441,27,469,264,11,279,4938,3068,8010
LGA14000,511,9665,10184,14195,1302,15497,9499,345,9843,11102,257,11359,3949,102,4045,1895,34,1927,41149,11700,52852
LGA14100,65,1135,1201,1391,152,1539,658,31,692,822,29,853,407,12,417,127,7,136,3475,1369,4839
LGA14170,1032,23084,24113,21797,4929,26722,10363,1697,12061,9300,827,10126,2609,257,2867,980,96,1077,46078,30889,76964
LGA14220,103,2070,2180,2224,442,2672,910,138,1048,701,81,779,357,49,404,222,18,243,4513,2814,7326
LGA14300,35,617,653,673,98,773,284,22,306,263,25,285,139,16,153,58,8,67,1452,790,2241
LGA14350,140,3421,3557,3922,970,4887,1486,174,1663,1147,125,1270,582,73,656,435,46,483,7705,4805,12510
LGA14400,121,1975,2100,3261,428,3690,1117,79,1194,1216,59,1274,552,24,576,218,11,224,6490,2573,9064
LGA14500,474,7006,7487,11937,921,12861,7609,246,7852,9179,178,9351,3678,69,3754,1355,23,1374,34227,8449,42683
LGA14550,76,1293,1370,1308,298,1606,412,59,472,319,38,358,176,18,196,111,10,124,2405,1715,4125
LGA14600,28,768,800,705,165,866,291,42,331,231,29,259,139,26,166,80,8,88,1475,1035,2514
LGA14650,1140,20206,21345,26353,3128,29477,12099,769,12866,12125,387,12507,4786,182,4964,2179,91,2268,58685,24753,83435
LGA14700,211,4224,4434,4653,743,5404,2356,172,2525,2364,78,2443,862,25,882,232,9,240,10682,5252,15930
LGA14750,55,1213,1268,1242,218,1463,536,72,605,495,45,543,285,26,309,135,25,157,2756,1593,4347
LGA14850,259,5464,5725,5225,1134,6358,2311,331,2647,1939,183,2114,879,83,955,531,54,585,11150,7248,18390
LGA14870,104,2982,3085,2677,457,3134,1012,102,1115,866,61,931,395,41,434,226,16,244,5280,3661,8946
LGA14900,536,12596,13124,15179,2293,17467,12433,855,13287,14275,750,15029,7709,421,8127,5957,279,6235,56085,17185,73273
LGA14920,37,981,1017,949,235,1179,357,59,407,310,32,343,168,25,190,79,8,82,1892,1332,3222
LGA14950,9,338,349,439,71,507,145,14,161,114,8,121,81,7,88,64,4,67,849,439,1293
LGA15050,502,7244,7747,9981,1143,11119,5411,337,5751,5309,217,5525,2282,97,2380,1107,42,1153,24585,9087,33667
LGA15240,590,12690,13280,15071,2549,17620,4454,490,4942,3530,290,3823,1691,186,1876,991,94,1083,26332,16304,42636
LGA15270,155,2926,3079,3097,607,3708,1256,143,1397,1205,112,1313,623,48,673,307,21,325,6641,3863,10502
LGA15300,60,1583,1646,1209,546,1758,533,171,702,489,142,631,267,80,342,170,41,211,2729,2559,5288
LGA15350,152,3698,3850,3671,437,4103,1522,85,1612,1527,52,1578,595,18,613,164,3,167,7620,4299,11921
LGA15520,73,1466,1533,1878,285,2162,535,43,576,539,44,580,297,25,322,110,13,130,3434,1872,5304
LGA15560,19,452,472,462,98,560,159,18,175,113,8,121,68,8,76,40,3,38,857,593,1446
LGA15650,108,1890,1996,1765,307,2071,845,70,918,809,58,861,384,22,408,220,18,237,4131,2364,6498
LGA15700,103,2889,2988,2799,710,3515,963,114,1077,770,61,831,391,40,430,241,26,267,5264,3844,9103
LGA15750,79,1498,1577,1459,385,1846,633,100,732,495,67,560,303,46,348,161,23,183,3126,2115,5243
LGA15800,36,735,772,700,137,837,269,21,291,211,22,228,121,21,145,67,4,72,1405,955,2353
LGA15850,43,717,761,684,155,841,288,49,342,275,45,321,143,20,164,86,11,100,1522,1001,2523
LGA15900,1063,20102,21163,19194,4069,23265,9006,1554,10558,8354,671,9023,3213,244,3462,1220,130,1342,42051,26762,68811
LGA15950,486,12817,13305,10624,1997,12619,3758,488,4247,2655,163,2817,604,35,640,151,13,167,18279,15515,33794
LGA15990,1227,21328,22557,27596,3736,31333,14347,1008,15356,17628,598,18228,6943,261,7206,2587,99,2691,70330,27038,97369
LGA16100,28,693,720,741,155,895,240,42,285,225,27,250,108,28,129,63,6,69,1402,946,2350
LGA16150,212,4912,5121,4781,798,5585,2257,254,2510,2125,116,2244,1102,69,1172,514,32,549,10996,6183,17181
LGA16200,82,1854,1932,1668,261,1925,685,85,778,610,50,658,365,30,399,177,19,194,3587,2296,5889
LGA16260,861,21552,22412,25036,4824,29860,17135,1700,18830,15396,921,16321,5464,344,5807,2845,161,3007,66741,29494,96232
LGA16350,770,16590,17360,19681,3066,22748,12796,910,13702,12627,605,13235,5963,321,6280,3656,195,3853,55491,21691,77183
LGA16380,439,10214,10657,12675,1874,14552,4232,414,4645,3816,213,4030,1734,90,1824,884,42,928,23785,12847,36631
LGA16400,438,7758,8193,10330,1422,11753,3839,281,4127,3515,170,3685,1620,72,1690,931,38,968,20670,9744,30415
LGA16490,366,6038,6400,6753,960,7711,3703,243,3947,3747,171,3919,1522,84,1606,693,34,733,16785,7522,24311
LGA16550,671,15175,15850,14597,3713,18312,7296,1172,8469,7244,490,7732,2383,160,2536,853,82,936,33050,20790,53835
LGA16610,123,2772,2902,2986,702,3681,1089,147,1241,953,105,1057,513,66,580,323,40,364,5989,3829,9820
LGA16700,522,13251,13771,14114,2399,16513,8076,681,8754,7407,357,7764,2542,126,2668,1252,77,1325,33907,16888,50800
LGA16900,341,5973,6316,8859,968,9826,4497,243,4740,4504,199,4705,1893,81,1971,914,39,956,21014,7505,28517
LGA16950,632,12719,13351,15668,2571,18242,5368,545,5923,4501,425,4926,2062,185,2251,1112,95,1206,29348,16544,45896
LGA17000,158,2026,2180,2538,374,2918,1304,110,1415,1319,85,1408,680,34,712,363,13,374,6360,2643,8998
LGA17040,143,2648,2793,2513,792,3307,1007,267,1272,961,217,1173,451,113,561,220,95,319,5291,4122,9417
LGA17080,94,1861,1957,2002,285,2286,714,82,797,643,59,702,302,27,325,155,9,164,3905,2327,6228
LGA17100,120,3367,3487,4024,981,4995,2850,500,3347,2531,328,2857,1022,138,1160,597,72,668,11147,5370,16521
LGA17150,1023,18715,19742,25192,2705,27898,13040,566,13608,15121,354,15476,6350,153,6504,2271,60,2323,63002,22554,85555
LGA17200,1051,42938,43991,29807,10243,40055,8574,3191,11772,5015,1451,6471,1274,457,1733,560,211,771,46287,58497,104787
LGA17310,361,7110,7470,7359,1282,8639,3278,342,3618,2994,241,3234,1419,137,1557,766,58,824,16167,9171,25341
LGA17350,37,785,824,833,107,940,265,12,282,248,8,255,120,9,124,93,4,100,1601,925,2527
LGA17400,45,1117,1160,1058,247,1306,287,55,341,221,31,248,101,13,118,59,6,61,1772,1462,3233
LGA17420,570,7251,7816,15361,1123,16487,11507,388,11892,14837,330,15167,6298,163,6466,3128,71,3198,51702,9324,61028
LGA17550,548,11507,12063,12410,2593,15002,4876,606,5491,4612,334,4945,1989,147,2133,1000,59,1056,25436,15247,40683
LGA17620,87,1673,1760,1823,325,2154,703,73,780,673,41,716,344,11,362,129,13,138,3763,2135,5899
LGA17640,61,966,1023,1216,219,1438,398,33,435,363,35,392,164,18,183,109,10,121,2312,1283,3595
LGA17650,21,645,663,840,125,963,297,30,330,267,16,279,133,4,134,71,4,74,1630,819,2450
LGA17750,399,7192,7591,7331,1206,8536,3480,418,3901,3292,211,3509,1615,93,1705,843,69,911,16963,9182,26149
LGA17850,20,383,405,473,70,542,117,16,135,105,11,117,65,11,73,28,6,28,812,503,1310
LGA17900,28,825,849,486,405,888,186,91,275,135,62,195,73,39,112,75,24,99,980,1442,2421
LGA17950,19,320,342,286,68,352,119,16,142,90,13,102,62,6,69,35,0,39,612,424,1037
LGA18020,44,1268,1316,1152,338,1491,391,82,467,306,54,364,192,27,227,117,16,125,2210,1784,3990
LGA18050,368,8654,9021,7873,2579,10447,3424,826,4252,3445,278,3720,1144,98,1239,335,30,357,16587,12448,29041
LGA18100,20,542,561,547,77,622,168,18,189,135,8,144,60,0,63,34,0,41,963,649,1611
LGA18200,42,763,805,898,174,1072,354,64,412,333,40,377,168,28,195,70,14,88,1876,1080,2952
LGA18250,298,6402,6702,7861,1204,9063,4662,346,5010,5112,212,5327,1675,61,1739,600,29,627,20207,8253,28465
LGA18350,260,5366,5624,7200,1008,8204,2604,205,2810,2610,156,2762,1201,72,1267,604,43,647,14478,6844,21320
LGA18400,186,2956,3141,5094,507,5606,2766,152,2921,3229,137,3366,1808,61,1866,1068,36,1105,14163,3847,18010
LGA18450,918,21931,22846,24057,3794,27848,11788,1259,13047,11978,691,12670,4878,259,5141,2172,138,2311,55796,28074,83868
LGA18500,346,7194,7537,6884,1427,8311,2716,419,3133,2454,179,2639,930,54,986,281,13,288,13611,9287,22894
LGA18710,80,1271,1348,1974,238,2211,899,47,943,969,41,1007,493,29,522,241,4,241,4653,1624,6277
LGA19399,12,118,127,109,57,172,47,16,67,37,6,45,23,7,27,15,9,28,246,218,467
LGA19799,0,0,0,0,0,0,0,0,0,0,0,0,0,0,0,0,0,0,0,0,0
LGA20110,93,1635,1724,1977,379,2354,588,88,678,572,77,646,251,18,263,89,19,109,3567,2213,5779
LGA20260,84,1561,1645,1574,254,1823,521,54,578,447,32,474,228,23,249,92,3,94,2939,1924,4867
LGA20570,606,13896,14505,13655,2210,15864,5967,654,6627,5694,300,5996,2503,127,2629,958,74,1033,29393,17260,46650
LGA20660,625,11992,12622,14413,1770,16182,7446,521,7970,8210,295,8501,2685,107,2792,892,57,950,34279,14753,49024
LGA20740,236,5639,5870,6169,1137,7304,1824,215,2040,1635,141,1772,754,58,809,284,16,308,10909,7194,18102
LGA20830,270,5629,5901,7405,893,8301,2958,217,3179,2882,145,3026,1382,86,1470,643,48,689,15542,7012,22560
LGA20910,546,9699,10256,11599,1205,12808,5670,280,5947,6899,200,7093,2427,105,2534,535,20,556,27673,11514,39190
LGA21010,92,2090,2184,2206,340,2548,679,75,755,536,36,581,243,29,275,116,12,123,3873,2590,6461
LGA21110,782,16504,17287,17940,2750,20694,9180,815,9992,10756,452,11210,4059,203,4263,1159,66,1230,43878,20797,64668
LGA21180,523,13711,14234,16714,2588,19301,11261,1139,12403,11169,871,12040,5178,460,5639,3683,221,3907,48529,18993,67522
LGA21270,32,977,1003,910,164,1070,273,38,313,212,18,232,123,17,137,54,4,56,1606,1207,2813
LGA21370,203,4645,4850,5266,775,6043,1863,169,2028,1661,110,1775,854,62,915,428,25,452,10273,5787,16057
LGA21450,492,7815,8306,11150,1469,12622,6771,462,7229,7477,325,7803,3354,169,3525,1830,78,1909,31061,10328,41387
LGA21610,991,17979,18969,27842,3558,31398,21394,1504,22896,24427,1078,25506,10878,561,11447,7414,322,7733,92945,25000,117951
LGA21670,52,2265,2313,1956,346,2300,637,55,694,495,30,527,223,15,234,116,10,131,3483,2719,6198
LGA21750,127,3020,3145,2861,605,3467,1043,131,1173,955,84,1037,488,47,535,215,21,240,5690,3902,9593
LGA21830,86,2047,2128,2251,328,2572,750,68,817,619,41,664,370,26,398,175,11,187,4251,2516,6769
LGA21890,704,18729,19435,16485,3533,20019,8337,1429,9764,8064,684,8743,2423,248,2671,1054,123,1177,37065,24748,61810
LGA22110,317,6588,6906,7426,1207,8639,2216,249,2467,1850,166,2012,861,78,935,398,41,436,13063,8323,21385
LGA22170,672,15210,15882,15372,2369,17736,8503,621,9127,7947,313,8259,3039,163,3197,1205,73,1278,36737,18755,55490
LGA22250,46,1549,1593,1585,237,1823,484,49,531,380,29,409,202,22,224,105,12,126,2806,1890,4700
LGA22310,709,16619,17330,16399,2664,19062,8498,768,9265,9347,443,9793,3126,164,3291,996,59,1053,39078,20715,59790
LGA22410,124,2743,2865,2918,456,3365,1021,80,1103,838,66,901,353,20,379,145,4,150,5396,3368,8766
LGA22490,113,1430,1542,2673,258,2933,1281,77,1355,1592,64,1660,767,33,801,367,16,376,6801,1878,8673
LGA22620,641,13904,14552,14702,2227,16930,6412,660,7076,5975,351,6330,2680,171,2855,1260,73,1330,31673,17386,49063
LGA22670,392,11988,12380,12372,2252,14627,9034,1093,10133,8228,693,8918,4133,385,4519,3466,205,3676,37633,16617,54254
LGA22750,1369,29506,30875,32700,4839,37544,14709,1537,16248,14282,899,15184,5653,354,6010,2228,179,2405,70933,37317,108252
LGA22830,280,7490,7769,7568,1236,8807,3465,406,3866,3284,249,3537,1588,124,1718,920,73,995,17106,9593,26699
LGA22910,117,2346,2461,2532,511,3039,763,86,848,626,50,682,263,37,300,122,13,131,4425,3038,7469
LGA22980,24,831,863,842,125,962,261,19,288,202,13,215,111,13,126,49,0,50,1499,1004,2498
LGA23110,436,9357,9798,10282,1437,11716,5627,390,6014,5595,271,5864,1871,109,1977,732,49,778,24545,11605,36149
LGA23190,94,2727,2827,2643,390,3041,1115,91,1208,935,59,988,453,24,477,149,10,162,5394,3303,8694
LGA23270,598,13421,14016,18237,2519,20758,13935,980,14915,15253,810,16067,7573,443,8015,5411,233,5644,61006,18404,79413
LGA23350,107,1799,1913,2459,324,2785,854,63,919,826,38,862,389,22,412,136,7,140,4774,2259,7038
LGA23430,678,16646,17325,17869,2155,20023,9757,613,10367,10190,391,10576,3303,122,3421,1061,53,1114,42855,19973,62830
LGA23670,601,12290,12888,17026,1913,18940,10287,483,10767,10576,296,10871,3799,122,3920,1557,46,1598,43837,15141,58979
LGA23810,428,10329,10757,9719,1586,11304,4001,403,4403,3573,253,3831,1516,121,1636,682,65,744,19915,12751,32665
LGA23940,28,1152,1180,1097,233,1333,317,54,366,272,23,299,152,15,168,85,6,94,1946,1491,3435
LGA24130,258,3696,3951,6042,698,6735,2744,187,2931,3265,125,3387,1347,76,1420,497,35,534,14147,4815,18960
LGA24210,512,9021,9535,13776,1231,15003,7839,369,8210,8240,263,8501,3073,98,3170,1231,49,1288,34680,11042,45720
LGA24250,72,1205,1277,1463,304,1771,433,59,497,382,50,434,208,25,231,67,11,74,2623,1653,4276
LGA24330,396,10487,10886,9444,2325,11772,4888,868,5757,4467,347,4818,1411,155,1562,598,73,672,21213,14259,35472
LGA24410,539,10822,11365,12779,1478,14256,6956,384,7344,7230,180,7404,2636,90,2728,1034,36,1069,31180,12985,44163
LGA24600,720,32940,33667,20435,9888,30329,5684,2421,8108,2774,893,3669,623,240,860,266,77,343,30511,46459,76969
LGA24650,506,9307,9815,12769,1850,14615,10357,649,11007,12227,514,12737,5484,292,5778,3411,172,3581,44745,12783,57535
LGA24780,333,6644,6978,6647,1284,7929,2928,361,3287,2589,260,2846,1258,120,1379,669,79,744,14414,8753,23170
LGA24850,243,4003,4248,5229,676,5911,2786,181,2968,2766,156,2925,1301,85,1389,680,45,724,13008,5158,18168
LGA24900,169,3779,3949,4321,681,5002,1340,145,1488,1212,90,1298,639,57,697,333,32,370,8013,4784,12793
LGA24970,642,14353,14993,18920,2916,21828,11595,1417,13012,12077,987,13067,4090,382,4471,1675,209,1891,48995,20267,69265
LGA25060,532,14388,14919,13638,2226,15864,6961,663,7628,7432,328,7759,2609,105,2721,756,39,796,31933,17762,49697
LGA25150,172,3195,3364,4259,493,4753,2108,133,2242,2206,90,2294,991,61,1052,422,16,436,10160,3990,14150
LGA25250,737,20695,21427,18873,4303,23175,9418,1802,11223,9019,1006,10026,2927,327,3256,1377,153,1528,42343,28288,70629
LGA25340,899,18300,19201,22638,3371,26006,8559,743,9300,8813,516,9327,3550,230,3777,1277,85,1363,45733,23236,68977
LGA25430,141,2887,3026,2968,488,3459,991,101,1094,851,61,914,286,23,308,134,0,134,5369,3567,8937
LGA25490,81,1696,1779,2330,353,2680,817,73,893,840,45,886,439,29,468,194,14,204,4704,2205,6908
LGA25620,90,1963,2051,2217,427,2637,693,104,796,640,70,714,268,35,302,124,13,138,4029,2613,6639
LGA25710,277,3083,3357,6376,438,6823,3742,124,3866,4695,82,4781,1932,55,1985,573,18,589,17601,3793,21392
LGA25810,64,1861,1920,1671,277,1945,559,60,613,443,44,487,207,24,230,97,8,109,3038,2263,5307
LGA25900,662,22706,23365,14287,3955,18243,4558,920,5475,3418,307,3732,940,78,1016,255,25,280,24123,27983,52106
LGA25990,44,1001,1051,1105,179,1282,330,36,370,267,20,293,141,13,154,71,15,83,1964,1263,3232
LGA26080,29,542,566,611,137,746,135,23,159,110,15,126,48,6,48,5,0,8,939,719,1658
LGA26170,192,3736,3928,4307,734,5042,1401,137,1542,1296,105,1407,693,44,743,292,23,311,8184,4788,12972
LGA26260,107,2428,2535,2274,321,2592,805,59,861,704,35,731,339,29,362,141,6,153,4365,2866,7234
LGA26350,559,19246,19815,13871,3644,17512,4743,995,5736,4258,354,4616,1496,102,1600,362,19,380,25295,24364,49657
LGA26430,88,1655,1744,1770,318,2086,547,53,598,396,44,442,194,17,212,92,3,97,3075,2099,5170
LGA26490,211,2956,3165,4487,868,5357,1852,235,2087,2270,181,2448,959,67,1022,264,36,297,10041,4337,14380
LGA26610,97,2352,2441,2435,550,2986,1013,144,1156,897,131,1031,524,70,592,271,29,297,5228,3276,8505
LGA26670,46,770,812,956,141,1098,257,22,280,239,26,261,113,15,125,45,0,50,1655,973,2630
LGA26700,153,3799,3956,4026,551,4577,1469,132,1602,1372,86,1457,644,28,670,264,27,284,7927,4615,12547
LGA26730,185,4408,4593,4543,633,5175,1880,178,2057,1694,109,1806,744,56,805,263,34,301,9310,5428,14738
LGA26810,261,5645,5908,6092,941,7036,2165,259,2427,1944,151,2094,923,71,993,411,25,442,11797,7091,18888
LGA26890,20,633,650,573,109,680,167,19,186,147,18,162,84,3,92,32,7,36,1021,778,1803
LGA26980,683,16182,16870,17760,2762,20521,10116,981,11094,10717,608,11325,3615,217,3835,1332,136,1464,44225,20885,65112
LGA27070,751,14181,14936,19822,2394,22220,14074,896,14970,15488,655,16142,6694,304,6995,3355,168,3529,60186,18610,78791
LGA27170,246,4752,4995,5097,654,5753,2360,179,2542,2239,99,2331,968,64,1028,429,21,447,11332,5765,17094
LGA27260,831,14115,14943,20152,3128,23284,18490,1512,20004,20138,1260,21397,8040,637,8680,5520,386,5904,73173,21034,94206
LGA27350,433,15815,16252,12329,3668,16000,4039,1620,5660,3013,616,3635,811,170,973,256,48,300,20876,21933,42807
LGA27450,762,12145,12912,17532,1892,19429,9110,481,9595,9722,330,10055,3902,127,4026,1776,68,1844,42808,15052,57857
LGA27630,40,1040,1072,955,159,1117,296,20,311,210,15,224,129,9,139,62,0,67,1688,1241,2929
LGA29399,6,140,148,38,124,162,18,55,73,7,55,63,5,33,41,8,25,28,81,431,514
LGA29799,0,0,0,0,0,0,0,0,0,0,0,0,0,0,0,0,0,0,0,0,0
LGA30250,0,49,49,32,7,38,41,0,46,26,0,26,22,0,23,65,0,68,187,60,253
LGA30300,36,551,580,501,222,718,210,29,241,168,19,185,91,9,103,63,10,73,1069,837,1900
LGA30370,119,1739,1856,1611,533,2150,642,121,765,660,81,741,328,48,374,165,29,191,3528,2550,6073
LGA30410,28,459,484,328,326,655,119,33,152,104,11,120,54,9,66,42,3,44,675,840,1523
LGA30450,3,68,68,34,68,101,15,4,16,9,0,7,5,5,7,7,0,9,68,144,207
LGA30760,22,258,283,274,107,378,93,19,115,72,9,83,34,4,39,15,0,17,510,395,907
LGA30900,0,74,77,37,53,89,19,3,21,16,9,20,7,5,8,7,0,14,89,139,230
LGA31000,6724,122497,129218,131959,27565,159527,70246,8747,78991,69615,3946,73564,26502,1490,27990,12142,648,12791,317189,164890,482077
LGA31750,0,79,77,31,37,72,12,5,12,14,3,13,4,0,4,7,0,8,71,120,190
LGA31820,647,11133,11784,13741,3106,16845,4950,514,5467,4081,320,4396,1865,136,1998,1208,92,1300,26492,15294,41783
LGA31900,113,2089,2204,2255,484,2734,797,103,907,714,63,777,325,46,374,144,23,167,4345,2813,7155
LGA31950,3,122,129,35,238,276,12,14,24,5,15,22,6,3,8,6,5,9,73,389,461
LGA32080,1236,17578,18813,18142,4736,22881,8943,1138,10080,7769,652,8423,3186,281,3462,2067,191,2259,41336,24581,65917
LGA32250,19,336,359,184,507,689,88,32,121,55,31,83,45,20,67,46,4,48,443,925,1365
LGA32260,191,3546,3740,3701,1593,5290,1396,236,1635,1140,189,1327,535,94,630,398,45,440,7356,5707,13061
LGA32270,260,2985,3245,2681,1102,3783,1284,235,1521,1330,140,1474,703,72,774,365,38,407,6627,4577,11209
LGA32310,150,1483,1633,1315,662,1975,498,121,616,419,76,493,213,42,256,140,27,164,2726,2415,5141
LGA32330,0,64,64,41,10,51,57,4,62,39,0,40,34,0,34,57,0,61,232,85,320
LGA32450,22,519,540,274,466,744,132,42,177,123,37,160,71,18,85,50,10,64,675,1092,1769
LGA32500,27,780,813,414,785,1199,175,97,274,147,90,242,84,44,127,64,24,90,917,1828,2745
LGA32600,0,51,50,17,63,79,11,3,14,5,4,16,0,3,6,5,0,8,50,119,171
LGA32750,3,57,62,28,34,64,7,5,15,3,3,6,0,0,7,3,0,3,50,99,151
LGA32770,0,41,41,43,20,69,41,6,45,35,0,35,31,0,33,89,0,88,239,68,312
LGA32810,94,1570,1668,1597,972,2570,530,152,678,459,111,576,183,36,224,124,34,157,2988,2875,5863
LGA33100,5,191,199,78,319,398,29,20,51,19,21,40,8,5,15,5,11,15,158,565,721
LGA33200,14,258,272,165,154,324,54,22,72,63,9,68,30,3,35,19,4,20,340,445,789
LGA33220,729,12683,13416,16780,3574,20358,5327,564,5888,4173,283,4459,1937,133,2067,1298,71,1369,30246,17303,47553
LGA33360,568,6548,7114,7213,1958,9168,3375,325,3691,3170,212,3376,1409,83,1497,801,46,848,16535,9170,25699
LGA33430,3433,56965,60399,70774,15636,86407,35744,4347,40084,33527,2304,35825,12802,888,13691,6687,372,7059,162955,80507,243469
LGA33610,79,1200,1280,1222,311,1533,506,78,582,419,48,465,229,23,255,123,9,140,2589,1668,4252
LGA33620,366,5944,6312,7323,1466,8789,2637,272,2907,2121,183,2307,1062,68,1127,726,44,775,14236,7980,22219
LGA33800,84,1498,1584,1686,497,2186,483,55,539,389,47,438,204,25,224,101,10,106,2942,2133,5072
LGA33830,0,79,80,63,17,81,43,3,42,35,0,34,26,0,25,38,0,34,208,102,305
LGA33960,1240,17858,19097,21464,3455,24925,13148,1110,14252,12545,626,13172,5836,357,6198,4120,185,4302,58356,23594,81945
LGA33980,195,2245,2436,1692,863,2561,918,157,1070,975,107,1080,468,49,514,243,22,264,4491,3440,7935
LGA34420,0,54,54,50,25,74,37,3,42,31,0,31,31,0,31,60,0,61,205,78,286
LGA34530,453,3433,3888,4790,1381,6173,1978,210,2193,1814,147,1961,831,68,894,458,30,489,10331,5270,15595
LGA34570,0,53,55,27,24,50,20,0,26,21,0,21,19,0,17,32,0,31,113,77,191
LGA34580,243,3157,3400,4557,753,5309,2117,231,2342,1934,172,2100,912,94,1006,721,63,781,10476,4465,14945
LGA34590,1480,23997,25477,31165,5172,36336,19081,1908,20991,18023,1286,19311,8963,662,9624,7477,420,7896,86188,33446,119634
LGA34710,42,559,593,417,334,748,164,43,206,134,39,173,73,24,97,27,10,39,849,1000,1852
LGA34770,1330,11234,12561,13457,2880,16338,6526,755,7278,5909,467,6374,2751,246,2998,1379,95,1475,31358,15673,47026
LGA34800,4,111,113,64,121,179,31,12,43,22,12,32,16,5,12,18,0,21,149,253,398
LGA34830,0,49,49,14,14,24,9,0,9,16,0,20,17,0,17,21,0,23,70,66,136
LGA34860,141,1543,1680,1385,507,1888,610,86,693,569,73,642,268,42,310,144,17,164,3114,2265,5381
LGA34880,177,2520,2703,2602,869,3472,1018,194,1212,820,136,955,444,79,524,349,40,391,5416,3835,9253
LGA35010,2737,38749,41483,54173,7198,61372,27183,1762,28941,26322,1099,27422,11310,532,11839,6635,284,6924,128356,49627,177980
LGA35250,0,74,80,44,13,53,30,5,32,30,6,40,22,0,22,52,3,58,174,112,284
LGA35300,132,2160,2289,1659,730,2385,890,149,1038,876,83,956,441,44,485,368,33,402,4358,3188,7547
LGA35600,39,626,665,484,243,729,176,33,211,132,28,154,67,11,79,46,9,56,949,945,1896
LGA35670,0,45,45,29,10,41,39,3,38,31,0,31,24,8,36,45,5,51,163,71,226
LGA35740,431,5578,6005,8251,1790,10038,2925,346,3272,2635,205,2843,1022,75,1101,465,41,502,15722,8033,23755
LGA35760,87,1407,1496,1361,409,1772,447,99,551,338,51,387,181,32,218,105,19,123,2525,2018,4544
LGA35780,6,211,222,121,166,286,95,22,115,95,31,125,72,8,83,145,6,152,532,446,976
LGA35790,4,110,111,77,19,99,64,11,69,67,0,64,56,4,57,115,0,117,375,144,522
LGA35800,13,273,283,206,181,388,76,11,78,73,10,80,30,0,33,22,3,29,416,476,894
LGA36070,0,43,43,46,5,59,23,0,23,16,0,18,20,3,24,23,0,29,128,54,182
LGA36150,11,115,132,76,80,156,38,11,45,23,0,23,15,5,18,10,0,10,173,205,377
LGA36250,910,13177,14088,19534,2161,21693,9302,480,9783,9268,271,9542,3644,107,3747,1809,52,1860,44457,16254,60718
LGA36300,8,85,95,80,67,144,32,3,33,24,5,28,17,11,27,14,8,17,176,167,344
LGA36370,722,8924,9641,8862,1740,10608,4310,469,4776,3900,266,4170,1706,141,1853,1023,69,1086,20523,11608,32134
LGA36510,241,3651,3893,5580,812,6392,2198,187,2379,2015,136,2144,964,60,1024,616,33,652,11597,4879,16479
LGA36580,156,2252,2408,3181,542,3721,1200,125,1326,1166,77,1245,579,53,634,411,26,437,6692,3071,9771
LGA36630,220,4147,4367,4468,998,5465,1521,214,1735,1125,129,1256,649,72,720,438,51,484,8419,5614,14035
LGA36660,240,4354,4597,5083,805,5893,1681,212,1885,1394,110,1507,738,70,807,441,36,478,9579,5590,15165
LGA36720,2335,31350,33688,43676,7770,51443,18434,1949,20381,17879,1056,18940,7118,399,7520,3406,140,3542,92845,42668,135512
LGA36820,229,3295,3523,3524,1118,4642,1201,207,1407,962,129,1092,487,70,561,353,46,398,6750,4862,11612
LGA36910,1146,18350,19493,20968,3200,24164,8840,838,9677,7769,431,8200,3840,217,4058,2351,89,2437,44912,23119,68033
LGA36950,16,308,324,186,98,278,108,27,133,140,28,175,96,11,107,122,3,127,674,470,1144
LGA36960,8,251,261,184,34,227,147,11,160,147,8,150,109,3,115,191,0,193,791,315,1106
LGA37010,1728,19259,20982,21049,4920,25975,10647,1291,11944,8990,704,9696,3819,302,4127,2321,190,2513,48562,26666,75236
LGA37300,32,343,380,331,165,499,191,41,232,218,32,248,111,16,129,59,7,73,945,610,1558
LGA37310,236,3777,4006,3795,917,4718,1615,224,1842,1416,160,1572,732,79,814,502,39,542,8291,5199,13484
LGA37340,339,3998,4337,4038,2165,6200,1657,341,2004,1488,212,1700,691,88,778,371,66,431,8574,6871,15451
LGA37400,20,236,254,136,203,338,44,14,62,39,5,44,9,9,13,7,8,17,254,478,735
LGA37550,0,83,83,44,8,50,55,0,54,35,0,37,26,0,30,42,3,43,198,97,293
LGA37570,0,18,18,14,0,15,16,0,16,7,0,13,10,0,10,12,0,12,60,23,83
LGA37600,0,56,56,54,17,76,50,3,56,76,3,81,62,4,64,177,0,175,417,82,503
LGA39799,0,3,3,0,0,3,0,0,0,0,0,0,0,0,0,0,0,0,0,7,5
LGA40070,145,5353,5496,3277,1399,4674,844,380,1221,420,120,530,88,24,115,36,18,49,4802,7286,12093
LGA40120,273,2849,3118,5091,426,5515,2255,121,2376,2573,84,2659,959,27,984,373,17,391,11513,3537,15043
LGA40150,67,721,789,1058,174,1234,536,55,588,501,43,542,266,9,277,160,12,169,2586,1011,3603
LGA40220,220,3455,3687,4735,577,5315,1312,105,1416,1158,82,1239,479,20,498,239,7,250,8148,4248,12394
LGA40250,8,150,157,67,37,99,69,10,76,51,0,53,62,0,62,160,0,160,411,195,609
LGA40310,182,2587,2769,3495,326,3823,1334,89,1426,1295,44,1340,522,12,540,237,9,248,7065,3071,10136
LGA40430,22,403,431,445,94,529,107,3,114,70,3,78,48,12,51,20,0,20,710,514,1227
LGA40520,72,1468,1538,1465,263,1729,521,48,569,457,20,478,195,7,205,92,10,106,2809,1819,4622
LGA40700,240,4777,5020,5386,510,5896,2443,114,2555,3046,94,3136,1050,29,1074,355,11,366,12506,5548,18049
LGA40910,304,5755,6063,6229,735,6962,3440,254,3699,3395,122,3518,1120,46,1166,403,24,431,14896,6933,21832
LGA41010,27,454,481,436,128,567,151,22,177,165,13,175,77,8,85,44,9,49,905,631,1535
LGA41060,725,15113,15834,14812,2237,17050,7202,671,7875,6539,283,6824,2205,118,2318,947,49,993,32427,18475,50898
LGA41140,66,1176,1244,1385,242,1631,432,51,481,359,18,376,193,5,200,75,5,77,2507,1507,4012
LGA41190,14,247,268,236,46,285,56,7,62,92,3,94,37,3,41,17,0,17,451,313,762
LGA41330,12,448,455,161,211,381,46,27,65,32,21,54,21,11,30,17,0,18,285,717,1001
LGA41560,126,2056,2182,2501,426,2933,669,68,738,512,39,547,232,16,244,122,4,131,4159,2609,6767
LGA41750,13,147,158,130,88,213,35,10,46,36,5,40,22,3,23,13,0,19,241,252,500
LGA41830,23,291,313,240,93,332,73,14,81,51,12,64,17,7,18,19,0,17,414,420,829
LGA41960,17,167,186,206,54,253,53,7,63,49,5,48,17,4,23,8,3,13,342,245,587
LGA42030,192,3053,3249,3236,413,3648,1495,83,1584,1177,55,1233,486,21,503,231,12,239,6827,3635,10460
LGA42110,36,619,655,595,104,703,178,16,196,147,13,155,74,10,77,37,0,45,1068,764,1833
LGA42250,54,581,633,1084,156,1239,346,31,378,417,19,441,211,17,226,75,5,83,2197,807,3003
LGA42600,273,5657,5933,5307,727,6036,1891,144,2039,1766,72,1836,592,23,617,170,7,173,10002,6632,16631
LGA42750,46,723,765,710,200,909,182,26,208,181,28,207,86,14,99,36,11,43,1238,997,2236
LGA43080,4,154,164,125,26,144,41,5,47,43,3,44,24,0,26,7,0,10,245,191,434
LGA43220,15,128,146,139,31,167,35,0,33,35,4,39,30,0,32,8,0,11,266,168,433
LGA43360,26,340,367,378,65,445,99,10,108,81,7,81,41,4,41,12,5,12,627,430,1055
LGA43650,105,1031,1136,1769,195,1968,843,38,876,921,40,959,459,16,478,206,6,209,4298,1327,5630
LGA43710,65,494,558,743,178,920,268,30,297,290,20,311,129,8,140,61,3,67,1563,730,2296
LGA43790,73,1492,1568,1712,281,1992,514,66,582,473,48,521,250,19,270,102,8,112,3124,1918,5040
LGA44000,0,18,18,3,3,9,3,0,3,3,0,3,0,0,0,3,0,3,18,21,36
LGA44060,569,11191,11760,11536,1599,13132,5770,603,6376,5162,238,5402,1717,79,1794,669,41,711,25423,13745,39173
LGA44210,91,1467,1565,1416,352,1765,344,54,403,320,25,352,144,19,160,62,9,71,2379,1927,4313
LGA44340,405,5982,6389,7750,776,8530,3813,216,4034,4495,118,4613,1529,53,1578,443,29,474,18441,7175,25615
LGA44550,348,3294,3643,4753,532,5283,2328,146,2475,2270,81,2350,913,32,943,347,13,360,10948,4105,15055
LGA44620,181,3883,4064,3445,486,3932,1382,137,1522,1232,50,1293,481,21,500,250,9,264,6983,4590,11568
LGA44830,35,425,459,476,163,635,119,20,136,97,19,115,49,3,51,22,9,25,798,632,1429
LGA45040,132,2734,2867,2780,449,3228,1051,99,1151,921,77,1001,410,23,432,246,12,260,5539,3390,8931
LGA45090,54,966,1020,1138,206,1347,411,57,466,391,25,417,185,23,209,77,8,88,2249,1288,3535
LGA45120,32,643,670,692,123,819,187,16,204,159,12,172,111,5,118,33,0,35,1212,796,2013
LGA45290,230,5728,5958,4585,855,5438,1998,237,2233,1969,113,2082,615,49,656,163,12,173,9551,6992,16546
LGA45340,1185,18021,19205,22337,2595,24935,10654,649,11297,9572,348,9921,3528,146,3668,1435,53,1483,48706,21813,70520
LGA45400,11,128,139,117,40,158,25,7,32,29,0,30,21,0,21,15,0,9,216,174,390
LGA45540,16,378,396,236,83,319,58,15,75,28,12,36,22,0,22,10,0,13,375,492,865
LGA45680,568,9418,9982,9585,1660,11246,5624,526,6154,4922,295,5219,2386,146,2529,1864,78,1943,24957,12117,37070
LGA45890,698,15505,16199,13784,2502,16289,7786,820,8609,7014,398,7411,2568,180,2747,1530,115,1650,33386,19518,52900
LGA46090,133,2022,2158,1570,396,1963,674,91,763,518,62,580,243,24,268,164,23,182,3290,2620,5912
LGA46300,145,1970,2114,1845,336,2181,743,98,833,626,48,676,250,28,278,109,8,113,3717,2483,6199
LGA46450,134,2594,2726,2266,348,2614,916,81,994,677,37,713,349,21,368,160,13,169,4500,3090,7590
LGA46510,134,2355,2488,2363,400,2765,1284,160,1442,1392,85,1475,490,22,512,141,19,155,5807,3043,8842
LGA46670,56,1215,1276,1323,253,1577,540,46,588,391,37,433,197,22,222,86,20,104,2598,1598,4197
LGA46860,27,205,236,255,70,323,69,18,87,50,10,58,23,0,28,12,5,17,432,303,741
LGA46970,30,360,390,280,136,419,182,44,222,209,32,242,107,8,120,40,10,49,847,589,1433
LGA47140,670,13713,14382,14448,2077,16526,8328,661,8988,7702,363,8070,3567,198,3762,2531,96,2624,37241,17108,54350
LGA47290,15,296,310,292,42,335,70,16,82,83,15,95,44,6,45,9,0,9,509,373,884
LGA47490,17,265,283,292,132,426,81,14,95,91,12,102,49,9,53,13,4,18,547,426,974
LGA47630,40,769,813,861,161,1029,351,53,401,286,35,322,151,9,160,60,12,74,1759,1037,2798
LGA47700,551,9121,9667,12715,1079,13788,6228,253,6483,6120,138,6258,2168,63,2226,885,26,913,28663,10679,39342
LGA47800,38,800,839,782,149,929,232,34,263,188,25,214,105,18,118,50,3,55,1395,1027,2421
LGA47910,19,427,451,459,98,554,104,8,117,96,12,107,56,4,62,21,0,22,759,546,1307
LGA47980,234,4746,4980,4744,645,5386,2065,232,2294,2219,88,2307,726,24,750,181,13,194,10164,5753,15917
LGA48050,123,2410,2536,3001,344,3334,707,46,754,507,18,532,225,12,235,100,5,111,4666,2840,7499
LGA48130,48,889,934,879,143,1026,297,27,326,291,9,301,155,10,164,97,0,101,1768,1077,2849
LGA48260,32,986,1017,1029,156,1191,386,38,427,441,21,467,173,4,180,43,4,47,2107,1217,3323
LGA48340,59,1576,1638,1728,214,1940,528,49,572,479,38,521,250,13,269,93,5,99,3139,1895,5035
LGA48410,340,7926,8260,7042,1343,8386,3568,546,4115,3326,231,3556,1056,72,1128,361,36,394,15689,10153,25839
LGA48540,163,3544,3703,2775,477,3250,1110,116,1222,928,61,986,379,27,408,154,19,170,5509,4234,9746
LGA48640,6,141,153,135,43,177,42,4,44,47,6,54,39,8,44,3,0,4,278,203,483
LGA48750,53,813,867,1002,183,1187,243,15,255,195,11,209,95,0,100,57,0,54,1643,1031,2670
LGA48830,99,1900,2000,2029,439,2461,397,57,446,342,35,381,160,17,182,101,7,113,3128,2453,5586
LGA49399,17,711,728,253,409,657,91,30,118,88,27,110,52,9,64,35,5,37,537,1178,1716
LGA49799,0,0,0,0,0,0,0,0,0,0,0,0,0,0,0,0,0,0,0,0,0
LGA50080,313,4570,4882,4993,718,5707,1910,189,2101,1697,74,1772,737,38,777,408,19,425,10060,5605,15664
LGA50210,684,7283,7965,8978,1180,10152,5632,355,5991,5686,222,5900,2367,123,2484,1398,60,1458,24740,9218,33956
LGA50250,61,775,836,423,706,1129,209,79,285,255,74,325,152,30,183,70,26,94,1166,1699,2862
LGA50280,199,1584,1783,1897,513,2411,904,122,1030,828,106,940,303,33,337,100,14,120,4234,2381,6612
LGA50350,143,1963,2100,1882,289,2171,962,90,1050,845,47,887,272,13,288,112,14,129,4214,2416,6632
LGA50420,635,8634,9269,8325,1438,9758,4158,374,4534,3565,177,3747,1122,67,1188,538,33,566,18345,10720,29068
LGA50490,419,5896,6316,4704,1100,5806,2312,372,2675,1806,183,1988,706,66,773,415,27,435,10358,7644,17996
LGA50560,24,227,253,271,64,329,79,10,90,46,6,52,23,4,24,12,3,12,456,311,767
LGA50630,23,174,197,217,34,245,82,14,96,81,7,91,32,5,35,13,0,13,441,230,670
LGA50770,18,208,228,262,49,313,69,8,77,74,11,87,40,8,43,14,4,20,481,285,763
LGA50840,60,628,686,794,127,917,218,20,241,206,15,220,103,4,113,44,4,43,1430,794,2217
LGA50910,4,111,120,126,15,143,32,7,43,39,7,48,8,0,15,10,0,10,229,139,370
LGA50980,164,1676,1837,1171,2365,3534,779,320,1099,779,281,1060,439,129,567,332,68,395,3659,4833,8495
LGA51080,9,107,116,138,22,162,50,11,54,39,5,41,26,0,24,15,3,17,271,146,421
LGA51120,10,113,123,117,37,154,40,9,40,34,3,34,20,7,19,4,0,4,229,166,393
LGA51190,330,4847,5170,4235,735,4977,1645,191,1831,1351,76,1427,514,35,551,252,23,276,8327,5905,14228
LGA51260,441,3957,4405,5230,915,6143,2076,179,2257,1991,139,2134,800,62,863,324,25,350,10859,5279,16136
LGA51310,210,2456,2664,3015,310,3333,1427,99,1525,2029,49,2076,820,21,844,189,3,188,7691,2944,10634
LGA51330,572,7488,8065,8718,1346,10059,5584,648,6231,5920,412,6331,2366,197,2564,1233,92,1323,24392,10187,34578
LGA51400,188,1145,1332,2009,252,2252,1056,54,1113,1047,33,1082,501,17,513,197,7,204,4995,1502,6496
LGA51470,9,134,141,81,19,99,20,8,24,17,3,18,4,0,4,8,0,8,132,165,300
LGA51540,50,824,873,517,1080,1598,210,97,313,196,107,304,75,54,126,64,30,95,1117,2189,3306
LGA51610,15,93,116,206,48,252,73,17,90,75,13,91,36,9,39,11,4,15,422,176,594
LGA51680,62,344,414,705,82,788,322,28,349,262,22,284,143,3,152,99,5,103,1605,489,2092
LGA51710,14,154,169,109,24,130,63,13,78,65,5,71,32,0,33,11,0,11,292,201,499
LGA51750,89,1455,1546,1347,223,1571,540,61,599,562,27,591,231,12,242,54,4,54,2821,1777,4603
LGA51820,1039,10501,11545,12698,1732,14431,7442,477,7922,7303,241,7545,2540,107,2643,1048,41,1089,32070,13103,45173
LGA51860,0,22,23,33,11,45,20,6,27,16,8,20,18,0,18,24,0,29,114,52,168
LGA51890,77,1150,1230,1089,154,1243,425,41,466,401,32,432,178,19,194,75,5,81,2253,1402,3653
LGA51960,32,490,522,344,136,487,147,38,185,116,46,164,50,13,61,35,5,38,739,719,1456
LGA52030,15,163,180,172,66,238,35,8,40,39,6,43,9,0,7,5,0,9,280,243,519
LGA52100,13,136,144,148,15,163,46,8,51,37,5,39,24,0,21,3,0,3,262,163,427
LGA52170,79,803,882,928,165,1098,404,52,452,422,19,441,202,4,212,58,0,58,2085,1051,3138
LGA52240,12,154,161,142,27,170,49,8,56,45,0,44,21,0,18,9,5,14,274,195,468
LGA52310,16,115,130,148,22,166,43,3,38,33,0,33,8,3,11,7,0,12,246,145,397
LGA52380,0,97,96,18,35,50,4,5,7,0,0,0,0,5,5,0,3,3,20,146,161
LGA52450,13,154,168,130,27,159,54,6,54,57,10,69,28,0,28,17,0,16,301,193,492
LGA52520,11,134,142,131,35,166,61,13,77,59,10,74,35,6,40,13,9,19,309,207,519
LGA52590,52,422,468,503,163,669,125,19,147,117,16,139,49,3,58,24,0,24,866,631,1496
LGA52660,150,1256,1402,1785,230,2008,845,38,880,763,33,795,335,7,344,139,0,142,4014,1565,5578
LGA52730,100,818,915,829,218,1050,282,58,340,225,34,263,114,14,128,45,9,54,1594,1148,2745
LGA52800,42,865,907,415,688,1104,220,93,310,197,72,269,151,53,203,223,30,255,1241,1797,3043
LGA52870,72,603,674,916,121,1033,252,31,279,265,15,282,123,4,129,63,11,71,1691,778,2470
LGA52940,7,126,128,94,16,111,29,0,31,20,4,19,18,0,21,7,0,7,176,143,322
LGA53010,6,79,87,89,22,110,22,15,34,33,5,35,13,0,12,3,0,8,162,124,279
LGA53080,8,183,188,73,53,122,23,7,32,14,6,19,6,3,11,5,0,5,127,246,372
LGA53150,53,791,846,875,122,999,423,31,455,487,12,501,164,7,173,49,0,49,2058,968,3022
LGA53220,40,777,815,363,386,746,233,53,288,239,46,287,140,15,155,147,20,165,1166,1292,2456
LGA53290,163,1683,1841,1594,422,2018,644,93,730,593,72,668,267,47,309,133,13,142,3389,2329,5720
LGA53360,54,426,481,293,943,1236,142,95,233,147,126,276,70,34,107,30,38,78,744,1666,2404
LGA53430,333,4712,5051,3964,850,4813,1707,246,1955,1436,110,1550,447,33,481,137,20,157,8042,5966,14005
LGA53570,75,604,681,758,175,936,246,35,272,187,28,212,80,6,87,70,5,78,1412,856,2268
LGA53640,7,135,149,155,22,175,51,9,54,63,5,69,21,3,24,16,3,20,312,174,488
LGA53710,11,139,147,142,34,175,34,5,44,33,0,38,25,0,25,5,0,5,253,178,429
LGA53780,743,9615,10355,11158,1588,12747,7223,564,7789,7361,345,7704,3324,173,3496,2181,94,2278,31996,12376,44372
LGA53800,460,4420,4880,4465,982,5450,2058,267,2325,1724,161,1886,772,97,867,447,57,500,9920,5990,15910
LGA53920,4,406,412,148,295,441,133,34,165,106,28,132,77,14,94,175,15,185,642,789,1430
LGA53990,284,2259,2540,3448,359,3809,1519,81,1602,1571,63,1631,670,33,706,328,21,347,7815,2817,10626
LGA54060,60,520,578,517,183,705,168,27,194,143,24,167,61,11,73,19,0,20,973,766,1746
LGA54130,15,163,175,143,40,178,42,4,45,57,5,63,26,4,26,4,0,8,283,217,503
LGA54170,1363,10985,12351,18727,1485,20215,9811,429,10244,10777,216,10990,3732,87,3818,1193,38,1238,45607,13245,58848
LGA54200,485,4808,5298,6828,647,7476,3388,150,3535,3369,98,3467,1460,35,1504,631,32,659,16165,5774,21938
LGA54280,236,3333,3568,2707,799,3506,1507,223,1736,1411,136,1552,673,75,753,360,27,383,6899,4600,11495
LGA54310,205,1909,2117,1504,1039,2539,957,231,1192,1191,202,1390,594,107,697,293,55,345,4741,3549,8287
LGA54340,24,452,478,459,94,552,204,30,234,157,17,172,64,13,77,75,13,90,983,621,1602
LGA54410,11,159,172,156,29,182,49,7,57,35,9,42,14,0,15,8,3,12,281,214,487
LGA54480,0,55,55,55,16,72,18,6,25,25,0,28,10,5,16,0,0,0,111,82,200
LGA54550,11,275,277,243,54,295,83,5,90,74,5,85,43,0,43,18,0,18,467,337,810
LGA54620,10,120,133,112,40,152,33,6,34,21,8,28,21,8,20,6,0,8,202,182,381
LGA54690,4,62,72,48,7,53,15,0,15,11,0,16,10,0,7,4,0,4,94,76,170
LGA54760,9,76,89,101,20,121,28,5,35,34,9,37,16,0,16,6,0,6,197,112,303
LGA54830,392,3796,4187,4112,657,4768,2714,182,2899,2550,110,2657,1133,58,1195,634,31,667,11540,4838,16373
LGA54900,14,176,185,159,33,193,57,9,66,60,0,57,29,4,31,9,0,9,320,219,537
LGA54970,6,131,131,43,30,74,16,5,23,19,3,25,5,0,10,21,0,21,115,172,287
LGA55040,9,211,223,84,94,177,36,6,39,40,15,55,20,5,24,18,7,22,209,334,547
LGA55110,1023,10203,11224,12360,1419,13784,4764,299,5059,4062,169,4233,1661,75,1735,754,47,800,24619,12217,36833
LGA55180,92,1219,1308,1212,229,1446,427,47,471,347,32,380,174,17,193,68,15,77,2322,1555,3877
LGA55250,6,165,169,67,78,144,43,14,60,20,13,29,16,8,20,21,0,23,170,277,444
LGA55320,712,9473,10187,11924,1253,13179,5958,392,6348,6416,199,6617,2355,86,2438,789,33,822,28152,11438,39588
LGA55390,0,70,72,17,26,42,8,4,7,6,0,5,3,0,3,5,0,5,35,101,138
LGA55460,28,442,469,387,85,471,146,36,177,117,20,138,59,6,69,21,3,27,759,590,1351
LGA55530,0,72,74,49,54,103,17,12,25,18,0,15,11,0,14,0,0,5,101,140,239
LGA55600,25,300,325,265,65,331,111,19,131,93,15,108,38,3,43,17,8,28,545,413,963
LGA55670,7,88,97,69,40,114,23,3,26,17,4,19,14,3,11,10,4,14,134,148,278
LGA55740,80,1191,1274,935,176,1113,445,41,490,503,24,526,232,15,245,49,0,54,2247,1452,3702
LGA55810,5,123,131,39,79,118,8,12,18,7,12,23,5,9,17,6,10,12,71,246,316
LGA55880,6,68,77,60,15,74,25,4,26,16,0,16,6,5,11,5,0,5,115,89,205
LGA55950,4,70,70,78,25,102,32,3,39,19,0,24,10,5,16,11,0,11,148,105,256
LGA56090,351,2867,3218,4698,408,5109,2154,102,2256,2008,58,2065,893,29,922,382,18,402,10489,3485,13971
LGA56160,0,26,25,9,24,36,0,0,0,3,3,3,5,0,5,6,0,6,28,47,72
LGA56230,217,1709,1935,2369,301,2671,904,80,982,804,54,863,366,31,395,222,11,231,4878,2194,7075
LGA56300,12,216,235,253,74,323,65,14,75,45,7,56,19,6,26,6,5,15,403,319,722
LGA56370,5,95,103,102,28,125,45,9,49,27,7,30,8,3,17,4,0,6,189,133,325
LGA56460,47,695,734,577,118,695,222,39,257,166,23,195,92,15,105,42,0,42,1143,886,2026
LGA56580,135,1483,1622,2230,229,2463,1125,94,1222,1503,78,1579,688,19,700,182,7,187,5865,1916,7771
LGA56620,0,141,147,49,35,84,48,3,51,34,0,37,42,0,42,78,0,78,253,184,436
LGA56730,121,1298,1418,1334,234,1567,511,56,567,448,56,501,214,31,244,149,16,165,2777,1683,4456
LGA56790,32,496,531,470,461,934,125,51,174,89,44,131,55,14,72,34,12,39,806,1081,1880
LGA56860,6,36,38,35,15,48,9,7,15,8,0,8,5,0,5,0,0,0,61,53,115
LGA56930,8,119,126,164,8,181,87,5,84,80,0,82,46,4,49,21,0,21,404,138,540
LGA57000,0,78,76,53,20,71,14,6,23,16,5,19,9,6,14,0,0,0,93,117,209
LGA57080,299,6251,6553,3858,1334,5192,1072,342,1417,456,103,562,125,18,147,27,7,32,5846,8056,13900
LGA57140,10,158,171,158,20,185,48,0,49,37,0,37,15,0,15,10,0,10,279,184,468
LGA57210,63,590,649,739,131,863,273,25,299,175,22,200,88,15,106,67,9,73,1403,788,2187
LGA57280,173,1958,2131,1186,624,1808,744,178,919,711,125,843,368,57,424,263,31,293,3443,2978,6418
LGA57350,12,135,145,127,56,187,23,11,35,21,7,28,8,6,17,13,4,12,211,216,426
LGA57420,26,325,355,262,60,323,95,11,105,63,9,74,38,5,41,16,0,14,507,404,910
LGA57490,1444,11683,13125,14297,1760,16056,7957,470,8427,7495,296,7796,3191,148,3336,1573,61,1638,35958,14423,50382
LGA57630,0,27,34,14,22,38,0,0,4,0,0,0,0,0,0,0,0,0,16,60,75
LGA57700,260,1590,1852,2945,309,3253,1845,83,1925,1942,45,1988,898,33,931,583,20,601,8477,2084,10555
LGA57770,9,240,251,113,561,676,27,51,79,40,49,88,15,18,32,7,7,14,213,921,1133
LGA57840,339,5872,6208,5477,991,6473,2269,333,2595,2123,103,2228,668,42,711,215,19,241,11092,7363,18454
LGA57910,1812,28597,30413,25971,4549,30518,12930,1326,14259,12203,576,12780,4077,210,4279,1680,91,1771,58676,35341,94013
LGA57980,148,2936,3086,2158,384,2540,868,107,977,869,50,916,266,21,281,61,3,65,4381,3493,7872
LGA58050,1251,11909,13165,14602,1942,16546,9196,591,9778,8969,323,9294,3698,148,3850,2344,92,2434,40062,15003,55068
LGA58190,3,57,61,41,12,52,19,5,23,18,0,21,4,3,5,3,0,3,91,83,165
LGA58260,3,79,83,75,24,93,26,8,27,18,5,26,11,0,10,8,3,10,136,111,253
LGA58330,67,536,603,705,146,846,199,30,231,137,17,154,79,9,87,41,4,42,1229,738,1970
LGA58400,5,63,70,48,13,58,12,3,17,0,0,0,6,0,0,4,0,4,70,78,150
LGA58470,7,37,38,15,54,72,5,3,4,7,4,6,3,0,3,9,0,9,38,99,136
LGA58510,327,5631,5954,4372,1053,5428,1973,395,2367,1619,153,1774,438,53,485,175,28,202,8898,7310,16209
LGA58540,10,101,115,109,33,146,39,5,41,28,9,34,9,0,14,4,0,4,203,151,349
LGA58570,354,5573,5929,4479,1099,5579,1814,404,2217,1740,147,1889,455,31,484,114,16,125,8952,7270,16224
LGA58610,13,261,274,255,49,302,60,8,69,62,3,63,23,8,28,20,3,23,430,329,760
LGA58680,4,49,58,78,24,109,20,10,29,11,0,18,11,0,9,7,0,7,134,88,228
LGA58760,1765,13991,15763,19739,2053,21795,13062,633,13689,13237,414,13654,5450,189,5638,2834,100,2936,56085,17381,73463
LGA58820,46,481,525,568,79,651,177,12,194,166,12,176,84,0,84,56,5,58,1101,585,1692
LGA58890,10,90,102,113,27,141,37,7,39,34,5,32,11,6,16,5,3,6,202,134,336
LGA59030,0,45,42,47,3,46,5,0,6,13,0,12,3,0,3,8,0,8,63,51,115
LGA59100,4,78,80,92,26,123,23,3,21,20,0,25,15,6,24,7,0,7,166,116,279
LGA59170,8,106,118,129,34,163,45,10,48,49,9,51,24,0,27,13,0,13,260,152,412
LGA59250,0,69,69,24,22,51,14,9,18,0,0,0,7,0,8,7,0,9,56,103,156
LGA59310,16,189,205,183,44,227,57,5,58,45,9,54,30,0,33,8,0,8,334,246,577
LGA59320,7,42,51,53,6,69,12,3,16,21,3,22,14,0,16,6,0,6,119,62,174
LGA59330,4,108,107,60,24,86,30,5,33,12,0,12,3,0,3,4,0,4,107,133,240
LGA59340,64,1045,1114,530,920,1450,301,137,432,270,122,391,154,66,220,175,26,199,1488,2320,3806
LGA59350,0,45,48,10,28,37,8,8,14,0,4,0,0,0,0,9,0,9,29,87,116
LGA59360,12,220,235,128,38,169,31,3,32,29,10,33,10,4,15,4,0,0,210,273,485
LGA59370,43,524,562,530,109,639,167,13,178,102,12,114,52,0,55,34,0,34,923,665,1587
LGA59799,0,8,8,0,3,3,0,0,0,0,0,0,0,0,0,0,0,0,0,13,13
LGA60210,63,1180,1247,1168,222,1386,318,29,348,189,18,202,87,3,85,42,0,40,1861,1456,3313
LGA60410,106,1556,1660,2117,282,2398,1276,92,1368,1016,58,1074,433,21,455,239,7,249,5188,2022,7206
LGA60610,154,2666,2824,2558,351,2906,1112,82,1194,950,40,989,353,31,375,189,9,202,5306,3179,8491
LGA60810,199,2774,2973,3380,378,3756,1172,96,1273,975,39,1020,415,29,445,196,8,204,6341,3331,9671
LGA61010,20,443,462,320,100,416,109,15,124,78,14,86,47,0,43,29,5,28,597,575,1166
LGA61210,51,950,1006,1067,208,1277,374,39,413,306,41,347,182,25,212,97,0,102,2081,1265,3342
LGA61410,417,6240,6658,7755,908,8668,3578,250,3826,3163,143,3305,1245,65,1308,558,36,592,16719,7645,24363
LGA61510,73,1144,1223,1354,166,1524,605,68,680,541,34,576,217,22,239,134,5,139,2944,1437,4375
LGA61610,182,3534,3714,3525,497,4022,1470,87,1558,1152,51,1203,450,22,470,242,14,252,7019,4203,11220
LGA61810,44,922,964,1017,182,1199,304,31,338,265,19,288,129,12,138,60,7,67,1816,1175,2985
LGA62010,12,178,183,155,28,187,42,4,54,20,5,27,11,4,10,4,0,4,246,220,463
LGA62210,35,973,1010,1086,130,1213,342,28,367,272,18,289,113,9,128,76,0,80,1926,1161,3085
LGA62410,58,733,789,909,211,1115,200,23,223,149,12,164,44,4,48,26,4,28,1384,980,2363
LGA62610,301,6396,6696,5560,886,6444,2898,322,3211,2300,172,2471,1062,94,1160,642,29,680,12765,7903,20667
LGA62810,352,6702,7051,6380,1302,7679,2806,640,3444,2493,314,2809,885,126,1012,376,61,437,13288,9143,22434
LGA63010,142,1917,2063,2521,364,2882,953,74,1021,784,56,843,350,22,374,232,16,251,4983,2445,7427
LGA63210,51,650,702,924,154,1080,329,28,364,270,16,286,133,6,134,64,8,74,1769,870,2639
LGA63410,20,259,276,229,48,275,78,11,90,54,3,56,24,4,29,10,0,10,405,321,729
LGA63610,316,3645,3960,4934,588,5528,2235,165,2399,2254,89,2348,915,30,946,394,24,418,11059,4539,15594
LGA63810,88,1344,1433,1919,218,2138,637,48,682,524,20,548,211,16,225,107,6,109,3486,1652,5132
LGA64010,444,8913,9359,8420,1441,9859,3793,421,4212,3214,213,3432,1292,103,1396,660,47,708,17827,11143,28965
LGA64210,149,2358,2506,2900,372,3271,1123,81,1207,980,36,1020,398,13,409,197,7,205,5747,2866,8620
LGA64610,104,1599,1701,1979,242,2225,734,49,786,608,21,633,266,14,280,126,6,133,3822,1933,5754
LGA64810,124,1820,1942,2231,304,2540,985,89,1068,817,46,866,299,20,324,152,13,158,4605,2297,6900
LGA65010,41,631,675,879,107,984,351,43,388,324,22,345,133,11,145,89,9,96,1817,821,2642
LGA65210,28,488,515,455,92,551,105,14,119,61,16,75,22,6,24,19,0,21,684,615,1302
LGA65410,119,1900,2015,2087,262,2349,698,52,753,635,34,670,242,13,254,133,8,141,3911,2274,6186
LGA65610,51,982,1033,557,155,708,184,35,220,142,23,172,52,4,58,31,0,30,1024,1197,2217
LGA65810,164,2599,2762,3524,398,3919,1336,82,1422,1246,53,1293,511,16,526,237,15,252,7016,3160,10174
LGA69799,0,0,0,0,0,0,0,0,0,0,0,0,0,0,0,0,0,0,0,0,0
LGA70200,205,2848,3057,2183,1119,3300,1411,256,1669,1175,135,1312,576,69,648,427,35,462,5976,4467,10445
LGA70420,29,617,643,310,484,792,184,53,236,160,36,197,117,11,128,301,6,307,1098,1210,2304
LGA70540,0,9,9,14,0,14,14,0,14,5,0,5,0,0,0,4,0,4,38,9,46
LGA70620,0,231,235,107,130,235,68,11,79,72,10,79,87,8,88,227,4,231,554,395,950
LGA70700,9,237,253,147,280,426,41,47,87,32,27,62,16,9,27,9,5,17,259,616,875
LGA71000,734,7918,8655,7245,2828,10074,4709,880,5587,3831,476,4312,1677,196,1875,1094,117,1212,19284,12429,31716
LGA71150,6,94,99,39,37,77,7,3,17,6,4,14,0,0,0,0,0,0,67,143,207
LGA71300,6,242,247,151,91,246,163,9,175,173,9,185,149,4,152,631,3,643,1281,362,1641
LGA72200,81,965,1053,735,648,1380,408,109,514,380,113,491,215,46,259,207,31,234,2025,1913,3936
LGA72300,197,1475,1671,1747,1050,2796,941,216,1160,1012,230,1242,539,91,630,436,52,487,4864,3117,7985
LGA72330,3,461,466,186,385,564,98,24,119,131,21,152,101,13,118,330,6,332,842,907,1752
LGA72800,421,2781,3208,3042,717,3761,2231,326,2558,2055,191,2241,957,94,1048,554,41,596,9263,4150,13416
LGA73600,7,489,495,194,911,1107,102,65,161,108,92,205,115,34,147,410,11,425,939,1597,2538
LGA74050,3,152,155,128,22,149,104,7,109,83,3,88,58,4,61,104,0,107,489,187,672
LGA74550,4,271,276,88,254,346,65,22,85,70,21,91,45,9,62,137,18,150,406,592,1003
LGA74560,14,53,73,63,19,86,24,4,23,10,0,10,5,0,5,5,0,5,119,80,197
LGA74660,16,344,363,169,377,542,117,50,164,120,45,161,99,17,117,438,6,446,957,840,1797
LGA74680,3,64,70,56,20,77,40,7,48,61,4,63,66,0,70,212,4,212,438,102,541
LGA79399,58,1039,1100,515,678,1199,261,121,381,276,106,388,137,42,185,84,19,102,1337,2018,3352
LGA79799,0,5,5,0,0,0,0,0,0,0,0,0,0,0,0,0,0,0,0,7,7
LGA89399,2635,44434,47074,48651,8073,56718,25384,2972,28350,26314,1465,27775,9861,564,10427,4370,255,4625,117214,57759,174972
LGA89799,0,0,0,0,0,0,0,0,0,0,0,0,0,0,0,0,0,0,0,0,0
LGA99399,21,405,424,327,85,413,106,24,132,89,17,110,37,8,47,20,0,24,604,531,1143
LGA99799,0,0,0,0,0,0,0,0,0,0,0,0,0,0,0,0,0,0,0,0,0
