RA_CODE_2021,M_15_19_Ud_wk_L_5_hrs,M_15_19_Ud_wk_5_14_hrs,M_15_19_Ud_wk_15_29_hrs,M_15_19_Ud_wk_30h_more,M_15_19_no_Ud_wk,M_15_19_Ud_wk_ns,M_15_19_OS_vis,M_15_19_yr_Tot,M_20_24_Ud_wk_L_5_hrs,M_20_24_Ud_wk_5_14_hrs,M_20_24_Ud_wk_15_29_hrs,M_20_24_Ud_wk_30h_more,M_20_24_no_Ud_wk,M_20_24_Ud_wk_ns,M_20_24_OS_vis,M_20_24_yr_Tot,M_25_34_Ud_wk_L_5_hrs,M_25_34_Ud_wk_5_14_hrs,M_25_34_Ud_wk_15_29_hrs,M_25_34_Ud_wk_30h_more,M_25_34_no_Ud_wk,M_25_34_Ud_wk_ns,M_25_34_OS_vis,M_25_34_yr_Tot,M_35_44_Ud_wk_L_5_hrs,M_35_44_Ud_wk_5_14_hrs,M_35_44_Ud_wk_15_29_hrs,M_35_44_Ud_wk_30h_more,M_35_44_no_Ud_wk,M_35_44_Ud_wk_ns,M_35_44_OS_vis,M_35_44_yr_Tot,M_45_54_Ud_wk_L_5_hrs,M_45_54_Ud_wk_5_14_hrs,M_45_54_Ud_wk_15_29_hrs,M_45_54_Ud_wk_30h_more,M_45_54_no_Ud_wk,M_45_54_Ud_wk_ns,M_45_54_OS_vis,M_45_54_yr_Tot,M_55_64_Ud_wk_L_5_hrs,M_55_64_Ud_wk_5_14_hrs,M_55_64_Ud_wk_15_29_hrs,M_55_64_Ud_wk_30h_more,M_55_64_no_Ud_wk,M_55_64_Ud_wk_ns,M_55_64_OS_vis,M_55_64_yr_Tot,M_65_74_Ud_wk_L_5_hrs,M_65_74_Ud_wk_5_14_hrs,M_65_74_Ud_wk_15_29_hrs,M_65_74_Ud_wk_30h_more,M_65_74_no_Ud_wk,M_65_74_Ud_wk_ns,M_65_74_OS_vis,M_65_74_yr_Tot,M_75_84_Ud_wk_L_5_hrs,M_75_84_Ud_wk_5_14_hrs,M_75_84_Ud_wk_15_29_hrs,M_75_84_Ud_wk_30h_more,M_75_84_no_Ud_wk,M_75_84_Ud_wk_ns,M_75_84_OS_vis,M_75_84_yr_Tot,M_85ov_Ud_wk_L_5_h,M_85ov_Ud_wk_5_14_h,M_85ov_Ud_wk_15_29_h,M_85ov_Ud_wk_30h_more,M_85ov_no_Ud_wk,M_85ov_Ud_wk_ns,M_85ov_OS_vis,M_85_yr_over_Tot,M_Tot_Ud_wk_L_5_hrs,M_Tot_Ud_wk_5_14_hrs,M_Tot_Ud_wk_15_29_hrs,M_Tot_Ud_wk_30h_more,M_Tot_no_Ud_wk,M_Tot_Ud_wk_ns,M_Tot_OS_vis,M_Total_Tot,F_15_19_Ud_wk_L_5_hrs,F_15_19_Ud_wk_5_14_hrs,F_15_19_Ud_wk_15_29_hrs,F_15_19_Ud_wk_30h_more,F_15_19_no_Ud_wk,F_15_19_Ud_wk_ns,F_15_19_OS_vis,F_15_19_yr_Tot,F_20_24_Ud_wk_L_5_hrs,F_20_24_Ud_wk_5_14_hrs,F_20_24_Ud_wk_15_29_hrs,F_20_24_Ud_wk_30h_more,F_20_24_no_Ud_wk,F_20_24_Ud_wk_ns,F_20_24_OS_vis,F_20_24_yr_Tot,F_25_34_Ud_wk_L_5_hrs,F_25_34_Ud_wk_5_14_hrs,F_25_34_Ud_wk_15_29_hrs,F_25_34_Ud_wk_30h_more,F_25_34_no_Ud_wk,F_25_34_Ud_wk_ns,F_25_34_OS_vis,F_25_34_yr_Tot,F_35_44_Ud_wk_L_5_hrs,F_35_44_Ud_wk_5_14_hrs,F_35_44_Ud_wk_15_29_hrs,F_35_44_Ud_wk_30h_more,F_35_44_no_Ud_wk,F_35_44_Ud_wk_ns,F_35_44_OS_vis,F_35_44_yr_Tot,F_45_54_Ud_wk_L_5_hrs,F_45_54_Ud_wk_5_14_hrs,F_45_54_Ud_wk_15_29_hrs,F_45_54_Ud_wk_30h_more,F_45_54_no_Ud_wk,F_45_54_Ud_wk_ns,F_45_54_OS_vis,F_45_54_yr_Tot,F_55_64_Ud_wk_L_5_hrs,F_55_64_Ud_wk_5_14_hrs,F_55_64_Ud_wk_15_29_hrs,F_55_64_Ud_wk_30h_more,F_55_64_no_Ud_wk,F_55_64_Ud_wk_ns,F_55_64_OS_vis,F_55_64_yr_Tot,F_65_74_Ud_wk_L_5_hrs,F_65_74_Ud_wk_5_14_hrs,F_65_74_Ud_wk_15_29_hrs,F_65_74_Ud_wk_30h_more,F_65_74_no_Ud_wk,F_65_74_Ud_wk_ns,F_65_74_OS_vis,F_65_74_yr_Tot,F_75_84_Ud_wk_L_5_hrs,F_75_84_Ud_wk_5_14_hrs,F_75_84_Ud_wk_15_29_hrs,F_75_84_Ud_wk_30h_more,F_75_84_no_Ud_wk,F_75_84_Ud_wk_ns,F_75_84_OS_vis,F_75_84_yr_Tot,F_85ov_Ud_wk_L_5_h,F_85ov_Ud_wk_5_14_h,F_85ov_Ud_wk_15_29_h,F_85ov_Ud_wk_30h_more,F_85ov_no_Ud_wk,F_85ov_Ud_wk_ns,F_85ov_OS_vis,F_85_yr_over_Tot,F_Tot_Ud_wk_L_5_hrs,F_Tot_Ud_wk_5_14_hrs,F_Tot_Ud_wk_15_29_hrs,F_Tot_Ud_wk_30h_more,F_Tot_no_Ud_wk,F_Tot_Ud_wk_ns,F_Tot_OS_vis,F_Total_Tot,P_15_19_Ud_wk_L_5_hrs,P_15_19_Ud_wk_5_14_hrs,P_15_19_Ud_wk_15_29_hrs,P_15_19_Ud_wk_30h_more,P_15_19_no_Ud_wk,P_15_19_Ud_wk_ns,P_15_19_OS_vis,P_15_19_yr_Tot,P_20_24_Ud_wk_L_5_hrs,P_20_24_Ud_wk_5_14_hrs,P_20_24_Ud_wk_15_29_hrs,P_20_24_Ud_wk_30h_more,P_20_24_no_Ud_wk,P_20_24_Ud_wk_ns,P_20_24_OS_vis,P_20_24_yr_Tot,P_25_34_Ud_wk_L_5_hrs,P_25_34_Ud_wk_5_14_hrs,P_25_34_Ud_wk_15_29_hrs,P_25_34_Ud_wk_30h_more,P_25_34_no_Ud_wk,P_25_34_Ud_wk_ns,P_25_34_OS_vis,P_25_34_yr_Tot,P_35_44_Ud_wk_L_5_hrs,P_35_44_Ud_wk_5_14_hrs,P_35_44_Ud_wk_15_29_hrs,P_35_44_Ud_wk_30h_more,P_35_44_no_Ud_wk,P_35_44_Ud_wk_ns,P_35_44_OS_vis,P_35_44_yr_Tot,P_45_54_Ud_wk_L_5_hrs,P_45_54_Ud_wk_5_14_hrs,P_45_54_Ud_wk_15_29_hrs,P_45_54_Ud_wk_30h_more,P_45_54_no_Ud_wk,P_45_54_Ud_wk_ns,P_45_54_OS_vis,P_45_54_yr_Tot
RA10,72201,14757,1406,621,77718,9417,214,176338,64468,30935,4515,2206,87835,13694,478,204134,115382,116597,24444,11089,155287,33300,1323,457426,93521,140847,44074,20178,110647,27365,1004,437633,84539,126697,38530,16276,89541,20167,863,376611,70705,104589,34232,15529,87903,16462,959,330378,42722,69523,30881,15748,76486,12770,1084,249210,22063,31991,15211,8861,50795,10593,345,139868,6483,7287,3373,2179,23020,7245,85,49669,572075,643228,196669,92689,759242,151010,6361,2421271,71627,20568,2410,1009,61623,8370,204,165810,59721,45556,9524,5102,61547,11082,470,193005,80190,135718,52663,53405,115751,28937,1170,467839,41945,124201,87290,88358,80554,23448,776,446574,37938,124216,83879,62217,66517,17223,803,392787,34529,103441,70526,51647,72624,14447,1641,348848,22743,64648,55722,44116,74020,13490,1355,276098,15810,31539,24930,21087,56224,13674,383,163645,8477,10052,5187,3627,37930,14514,113,79899,372983,659938,392120,330565,626790,145189,6917,2534504,143830,35327,3815,1632,139344,17785,417,342146,124187,76494,14037,7309,149380,24775,953,397135,195573,252314,77105,64495,271041,62236,2493,925257,135468,265042,131367,108535,191201,50815,1780,884215,122476,250911,122408,78488,156060,37388,1662,769402
RA11,20228,3924,411,180,19100,4189,24,48061,13526,6616,1059,493,15029,3929,114,40768,22624,23590,5588,2542,21681,8424,341,84809,19673,28616,9073,4161,15536,7688,209,84952,22130,32428,9963,4402,17999,7403,138,94455,22982,34033,11585,6147,23252,6927,123,105049,16350,28493,14299,8655,26339,6312,95,100540,7756,12622,7220,5188,18681,4590,51,56114,2077,2559,1307,1060,7899,2223,13,17147,147346,172878,60508,32835,165521,51690,1112,631894,20092,5571,674,247,14429,3615,22,44649,11445,10616,2520,1825,9620,2878,104,39004,12471,26753,13385,14605,14036,6251,212,87721,7871,28579,19840,18328,9429,5970,122,90143,10729,36505,21795,13927,11990,5853,101,100902,11723,37076,24131,16045,17289,5951,134,112349,7442,24294,23119,19765,23089,6063,86,103858,4948,10909,9920,9900,19962,5645,45,61330,2729,3318,1792,1482,13194,4039,15,26573,89445,183624,117171,96125,133045,46259,851,666527,40317,9499,1079,428,33530,7804,45,92708,24976,17225,3579,2324,24646,6807,217,79772,35098,50343,18978,17148,35721,14670,559,172530,27539,57192,28912,22492,24968,13664,337,175098,32857,68927,31763,18331,29993,13253,235,195356
RA12,4313,1032,106,75,4082,1419,10,11035,2891,1599,268,148,3409,1175,56,9542,5304,5277,1325,594,5497,2567,243,20809,4647,6117,1854,908,3940,2524,132,20124,5621,7073,2190,1077,5340,2655,52,24004,6651,8214,2801,1627,7353,2932,22,29604,4509,6557,3185,2264,7658,2570,19,26760,1872,2773,1500,1337,4738,1561,7,13788,488,514,296,228,1847,611,6,3988,36302,39157,13522,8250,43866,18020,546,159651,4239,1428,196,111,3209,1253,9,10442,2164,2341,634,487,2128,870,44,8666,2373,5826,3133,3820,3359,2055,141,20708,1523,5959,4420,4167,2319,2079,53,20521,2158,8153,5036,3465,3034,2245,26,24124,2548,8716,6050,4659,4556,2522,34,29080,1587,5064,5095,5126,5412,2218,16,24517,1060,2286,2034,2454,4557,1638,7,14036,560,670,425,390,2925,951,0,5920,18220,40448,27019,24663,31500,15821,334,158006,8550,2457,300,182,7290,2677,18,21477,5052,3934,908,635,5540,2041,101,18211,7679,11099,4461,4413,8858,4622,385,41518,6171,12080,6270,5075,6264,4607,184,40647,7783,15228,7223,4534,8373,4896,80,48124
RA13,237,60,9,0,259,155,0,714,213,114,13,12,259,133,13,748,428,398,101,43,512,374,24,1873,354,396,102,51,329,310,0,1558,446,416,114,52,432,337,3,1806,506,501,123,86,629,389,0,2234,320,343,123,101,581,293,3,1756,117,114,74,40,321,170,0,832,44,26,10,13,99,40,0,233,2668,2370,671,400,3407,2196,44,11754,224,99,8,7,209,135,0,687,142,165,40,40,141,139,0,665,202,440,227,305,279,274,13,1739,100,361,289,289,164,277,0,1481,131,485,342,212,231,287,0,1687,158,481,337,300,341,302,0,1915,86,262,213,258,317,228,0,1361,68,95,90,123,267,157,0,798,20,33,14,17,151,59,0,307,1138,2412,1556,1548,2103,1862,19,10633,463,155,19,7,466,292,0,1401,357,276,51,52,397,267,13,1415,634,835,324,350,791,641,31,3609,456,757,394,344,500,589,0,3038,580,899,458,261,662,625,5,3489
RA14,56,23,0,0,76,44,0,190,40,32,9,0,87,45,0,215,109,94,33,8,116,94,4,456,75,108,26,19,108,67,0,403,93,105,33,26,147,84,0,483,121,151,46,19,206,96,0,642,79,107,45,33,183,93,0,529,21,30,20,10,77,33,0,201,4,11,0,3,21,4,0,38,591,643,208,112,1006,567,13,3149,35,34,4,0,63,35,0,175,51,38,9,4,60,50,0,220,60,137,49,61,111,92,9,523,29,99,68,67,62,76,0,403,38,136,59,46,110,72,0,462,54,115,86,59,132,83,0,530,35,69,62,59,111,53,0,399,14,24,31,25,49,30,0,180,9,3,3,8,34,14,0,60,325,655,380,333,736,512,11,2947,83,50,4,0,137,81,0,361,90,70,18,10,151,93,0,426,166,236,84,69,231,187,7,977,107,210,98,84,170,142,0,803,132,239,93,73,252,157,7,949
RA15,0,0,0,0,0,0,0,0,0,0,0,0,0,0,0,0,0,0,0,0,0,0,0,0,0,0,0,0,0,0,0,4,6,0,0,0,7,0,0,16,4,5,0,0,3,0,0,10,0,0,0,0,0,0,0,4,0,0,0,0,0,0,0,0,0,0,0,0,0,0,0,0,10,3,3,0,14,0,0,31,0,0,0,0,0,0,0,0,0,0,0,0,0,0,0,0,0,0,0,0,0,0,0,0,0,0,0,0,0,0,3,3,0,0,0,0,0,0,0,0,0,0,0,0,0,0,0,0,0,0,0,0,0,0,0,0,0,0,0,0,0,0,0,0,0,0,0,0,0,0,0,0,0,0,0,0,0,0,3,4,0,0,0,0,0,0,0,0,0,0,0,0,0,0,0,0,0,0,0,0,0,0,0,0,0,0,0,0,0,0,3,6,10,0,0,0,7,0,0,18
RA20,60065,10139,844,396,64707,7246,196,143590,56791,25491,3325,1438,75005,10931,417,173398,107817,104094,18911,7499,134171,28047,932,401481,85990,122143,33907,13603,92689,21602,739,370669,76798,105911,27357,10591,73471,15803,775,310710,60527,82936,22932,9346,69793,11865,832,258222,35102,53916,21793,10235,59028,8766,829,189661,17456,24927,11623,6315,40094,7180,274,107870,5390,5975,2725,1841,19355,4203,74,39564,505930,535532,143413,61259,628316,115643,5079,1995171,60519,14852,1579,557,52134,6595,195,136424,54495,38387,6870,3278,52090,8744,368,164233,76115,124830,43521,41501,97444,23644,838,407905,38761,110524,72746,70755,66322,18338,530,377972,33178,108766,68352,48206,54224,13611,670,327008,28416,86672,55024,37566,56009,10820,1379,275889,17726,51749,43757,33588,58144,9928,1152,216049,12251,24989,20674,17263,45434,9223,344,130170,6603,8325,4455,3067,33232,7920,79,63685,328056,569098,316977,255788,515033,108836,5559,2099343,120583,24990,2419,952,116840,13839,391,280014,111278,63879,10199,4720,127095,19674,789,337638,183936,228932,62430,49001,231620,51695,1772,809387,124746,232669,106657,84353,159008,39943,1265,748639,109980,214673,95708,58796,127701,29414,1443,637717
RA21,16102,2781,234,107,13870,2924,21,36036,11114,5049,710,335,11692,2278,39,31223,18425,19596,4458,2034,16734,5546,158,66947,16079,23892,7397,3268,11489,5356,99,67576,18407,26020,7616,3245,14011,5477,89,74855,18353,26041,8456,4040,17526,5102,72,79586,12360,20575,10120,6101,19012,4832,46,73042,5419,8723,4811,3498,13014,3500,24,38993,1413,1696,937,742,5574,1737,9,12106,117662,134367,44737,23365,122922,36749,559,480361,15858,3878,426,167,10711,2707,7,33756,9216,7955,1825,1175,7501,1917,42,29633,9626,22306,10540,11833,10469,4463,111,69353,6191,22724,16273,15971,7071,4607,73,72907,7786,28895,17946,11747,8954,4589,63,79990,8257,27840,19132,12977,12953,4553,62,85786,4912,17359,17021,15410,16720,4602,75,76094,3156,7171,6951,7355,13552,4104,31,42323,1771,2172,1358,1147,9496,2972,16,18935,66776,140310,91471,77788,97426,34525,477,508771,31959,6655,664,270,24580,5634,28,69797,20335,12998,2538,1506,19193,4199,83,60855,28051,41899,15001,13869,27203,10015,264,136298,22269,46617,23665,19242,18562,9958,175,140482,26189,54923,25561,14990,22966,10065,153,154847
RA22,3044,581,48,32,2664,811,5,7183,2131,1070,149,82,2361,615,33,6442,3727,3880,906,392,3822,1324,99,14145,3225,4257,1299,683,2608,1340,42,13451,3837,5002,1441,690,3239,1418,26,15655,4524,5909,1982,1084,4717,1587,11,19810,3073,4748,2389,1619,5209,1541,15,18601,1309,1996,1095,939,3261,1008,0,9605,361,422,211,184,1377,431,4,2983,25234,27852,9529,5701,29246,10072,232,107868,3022,862,97,47,1944,731,0,6702,1596,1547,428,295,1505,593,29,5993,1881,4106,1999,2504,2636,1230,65,14418,1094,4014,3095,3059,1644,1240,21,14172,1501,5658,3619,2524,2022,1269,15,16603,1779,6033,4375,3155,3135,1385,30,19884,1020,3525,3798,3896,3880,1341,9,17471,687,1558,1548,1898,3213,1102,10,10009,399,517,346,303,2294,732,0,4595,12971,27819,19312,17687,22275,9617,176,109850,6059,1440,145,78,4609,1538,5,13888,3727,2616,579,380,3861,1210,53,12433,5603,7983,2903,2896,6454,2557,169,28564,4315,8270,4397,3745,4253,2577,68,27623,5335,10653,5063,3218,5260,2688,39,32258
RA23,33,7,0,0,17,8,0,69,17,17,4,0,16,4,0,54,37,44,10,0,19,13,0,131,51,54,11,9,32,17,0,175,41,48,16,10,41,13,0,174,70,84,49,35,71,32,0,338,59,87,30,22,82,33,0,316,20,20,17,17,59,20,0,153,3,5,0,5,24,8,0,57,333,383,139,109,364,146,0,1474,21,16,0,0,9,9,0,52,3,11,3,3,8,4,0,28,12,43,19,29,11,6,0,121,10,36,38,53,14,15,0,175,13,59,32,30,17,15,0,172,25,78,80,71,44,24,0,321,14,39,55,67,50,16,0,242,12,20,24,36,48,18,0,156,7,10,8,3,26,14,0,70,108,317,268,300,232,120,0,1338,45,22,5,0,32,16,0,124,17,31,8,6,25,6,0,84,52,90,30,31,28,17,0,254,60,95,49,66,45,34,0,352,49,114,49,44,62,31,0,344
RA25,0,0,0,0,0,0,0,0,0,0,0,0,0,9,0,4,0,7,0,0,6,19,0,30,8,4,5,0,15,84,0,131,4,10,3,0,27,121,0,163,10,3,0,3,22,100,0,141,0,0,0,0,4,13,0,16,0,0,0,0,0,0,0,0,0,0,0,0,0,0,0,0,29,23,14,3,83,339,0,493,0,0,0,0,0,0,0,0,0,0,0,0,0,0,0,0,0,0,0,0,0,16,0,17,0,0,0,0,3,8,0,14,0,6,0,0,0,13,0,18,4,3,0,0,0,16,0,24,0,0,0,0,0,0,0,0,0,0,0,0,0,0,0,0,0,0,0,0,0,0,0,0,10,7,0,0,9,49,0,72,0,0,0,0,0,0,0,0,0,0,0,0,0,9,0,4,0,3,0,0,8,38,0,52,5,4,5,4,21,96,0,140,8,10,9,0,26,129,0,182
RA30,46875,8700,732,355,42367,5388,135,104550,38970,18432,2284,1048,42969,7264,350,111313,66261,64963,12853,5324,66945,16910,1116,234367,54765,79818,22912,9047,45374,13573,600,226077,52780,76267,20290,7806,40900,10974,512,209522,41530,58950,17454,7546,40170,8278,577,174501,24837,40957,18608,9043,38668,7160,577,139842,11614,18435,9679,5560,27243,5535,227,78287,3058,3506,1755,1222,11473,3033,49,24090,340676,370020,106576,46935,356098,78106,4132,1302548,46693,11894,1380,538,34584,5149,143,100393,35865,29248,5862,3280,31225,6717,318,112509,45319,78563,30211,29353,48063,15282,829,247620,26571,78059,49375,43770,31370,12247,456,241851,27798,82931,45750,28660,29790,9724,448,225103,23854,64426,37581,23346,33377,8002,738,191326,13148,38447,33368,25474,38306,7399,641,156786,8294,17020,14520,12341,30501,7103,215,90001,4037,4713,2430,1829,19634,6076,55,38772,231584,405309,220476,168584,296857,77697,3842,1404353,93563,20598,2113,896,76949,10544,282,204945,74836,47680,8145,4321,74194,13978,664,223817,111580,143525,43063,34676,115005,32192,1945,481984,81329,157877,72289,52813,76747,25817,1052,467925,80576,159199,66039,36459,70689,20697,963,434623
RA31,13292,2714,271,129,12097,2485,20,31013,8536,4453,711,318,9446,2501,64,26037,13528,14590,3512,1669,14572,5855,262,53984,12695,17638,5336,2630,10795,5081,143,54320,14335,19682,5695,2723,12907,4940,78,60364,14217,20049,7008,3876,16228,4410,79,65870,9489,16241,8755,6021,17937,4079,88,62614,4436,7083,4347,3424,11827,2851,44,34016,1145,1202,700,591,4291,1145,10,9085,91675,103659,36330,21397,110103,33350,792,397297,12965,3676,468,212,9794,2075,17,29205,6755,6642,1778,1283,6658,1853,71,25042,7608,16747,8340,9931,9454,4046,201,56338,5487,19105,12347,11688,6712,3881,77,59304,7439,23682,12779,8857,8729,3951,75,65500,7461,21951,14609,11025,12075,3902,104,71128,4385,13535,13481,13384,15044,3877,94,63796,2938,5804,5464,6104,11939,3226,46,35524,1343,1530,879,826,6865,1896,7,13346,56378,112677,70158,63300,87277,28703,694,419181,26259,6393,733,342,21887,4557,43,60220,15291,11100,2491,1604,16107,4355,130,51077,21134,31332,11856,11605,24024,9904,465,110317,18182,36742,17688,14317,17504,8968,220,113623,21774,43368,18474,11578,21636,8889,149,125862
RA32,8531,1894,184,110,8208,2414,24,21367,6049,3224,459,250,7666,3441,401,21502,11046,11181,2462,1209,12021,7852,1303,47069,9751,13207,3722,1974,8724,6923,416,44723,11019,14215,3886,2014,10071,6692,172,48073,10342,13928,4599,2505,12197,6009,131,49703,6641,10406,5061,3257,12341,4624,121,42448,2675,3776,2237,1825,7120,2430,48,20121,600,639,346,305,2223,732,13,4848,66659,72471,22965,13438,80579,41109,2627,299859,8529,2475,319,140,6762,2184,12,20417,5081,4971,1196,829,5235,2341,201,19847,6899,13002,5680,6377,8244,5430,567,46207,4715,14361,8555,7911,5536,4377,150,45606,5698,16433,8694,5699,6598,4310,88,47519,5442,14839,9054,6486,8539,4212,112,48679,3081,8482,7395,7290,9376,3608,107,39340,1555,3202,2814,3205,6344,2204,32,19346,654,802,481,374,3373,1112,8,6806,41653,78564,44190,38314,60005,29766,1280,293768,17054,4369,506,249,14972,4597,40,41786,11129,8200,1651,1078,12901,5787,608,41353,17941,24179,8145,7587,20267,13282,1872,93280,14471,27568,12280,9884,14261,11297,562,90326,16715,30652,12580,7709,16667,10997,261,95592
RA33,742,195,21,15,730,361,0,2072,653,369,63,36,854,535,41,2541,1465,1415,302,145,1724,1554,145,6762,1218,1532,396,230,1238,1492,46,6141,1363,1490,399,242,1547,1746,12,6806,1454,1621,473,308,1894,1540,22,7321,894,1141,501,324,1743,913,14,5532,273,333,213,164,775,311,3,2073,46,48,14,24,163,74,0,380,8117,8145,2380,1498,10667,8532,292,39626,602,262,61,30,518,265,0,1738,599,569,136,127,549,384,26,2392,839,1452,656,892,1011,863,117,5827,503,1323,794,855,570,657,21,4714,585,1511,801,627,713,702,8,4947,606,1461,970,764,1000,825,12,5639,371,837,709,755,1021,590,9,4284,133,268,201,294,511,248,3,1645,41,61,37,24,218,74,3,448,4275,7735,4364,4370,6095,4604,208,31637,1345,455,82,47,1247,630,8,3809,1249,933,207,163,1398,915,67,4928,2308,2871,953,1042,2731,2423,260,12582,1718,2850,1193,1089,1801,2141,63,10857,1951,3001,1200,867,2255,2449,23,11753
RA34,561,152,40,34,616,270,4,1676,604,274,58,47,725,383,32,2123,1158,963,215,144,1389,1038,74,4986,907,993,278,193,950,879,39,4245,1013,977,291,198,1260,998,11,4742,1079,1180,316,219,1537,971,4,5307,812,978,381,223,1570,708,10,4678,225,250,109,98,639,276,6,1608,38,28,9,7,130,38,0,263,6398,5801,1699,1168,8814,5569,172,29631,454,227,40,27,495,231,0,1470,502,493,107,104,536,298,11,2056,809,1128,410,546,837,603,38,4383,526,1061,499,534,518,471,13,3619,634,1083,485,392,689,524,7,3817,726,1270,616,500,1029,703,3,4837,397,751,509,499,1065,523,4,3750,130,182,118,142,461,186,4,1216,33,51,22,22,171,57,0,355,4209,6245,2813,2762,5797,3586,87,25500,1020,383,75,62,1106,497,4,3151,1102,772,168,154,1262,682,44,4178,1965,2088,624,696,2226,1645,119,9369,1435,2055,778,720,1466,1353,47,7862,1646,2062,782,596,1948,1517,16,8559
RA35,0,0,0,0,3,0,0,8,3,0,0,0,3,5,0,8,6,3,0,0,14,40,6,69,3,8,0,0,21,74,6,107,7,8,3,0,14,45,0,77,0,3,0,0,9,16,0,26,0,3,0,0,3,6,4,23,0,0,0,0,0,0,0,0,0,0,0,0,0,0,0,0,22,20,3,0,70,187,17,317,0,0,0,0,3,4,0,6,0,0,0,0,0,4,5,9,0,0,0,4,8,12,7,35,0,0,0,0,0,3,0,7,0,0,0,0,0,0,0,3,0,4,0,0,0,0,0,5,0,0,0,0,0,0,0,0,0,0,0,0,0,0,0,0,0,0,0,0,0,0,0,0,0,3,0,3,11,29,10,65,0,0,0,0,6,10,0,11,4,0,0,0,4,8,5,18,3,0,0,4,21,57,15,102,3,8,0,0,23,77,6,114,7,4,3,0,14,45,0,79
RA40,17308,2736,237,100,16964,1637,55,39036,16460,7181,879,396,18122,1964,82,45071,27514,26310,5099,1984,27794,4646,232,93576,21590,31256,8639,3443,18552,3991,159,87629,21094,29781,7781,2823,17105,3412,161,82153,18820,26267,7362,2966,18247,2793,156,76608,11435,19237,8172,3902,17140,2317,179,62387,5477,8732,4587,2441,12120,1740,62,35165,1712,2097,1056,739,6741,1077,18,13447,141400,153609,43813,18786,152778,23573,1103,535065,17256,3992,439,167,13621,1476,48,36992,15137,10592,2017,1101,12623,1751,63,43283,17925,30329,11788,11485,19146,4022,194,94888,9675,29887,19420,16756,11934,3396,148,91224,10146,32045,18229,10654,11342,2833,143,85384,9730,29289,16952,10074,14248,2571,256,83109,5624,18203,16212,11832,16499,2534,258,71158,3890,8552,7584,6415,14420,2573,75,43517,2359,3010,1640,1226,11969,1932,26,22165,91730,165897,94283,69702,125809,23091,1196,571722,34561,6730,671,262,30587,3116,101,76034,31595,17776,2889,1496,30743,3715,140,88353,45438,56639,16891,13466,46943,8668,429,188460,31261,61148,28053,20200,30491,7390,306,178851,31236,61832,26009,13475,28452,6241,296,167535
RA41,2361,399,46,7,1684,358,0,4857,1656,657,91,31,1309,284,8,4029,2355,2400,596,252,1665,618,19,7907,2106,3222,1049,450,1295,634,13,8769,2704,4005,1244,545,1775,668,13,10954,3037,4342,1518,729,2488,670,7,12796,2060,3659,1927,1193,2868,634,11,12356,941,1679,1062,729,2072,463,4,6954,252,323,167,150,902,180,5,1982,17457,20702,7709,4096,16061,4508,70,70594,2412,551,68,31,1315,348,0,4721,1418,1005,218,145,773,183,5,3747,1142,2662,1395,1593,941,414,11,8158,817,3181,2236,2062,684,411,6,9404,1189,4412,2682,1670,1026,584,11,11567,1381,4658,3134,1986,1648,558,12,13373,847,2892,3184,2821,2379,646,5,12769,520,1224,1320,1374,2170,487,9,7095,263,366,224,183,1496,277,5,2817,9980,20944,14455,11863,12424,3910,68,73647,4769,952,113,34,2994,708,3,9575,3070,1662,303,181,2081,468,13,7774,3496,5064,1993,1845,2603,1033,35,16062,2924,6405,3284,2512,1979,1042,19,18170,3894,8413,3929,2212,2796,1256,18,22521
RA42,2412,474,42,7,2212,522,10,5677,1690,951,146,69,1811,516,88,5268,2927,3208,762,365,2814,1314,400,11784,2463,3428,1068,511,2064,1313,177,11020,3113,4134,1199,520,2654,1265,46,12939,3533,4486,1431,764,3823,1253,17,15300,2280,3569,1857,1166,4056,1078,19,14024,930,1451,831,694,2604,735,4,7243,234,311,193,148,1053,282,0,2219,19574,21999,7522,4246,23089,8278,753,85470,2196,666,87,34,1558,430,5,4970,1137,1340,357,248,1102,302,5,4496,1396,3306,1711,2001,1598,756,45,10817,853,3389,2304,2311,1180,760,24,10827,1311,4551,2689,1691,1632,828,14,12716,1348,4640,3223,2156,2457,953,19,14803,756,2693,2914,2776,3152,956,18,13260,550,1219,1161,1378,2838,814,7,7963,283,406,274,213,1723,444,0,3336,9832,22215,14720,12805,17252,6236,140,83198,4605,1143,128,42,3771,951,13,10643,2827,2289,502,312,2918,818,96,9764,4326,6508,2475,2374,4413,2061,443,22602,3316,6818,3370,2823,3252,2066,200,21846,4420,8680,3891,2211,4287,2099,62,25655
RA43,511,107,10,8,359,120,0,1117,353,194,29,11,397,141,5,1129,754,875,195,94,872,509,6,3304,727,967,291,141,568,464,3,3163,805,980,264,123,686,485,6,3340,796,1137,349,190,883,429,6,3791,543,796,393,288,747,269,11,3038,213,341,183,163,501,160,0,1552,50,61,49,27,202,56,5,439,4755,5440,1756,1042,5217,2625,38,20878,431,129,20,9,290,108,0,985,241,305,71,47,226,96,3,983,316,828,450,529,337,239,0,2698,208,803,577,554,215,209,5,2563,299,1043,582,367,263,249,3,2806,285,1036,761,462,456,227,6,3236,156,611,628,584,577,226,3,2773,98,231,260,298,419,134,4,1434,60,84,42,49,305,76,0,614,2085,5068,3384,2895,3086,1564,25,18102,941,237,31,24,653,226,0,2108,587,500,99,60,630,239,7,2115,1071,1701,649,628,1213,748,11,6012,939,1764,861,692,786,677,7,5729,1107,2015,847,491,953,733,7,6148
RA44,139,57,7,8,130,78,0,421,142,94,22,9,153,103,0,517,302,295,97,50,382,286,3,1413,232,354,118,44,313,260,3,1327,308,314,100,55,347,331,0,1454,331,422,131,54,440,298,7,1676,235,287,128,71,371,169,0,1265,65,92,44,36,170,86,0,486,11,20,0,3,45,30,0,107,1762,1923,647,335,2340,1637,16,8663,123,52,11,5,69,80,0,347,99,135,28,23,70,51,5,407,142,304,167,142,161,175,9,1096,91,250,187,149,93,102,0,876,130,324,192,102,127,134,0,1005,142,350,217,125,208,157,5,1210,82,197,170,174,229,141,0,991,20,51,53,53,111,58,0,344,10,13,12,5,60,33,0,128,842,1679,1033,783,1128,928,20,6406,263,112,17,12,195,156,0,763,239,226,53,39,219,146,5,925,439,599,260,194,544,456,11,2512,326,602,306,195,408,364,3,2203,443,638,291,154,475,460,0,2462
RA45,0,0,0,0,0,0,0,0,0,0,0,0,0,0,0,0,0,0,0,0,0,0,0,0,6,0,0,0,10,4,5,19,0,0,0,0,7,7,0,15,0,0,0,0,5,0,0,0,0,0,0,0,0,0,0,0,0,0,0,0,0,0,0,0,0,0,0,0,0,0,0,0,3,3,0,0,19,8,7,40,0,0,0,0,0,0,0,0,0,0,0,0,0,0,0,0,0,0,0,0,0,0,0,0,0,0,0,0,0,0,0,0,0,0,0,0,0,0,0,0,0,0,0,0,0,0,0,0,0,0,0,0,0,0,0,0,0,0,0,0,0,0,0,0,0,0,0,0,0,0,0,0,0,0,0,0,0,0,0,0,0,0,0,0,0,0,0,0,0,0,0,0,0,0,0,0,0,0,0,0,0,0,0,0,6,0,0,0,10,4,5,19,0,0,0,0,7,7,0,15
RA50,27819,4671,369,204,26281,2811,63,62219,22973,9655,1160,495,26639,3669,195,64786,41535,36990,6338,2769,43323,8959,574,140487,37198,47582,11834,5087,33018,7871,402,142989,33949,43233,10141,4205,28924,6135,376,126960,27844,35763,9040,4043,27853,4697,408,109652,16007,25833,10493,5211,24746,3684,343,86323,7062,11176,5513,3342,16185,3112,123,46512,2035,2527,1174,846,7047,1991,28,15655,216415,217437,56067,26206,234010,42927,2510,795570,27632,6598,686,301,21581,2659,71,59523,22445,14945,2780,1708,18672,3136,189,63867,28743,45874,17551,20295,30502,7803,486,151252,16466,46586,29621,30780,22134,6613,247,152450,15640,48514,27530,18913,19332,5150,265,135335,13731,39840,23347,16010,21363,4085,517,118888,7592,23088,20095,17010,23488,3955,450,95676,4658,10227,8745,8268,17743,4112,140,53892,2662,3377,1854,1369,12047,3578,50,24925,139561,239051,132196,114646,186865,41084,2408,855812,55449,11267,1055,507,47864,5475,134,121742,45417,24598,3936,2203,45308,6813,383,128653,70274,82864,23892,23062,73829,16761,1062,291735,53668,94171,41455,35866,55149,14481,648,295438,49592,91747,37666,23115,48257,11286,637,262294
RA51,3078,542,51,21,2687,522,4,6918,1813,912,149,48,1944,743,76,5683,3261,2990,644,328,2993,2000,91,12309,3220,4410,1194,589,2489,1863,52,13818,3653,4944,1345,621,2767,1560,26,14927,3445,4727,1490,787,3293,1191,19,14955,2233,3692,1858,1183,3274,896,14,13143,931,1459,886,645,2015,558,10,6505,219,283,147,133,735,256,0,1771,21860,23959,7769,4364,22205,9589,285,90027,3077,801,97,30,2029,472,9,6510,1361,1233,330,242,1217,353,13,4751,1712,3552,1755,2528,1875,832,62,12316,1267,4542,3151,3546,1420,842,24,14798,1720,5906,3294,2377,1758,888,18,15950,1555,5135,3476,2639,2229,855,25,15903,864,2881,2980,2919,2740,782,15,13175,526,1187,1171,1256,2007,612,8,6772,300,375,221,196,1179,405,5,2675,12374,25604,16477,15731,16450,6039,173,92852,6161,1346,148,57,4710,993,15,13422,3174,2141,477,285,3169,1097,88,10434,4976,6538,2401,2860,4872,2824,150,24621,4486,8954,4346,4141,3914,2706,76,28619,5368,10854,4640,2996,4524,2445,40,30873
RA52,2217,464,59,33,2115,592,4,5490,1452,773,129,55,1682,587,39,4710,2803,2765,583,288,2762,1558,97,10852,2728,3248,918,454,2073,1567,41,11043,3034,3774,953,414,2515,1470,15,12179,3082,3980,1166,632,3134,1383,19,13394,1929,2923,1312,936,2914,1079,17,11114,810,1181,606,522,1819,615,13,5554,209,249,150,121,680,238,3,1657,18264,19358,5875,3454,19696,9095,253,75992,2114,668,73,40,1591,536,4,5021,981,1207,285,256,1020,446,14,4211,1410,2952,1458,2089,1535,1053,47,10543,969,3344,2321,2331,1174,1121,16,11277,1230,4296,2422,1634,1463,1056,16,12133,1250,4074,2669,1906,2062,1053,18,13031,703,2207,2128,2302,2214,948,20,10520,427,894,907,1089,1683,639,6,5648,232,282,194,176,1018,338,0,2247,9314,19926,12457,11821,13765,7194,149,74624,4329,1136,132,70,3708,1128,8,10509,2436,1976,409,307,2696,1039,55,8928,4213,5720,2036,2375,4293,2606,145,21390,3697,6592,3239,2784,3250,2690,59,22315,4268,8076,3379,2053,3980,2533,27,24313
RA53,780,207,19,17,925,393,0,2345,710,397,66,32,801,544,23,2567,1971,1748,315,154,1946,1777,85,7997,2012,2360,578,266,1626,1919,35,8801,1789,2019,443,233,1779,1786,21,8077,1705,1770,438,220,1918,1551,32,7635,958,1176,430,293,1567,804,18,5235,326,416,198,125,626,332,4,2027,61,64,32,19,157,72,0,398,10297,10159,2525,1354,11338,9189,219,45077,743,256,42,18,601,348,0,2014,492,607,138,100,524,401,22,2288,1087,2029,843,1132,1142,1217,72,7520,603,2080,1266,1337,757,1028,12,7080,688,1977,1074,631,762,911,10,6044,645,1792,965,773,989,888,14,6056,339,959,816,736,1005,633,18,4507,161,303,248,279,462,274,0,1723,42,77,25,43,195,91,0,472,4794,10084,5403,5042,6440,5784,149,37710,1522,465,62,35,1521,741,6,4357,1200,1003,203,123,1324,949,47,4852,3059,3783,1153,1287,3085,2997,156,15517,2617,4446,1845,1601,2379,2946,45,15879,2477,3998,1511,867,2539,2693,30,14121
RA54,530,209,46,18,536,372,0,1707,680,429,120,50,1148,1104,65,3595,2170,2123,498,298,3739,4472,181,13476,1951,2351,699,394,3209,4380,97,13093,1774,2181,566,326,3439,4173,66,12527,1672,1876,513,276,3186,2924,42,10491,1082,1386,471,316,1997,1032,22,6303,262,335,153,131,591,248,0,1720,22,25,12,12,87,26,0,193,10140,10913,3078,1821,17933,18740,478,63107,474,258,76,27,391,314,6,1539,601,527,167,111,678,626,70,2774,1293,1677,687,681,1453,1635,154,7569,754,1471,789,739,805,1121,19,5699,727,1443,699,411,1028,1148,12,5473,875,1721,800,507,1396,1029,23,6352,524,1084,729,583,1205,588,16,4722,118,228,161,156,372,196,0,1231,28,20,11,10,76,37,4,185,5389,8427,4115,3232,7404,6685,301,35550,1003,463,123,46,930,684,6,3249,1282,956,283,167,1824,1728,142,6373,3458,3794,1186,978,5194,6104,332,21048,2709,3819,1494,1134,4015,5497,119,18791,2505,3622,1268,740,4470,5323,77,18000
RA55,0,0,0,0,8,7,0,14,7,0,0,0,41,28,0,81,25,32,5,4,172,193,24,459,56,63,22,24,332,413,37,945,43,41,16,14,342,376,53,896,34,30,9,6,178,195,24,473,7,15,0,0,51,35,0,119,0,0,0,0,3,0,0,15,0,0,0,0,0,0,0,0,181,178,61,46,1129,1255,143,3002,0,0,0,0,3,3,0,8,6,0,0,0,17,15,0,37,10,5,3,5,36,28,3,94,3,6,3,0,18,20,7,55,5,9,0,0,25,23,0,57,10,15,3,7,23,29,3,86,4,12,5,7,12,14,0,61,0,3,0,0,4,5,0,17,0,0,0,0,0,0,4,3,41,56,17,19,140,122,16,405,0,0,0,0,7,10,0,19,13,0,0,3,61,43,0,121,35,35,8,7,209,224,33,549,58,72,27,21,349,429,37,999,46,48,19,14,364,394,61,951
RA61,4477,684,61,30,4092,531,5,9872,3807,1829,241,98,4137,636,105,10858,7595,7368,1455,655,8464,1667,175,27378,5366,7465,2092,850,4119,1147,60,21089,5132,7439,1897,693,3849,972,22,20008,4722,6680,1950,847,4552,844,24,19621,2866,4959,2275,1131,4550,807,25,16618,1336,2219,1085,769,3259,612,8,9300,378,507,236,167,1466,299,5,3054,35673,39162,11287,5228,38484,7516,438,137797,4381,986,110,66,3322,475,5,9357,3510,2711,559,352,2816,555,16,10516,4933,8329,3367,3063,5934,1286,79,26990,2689,7683,4670,3771,2616,944,20,22393,2658,8608,4601,2412,2790,799,31,21905,2556,7782,4253,2429,3750,776,46,21593,1447,4703,4227,3162,4456,896,26,18921,881,2194,1812,1718,4037,831,16,11487,537,712,377,304,2662,519,9,5116,23594,43708,23970,17279,32388,7080,253,148267,8855,1673,171,98,7416,1007,13,19223,7318,4536,798,454,6956,1190,117,21373,12520,15695,4824,3715,14400,2953,257,54369,8052,15144,6760,4622,6736,2088,80,43486,7791,16052,6501,3100,6638,1776,54,41910
RA62,2205,433,46,19,2228,481,3,5411,1645,847,120,62,1778,303,19,4779,2931,2950,722,368,2692,714,50,10423,2419,3409,1163,537,1842,673,37,10073,2954,4136,1210,646,2596,776,15,12329,3293,4659,1635,928,3694,906,8,15127,2077,3705,1963,1356,3920,935,11,13967,855,1471,900,793,2443,611,3,7075,202,281,134,127,849,264,5,1853,18575,21892,7882,4831,22042,5653,154,81042,2236,587,91,26,1674,399,0,5014,1248,1227,289,276,1208,268,9,4537,1401,3323,1808,1955,1604,662,32,10784,939,3569,2505,2313,1081,655,14,11070,1388,4768,2819,1889,1676,670,5,13223,1484,4922,3467,2533,2605,796,12,15825,834,2863,3023,2844,3207,822,11,13601,484,1129,1089,1290,2542,707,11,7242,264,314,190,158,1385,343,3,2657,10277,22708,15287,13280,16989,5311,103,83958,4436,1024,136,45,3902,875,3,10429,2899,2077,412,340,2989,572,22,9310,4332,6270,2526,2320,4298,1374,84,21204,3351,6976,3666,2845,2918,1323,53,21145,4345,8904,4031,2532,4280,1444,25,25554
RA63,53,8,0,0,62,26,0,150,56,32,6,0,76,34,5,207,155,142,35,25,173,73,14,620,123,160,42,29,113,68,5,537,143,206,57,37,153,64,0,648,178,217,92,56,239,83,0,877,113,203,99,85,214,62,0,775,32,57,40,37,105,46,0,317,5,5,10,10,35,14,0,71,865,1025,381,282,1159,466,27,4216,31,27,3,7,39,13,0,121,28,46,11,11,47,24,0,169,82,148,74,81,109,81,5,585,47,114,90,99,54,50,4,454,53,157,90,94,84,50,0,521,66,244,165,102,147,75,0,799,49,133,129,129,141,57,0,628,25,29,38,49,92,27,0,261,3,6,10,5,47,15,0,83,383,898,603,573,750,388,19,3613,88,34,3,4,94,42,0,268,88,77,20,15,121,53,4,373,234,291,109,105,286,158,22,1207,170,272,134,129,164,112,8,993,191,360,143,127,235,111,0,1175
RA64,19,0,0,0,15,0,0,42,11,7,0,0,9,3,0,33,44,29,6,3,42,16,0,142,40,53,13,7,29,14,0,155,42,52,15,5,29,14,0,156,59,46,23,9,52,14,0,193,54,56,40,15,49,21,0,232,14,30,22,15,30,17,0,119,3,0,4,0,9,0,0,21,271,278,123,56,261,106,6,1099,15,4,3,0,3,0,0,22,4,10,3,5,3,0,0,36,25,38,12,17,24,11,0,122,11,38,37,31,10,22,0,149,14,56,27,17,18,9,0,134,16,70,41,26,32,14,0,195,11,52,52,40,27,13,0,192,7,11,17,24,27,13,0,99,6,9,0,4,19,3,0,34,110,278,195,158,156,85,5,982,33,6,0,0,15,5,0,66,15,25,9,0,11,3,0,72,61,69,19,16,67,27,0,265,48,92,57,34,37,36,0,306,53,100,43,22,41,30,0,293
RA65,0,0,0,0,3,0,0,0,0,0,0,0,8,0,0,9,5,10,0,0,18,25,3,58,7,3,4,5,27,24,3,67,7,10,0,0,29,22,0,71,10,7,8,0,20,20,0,63,3,7,0,0,9,0,0,25,0,0,0,0,0,0,0,4,0,0,0,0,0,0,0,0,26,33,10,3,112,102,8,296,0,0,0,0,0,0,0,4,0,0,0,0,0,0,0,6,0,4,0,0,3,0,0,13,0,3,0,0,4,3,0,16,5,0,0,0,3,4,0,18,0,9,0,6,0,3,0,11,0,4,0,0,0,0,0,9,0,0,0,0,0,0,0,0,0,0,0,0,0,0,0,0,11,21,8,5,15,13,0,75,0,0,0,0,3,0,0,5,3,0,0,0,9,0,0,15,4,9,0,0,21,25,3,69,9,4,3,5,31,30,4,78,6,11,0,0,36,31,0,90
RA72,1584,397,41,15,1492,439,89,4057,1408,810,118,46,1952,795,1098,6224,3218,3191,655,294,4076,1940,510,13877,2499,3447,990,465,2469,1551,158,11580,2236,3085,811,368,2127,1381,68,10083,1920,2517,708,371,2168,1157,72,8915,1205,1629,645,340,1954,848,37,6668,366,497,211,124,810,275,13,2294,42,61,20,23,203,57,0,399,14470,15636,4213,2045,17256,8437,2046,64106,1580,515,72,27,1248,409,12,3867,1145,1047,244,140,1360,519,126,4577,2615,3895,1488,1440,3091,1602,177,14305,1459,3695,2004,1736,1811,1296,46,12046,1385,3465,1586,874,1460,1118,23,9906,1151,2762,1381,804,1589,989,78,8744,639,1541,1015,725,1437,694,43,6102,215,423,300,235,687,258,8,2136,72,64,29,15,235,79,8,504,10259,17406,8117,6005,12916,6968,509,62191,3163,913,113,49,2745,845,99,7921,2553,1855,361,185,3318,1309,1221,10795,5832,7084,2139,1736,7170,3540,688,28189,3950,7139,3001,2205,4285,2851,198,23627,3624,6548,2403,1243,3589,2499,87,19990
RA73,519,148,31,23,526,215,0,1465,440,210,62,22,518,276,12,1541,1148,1017,236,119,1286,784,58,4656,870,1033,291,180,953,678,12,4020,827,874,253,132,790,607,11,3490,818,935,258,115,1048,607,14,3804,515,691,255,148,892,491,13,3007,119,149,57,41,288,143,5,804,15,10,4,3,59,16,0,99,5274,5065,1447,795,6365,3827,121,22889,498,177,55,24,414,203,4,1375,402,349,106,83,386,185,8,1516,1123,1292,476,466,1065,610,52,5085,606,1043,617,513,672,516,9,3973,621,1096,479,280,707,530,8,3709,640,1156,488,283,837,613,16,4033,311,622,362,254,655,434,6,2650,69,132,79,71,205,97,8,655,26,18,8,6,89,28,0,166,4286,5883,2676,1983,5022,3210,113,23176,1017,324,85,51,941,423,4,2839,843,558,164,107,904,463,22,3056,2272,2308,716,591,2353,1390,113,9736,1477,2079,905,694,1622,1199,19,7998,1441,1969,734,410,1500,1132,16,7196
RA74,630,409,140,75,479,233,6,1971,602,454,173,99,484,328,69,2213,1088,1100,376,208,944,885,70,4669,810,940,400,186,700,719,31,3787,690,769,296,158,703,677,13,3301,605,673,218,112,703,587,12,2908,353,456,173,93,620,346,8,2048,71,66,33,25,194,77,0,468,10,10,3,0,19,3,0,47,4853,4874,1805,955,4847,3858,227,21416,548,429,169,79,357,199,3,1782,578,487,262,160,347,213,11,2065,919,1276,654,427,604,553,48,4479,648,967,601,393,411,352,6,3381,585,861,463,271,422,335,4,2936,490,806,394,222,545,338,18,2812,265,413,254,137,458,227,6,1760,49,46,31,25,128,45,0,332,12,3,3,0,18,4,0,44,4096,5301,2836,1705,3280,2269,100,19589,1181,834,309,157,834,436,7,3758,1181,947,437,258,834,546,81,4278,2006,2370,1035,633,1549,1440,123,9151,1455,1911,997,583,1108,1073,45,7166,1275,1629,760,423,1119,1016,19,6233
RA75,0,0,0,0,0,0,0,10,0,3,0,3,10,5,0,17,0,5,3,0,25,18,0,54,0,10,8,0,53,41,0,106,3,8,0,3,53,43,0,117,4,8,7,0,50,33,0,96,0,0,0,0,13,7,0,22,0,0,0,0,4,0,0,4,0,0,0,0,0,0,0,0,21,32,9,8,210,141,12,429,0,0,0,0,0,0,0,0,4,3,0,0,3,0,0,15,0,0,0,0,3,5,7,16,0,0,0,0,0,0,0,3,0,0,0,0,0,0,0,7,0,0,0,0,3,0,0,12,0,3,0,0,12,5,0,21,0,0,0,0,0,0,0,5,0,0,0,0,0,0,0,0,4,10,0,5,31,17,7,67,0,0,0,0,0,0,0,11,3,4,0,3,10,3,0,27,0,9,3,0,29,16,9,65,4,10,8,0,50,43,0,112,3,12,0,4,57,43,0,124
RA80,6699,1239,82,32,4681,685,19,13435,6616,3368,325,146,5618,1132,50,17260,11404,11915,2077,761,10177,2256,88,38687,7947,13465,3903,1291,5982,1595,100,34286,7018,11384,3050,925,4299,1099,72,27852,5193,8504,2479,901,3630,820,60,21577,3005,6023,2379,921,3212,633,65,16238,1519,2594,1204,603,2183,478,22,8610,462,541,274,153,1159,273,5,2861,49867,59034,15784,5730,40942,8966,493,180815,6646,1661,141,53,3851,658,20,13036,6461,4875,693,279,3950,1006,43,17301,8017,13927,4449,3397,7314,1807,88,39008,4284,12815,7432,5118,3998,1226,75,34952,3730,11900,6149,2726,2788,890,63,28250,3069,9025,4963,2405,3007,675,122,23262,1728,5539,4555,2860,3239,725,87,18733,979,2521,2062,1590,2683,604,21,10465,555,772,409,282,1837,483,3,4340,35468,63039,30854,18712,32672,8082,520,189354,13346,2899,221,89,8536,1345,45,26476,13075,8244,1022,419,9568,2137,92,34559,19427,25849,6527,4158,17494,4071,177,77703,12230,26285,11330,6408,9982,2816,177,69237,10748,23281,9201,3651,7091,1988,139,56102
RA81,6,4,0,0,4,3,0,26,5,4,0,0,3,0,0,22,24,14,0,0,5,3,0,48,12,24,10,0,3,5,0,52,11,22,7,5,5,0,0,45,15,12,3,0,7,3,0,40,7,6,3,7,8,10,0,34,0,3,0,0,0,0,0,4,0,0,0,0,0,0,0,3,79,90,31,12,46,28,0,271,5,6,0,0,7,5,0,19,9,11,0,0,0,0,0,20,19,22,9,0,4,3,0,53,8,16,21,10,3,3,0,50,5,16,8,0,3,5,0,41,7,20,10,4,0,4,0,49,4,3,3,6,0,4,0,22,0,0,0,0,0,0,0,7,0,0,0,0,0,0,0,5,63,94,54,25,21,18,0,273,21,10,0,0,15,3,0,44,19,7,0,0,7,4,0,38,39,33,12,0,13,4,0,102,14,37,28,9,8,3,0,104,18,38,15,5,11,5,0,89
RA85,0,0,0,0,0,0,0,0,0,0,0,0,0,0,0,0,0,0,0,0,0,0,0,0,0,0,0,0,0,0,0,0,0,0,0,0,0,0,0,0,0,0,0,0,0,0,0,0,0,0,0,0,0,0,0,0,0,0,0,0,0,0,0,0,0,0,0,0,0,0,0,0,0,0,0,0,0,0,0,0,0,0,0,0,0,0,0,0,0,0,0,0,0,0,0,0,0,0,0,0,0,0,0,0,0,0,0,0,0,0,0,0,0,0,0,0,0,0,0,0,0,0,0,0,0,0,0,0,0,0,0,0,0,0,0,0,0,0,0,0,0,0,0,0,0,0,0,0,0,0,0,0,0,0,0,0,0,0,0,0,0,0,0,0,0,0,0,0,0,0,0,0,0,0,0,0,0,0,0,0,0,0,0,0,0,0,0,0,0,0,0,0,0,0,0,0,0,0,0,0
RA91,7,0,0,0,19,0,0,31,3,3,0,0,18,0,5,35,5,13,0,4,31,10,0,60,6,8,0,4,0,7,0,26,3,9,0,4,6,6,0,25,3,5,0,0,0,5,0,19,0,4,0,3,3,4,0,16,0,0,0,0,3,3,0,10,0,0,0,0,0,0,0,0,35,32,10,12,92,39,6,226,3,4,0,0,13,3,0,18,3,4,0,0,10,4,4,21,3,8,0,5,14,3,0,40,4,5,0,3,3,7,0,24,4,4,0,7,0,6,0,27,0,5,0,0,3,8,0,15,3,0,0,5,0,4,0,10,0,0,0,0,0,6,0,10,0,0,0,0,0,0,0,0,23,31,12,19,48,37,0,168,7,4,0,0,33,0,0,46,7,4,0,0,31,3,5,60,11,17,0,4,47,12,0,104,6,9,4,8,7,13,0,49,13,10,6,11,4,11,0,56
RA94,29,9,0,0,25,20,0,79,23,14,0,0,22,48,0,114,60,45,13,9,77,186,3,390,63,72,23,9,60,111,0,338,64,94,27,20,63,92,3,364,93,122,45,18,74,79,3,432,39,98,38,31,84,56,0,350,17,27,9,10,45,23,0,139,3,3,7,3,15,3,0,30,394,480,155,104,460,617,13,2240,38,12,6,0,25,13,0,93,23,27,9,5,28,23,0,108,40,66,22,23,46,60,0,249,35,94,62,30,46,59,0,309,40,99,68,31,46,60,0,352,44,136,68,38,62,65,0,426,28,67,44,45,63,43,0,296,7,31,15,22,39,19,0,134,3,5,3,5,9,3,0,31,260,535,291,197,367,339,5,1993,68,20,3,0,49,30,0,177,44,44,10,5,56,65,0,220,98,107,36,32,121,247,3,640,97,161,80,40,105,170,0,649,105,193,97,54,112,153,3,716
RA95,0,0,0,0,0,0,0,0,0,0,0,0,0,0,0,0,0,0,0,0,0,0,0,0,0,0,0,0,0,0,0,0,0,0,0,0,0,0,0,0,0,0,0,0,0,0,0,0,0,0,0,0,0,0,0,0,0,0,0,0,0,0,0,0,0,0,0,0,0,0,0,0,0,0,0,0,0,0,0,0,0,0,0,0,0,0,0,0,0,0,0,0,0,0,0,0,0,0,0,0,0,0,0,0,0,0,0,0,0,0,0,0,0,0,0,0,0,0,0,0,0,0,0,0,0,0,0,0,0,0,0,0,0,0,0,0,0,0,0,0,0,0,0,0,0,0,0,0,0,0,0,0,0,0,0,0,0,0,0,0,0,0,0,0,0,0,0,0,0,0,0,0,0,0,0,0,0,0,0,0,0,0,0,0,0,0,0,0,0,0,0,0,0,0,0,0,0,0,0,0
