POA_CODE_2021,P_Tot_55_64_yr,P_Tot_65_74_yr,P_Tot_75_84_yr,P_Tot_85_yr_over,P_Tot_Tot
POA2000,1734,1009,435,105,23445
POA2007,281,160,53,24,5273
POA2008,385,217,53,13,7512
POA2009,982,779,295,60,8953
POA2010,2106,1218,609,215,20428
POA2011,1735,1204,572,294,16630
POA2015,644,316,86,19,8070
POA2016,969,596,283,81,8997
POA2017,1180,789,350,132,21049
POA2018,1099,642,314,89,11837
POA2019,888,488,202,81,7287
POA2020,980,445,193,48,14768
POA2021,1261,895,536,163,10153
POA2022,993,731,451,149,9027
POA2023,1038,837,377,108,6567
POA2024,982,611,349,290,7204
POA2025,622,601,434,197,4732
POA2026,1952,1263,654,240,22067
POA2027,765,746,527,193,5252
POA2028,384,401,258,76,3149
POA2029,842,705,486,235,6177
POA2030,1493,1046,521,255,8330
POA2031,2572,1725,989,640,22313
POA2032,1007,661,333,128,8593
POA2033,759,487,304,141,7293
POA2034,1587,1012,442,155,13121
POA2035,2866,1818,967,400,19944
POA2036,2679,1733,916,307,18613
POA2037,1374,1032,425,95,11211
POA2038,872,609,221,64,6240
POA2039,745,594,202,26,5472
POA2040,1818,1105,428,181,13661
POA2041,1715,1322,615,147,10113
POA2042,1390,687,184,49,12738
POA2043,611,253,73,15,7065
POA2044,499,271,85,23,4962
POA2045,735,473,152,61,3517
POA2046,2505,1698,730,345,15548
POA2047,1171,857,446,222,7519
POA2048,610,335,160,47,5015
POA2049,909,560,214,93,7986
POA2050,688,461,225,134,7053
POA2060,1359,1083,686,189,11162
POA2061,697,578,352,80,4644
POA2062,607,467,252,48,4483
POA2063,710,500,286,176,3747
POA2064,674,479,212,80,5850
POA2065,2683,2077,1085,440,23322
POA2066,2812,1970,1042,410,21108
POA2067,2000,1488,744,338,16972
POA2068,1723,1086,512,242,9871
POA2069,1512,1074,608,266,8699
POA2070,1450,1011,624,235,8646
POA2071,1464,959,596,302,8170
POA2072,866,578,314,100,5597
POA2073,1923,1235,604,220,10189
POA2074,2423,1736,1363,785,14042
POA2075,2175,1578,1162,419,12591
POA2076,2533,1810,1336,813,15160
POA2077,3295,2353,1175,494,26069
POA2079,808,420,185,39,4383
POA2080,186,109,63,8,977
POA2081,597,319,178,32,3009
POA2082,508,386,173,44,3004
POA2083,269,166,83,11,1044
POA2084,404,293,178,73,2110
POA2085,999,771,670,252,6128
POA2086,1265,832,592,202,7916
POA2087,1242,706,575,259,7099
POA2088,3044,2341,1555,576,17862
POA2089,995,757,427,170,7941
POA2090,1306,1111,564,177,9122
POA2092,756,446,247,79,4056
POA2093,2225,1327,714,256,13510
POA2094,651,385,208,45,3883
POA2095,1494,912,559,202,11111
POA2096,1260,725,323,89,9210
POA2097,1463,907,500,175,8768
POA2099,3394,1970,1099,408,24180
POA2100,1894,1153,615,294,11876
POA2101,1849,1341,853,498,11351
POA2102,671,445,341,232,4540
POA2103,1100,916,582,271,6250
POA2104,429,424,400,155,2238
POA2105,320,237,105,20,1250
POA2106,1235,843,418,96,5783
POA2107,1941,1491,727,268,8885
POA2108,287,277,168,27,1236
POA2110,995,847,536,435,5810
POA2111,1388,914,470,231,9297
POA2112,2943,1851,848,441,22562
POA2113,1913,1188,580,308,18114
POA2114,2079,1333,600,223,15814
POA2115,872,485,224,113,6578
POA2116,575,287,139,38,3775
POA2117,1893,1060,528,230,11742
POA2118,2319,1556,805,260,15437
POA2119,1393,1041,637,242,7505
POA2120,2157,1464,805,216,12348
POA2121,2996,2046,889,338,21042
POA2122,2710,1895,930,383,18653
POA2125,1937,1591,562,141,9676
POA2126,2148,1505,665,350,11345
POA2127,1167,666,181,25,15498
POA2128,175,83,26,4,2577
POA2130,586,358,113,31,4738
POA2131,1668,1069,602,407,14623
POA2132,951,549,318,211,5972
POA2133,888,512,183,65,5472
POA2134,1031,635,308,176,11076
POA2135,1992,1249,685,314,16283
POA2136,640,369,209,77,4239
POA2137,2538,1754,881,262,15965
POA2138,1304,941,432,201,13544
POA2140,804,427,164,47,13207
POA2141,1851,1022,383,156,16638
POA2142,1217,678,254,77,13898
POA2143,572,322,125,41,4168
POA2144,1495,835,413,216,17227
POA2145,4962,3158,1626,785,47320
POA2146,1194,742,365,99,10209
POA2147,2602,1799,796,219,18504
POA2148,3894,2523,1189,492,33476
POA2150,1327,807,287,123,23169
POA2151,1673,1116,595,223,12244
POA2152,788,578,403,160,6243
POA2153,5048,3783,1988,610,35060
POA2154,3843,2866,1534,805,23471
POA2155,4925,2709,1095,314,40405
POA2156,1372,1040,665,210,7216
POA2157,366,258,102,25,2032
POA2158,919,616,396,188,4954
POA2159,561,423,252,86,2865
POA2160,2028,1076,499,194,17255
POA2161,1490,850,438,224,13202
POA2162,1083,638,268,188,7744
POA2163,508,346,150,89,4161
POA2164,1088,754,349,170,7538
POA2165,2009,1298,612,184,14370
POA2166,2074,1222,642,343,16954
POA2167,690,406,219,173,5469
POA2168,2455,1226,507,128,15541
POA2170,6445,3890,1951,817,50130
POA2171,2129,907,269,34,15888
POA2172,321,134,38,8,1568
POA2173,1088,429,133,34,7599
POA2174,413,169,44,4,5909
POA2175,139,70,35,8,778
POA2176,3101,2105,831,288,18642
POA2177,855,515,185,104,5983
POA2178,287,198,65,25,1804
POA2179,562,406,233,149,7531
POA2190,1437,792,336,135,10692
POA2191,462,233,114,50,2937
POA2192,815,432,221,122,6492
POA2193,1387,689,255,66,9899
POA2194,1399,715,363,197,12915
POA2195,1082,563,288,166,12019
POA2196,1715,874,441,158,13913
POA2197,520,351,165,82,3897
POA2198,475,356,294,159,4135
POA2199,977,605,253,112,7750
POA2200,2261,1376,709,366,20283
POA2203,1149,549,197,55,8564
POA2204,1708,937,380,117,15593
POA2205,1010,552,277,121,16086
POA2206,1572,838,479,270,9717
POA2207,2053,1306,676,413,13863
POA2208,888,576,265,97,6034
POA2209,1155,735,318,143,7759
POA2210,2525,1696,1047,573,16638
POA2211,1407,812,435,287,8716
POA2212,1133,700,351,267,8221
POA2213,1822,1031,436,152,11185
POA2214,281,207,119,16,1843
POA2216,1731,1138,538,210,15501
POA2217,2093,1249,832,539,16765
POA2218,1233,696,302,102,8964
POA2219,1243,814,456,184,7235
POA2220,2159,1282,591,333,19187
POA2221,1641,955,476,238,8872
POA2222,1020,627,248,124,6992
POA2223,1929,1323,579,259,11966
POA2224,1218,907,658,268,7525
POA2225,488,368,141,34,2948
POA2226,1165,800,385,166,7272
POA2227,1318,872,461,152,8251
POA2228,1507,1110,739,463,11355
POA2229,2631,1947,1081,611,17000
POA2230,3268,2411,1009,408,18427
POA2231,193,109,57,17,1198
POA2232,2802,1885,1190,462,19829
POA2233,2342,1769,996,402,15588
POA2234,3321,2144,634,176,16183
POA2250,6050,4492,2547,1373,37661
POA2251,3337,2739,1561,580,17930
POA2256,1473,1287,773,274,8348
POA2257,2790,2572,1385,421,15596
POA2258,557,312,125,25,2779
POA2259,4687,3670,2310,834,30820
POA2260,2515,2026,971,211,14206
POA2261,4418,3750,1916,851,27131
POA2262,1485,1035,614,167,9113
POA2263,1806,1582,867,368,11131
POA2264,1380,1265,830,283,7984
POA2265,603,526,383,237,3913
POA2267,329,381,169,27,1609
POA2278,207,152,30,4,1188
POA2280,2446,1959,1068,384,13805
POA2281,1513,1324,622,204,7673
POA2282,1544,1312,699,192,8621
POA2283,2281,2161,1104,364,12410
POA2284,1037,758,448,199,6230
POA2285,2068,1475,769,268,16235
POA2286,285,256,110,23,2158
POA2287,2558,1872,920,397,19812
POA2289,1530,1014,633,222,10812
POA2290,2778,1952,1136,492,18073
POA2291,1446,972,429,195,8400
POA2292,195,119,42,13,1476
POA2293,297,201,59,13,2068
POA2294,159,94,45,10,1142
POA2295,734,725,293,118,4135
POA2296,148,98,29,3,1255
POA2297,159,74,26,5,1044
POA2298,700,496,368,374,5808
POA2299,803,516,248,145,6158
POA2300,1262,902,396,75,7979
POA2302,135,122,89,39,1064
POA2303,923,714,270,117,5567
POA2304,1113,768,352,251,8486
POA2305,1295,959,554,223,7780
POA2306,176,148,57,20,1193
POA2307,240,216,162,52,2206
POA2308,0,0,0,0,496
POA2311,93,71,31,10,423
POA2312,169,117,49,9,696
POA2315,1649,1674,1016,362,8257
POA2316,738,689,371,69,3531
POA2317,652,694,489,133,3370
POA2318,1095,878,420,58,6553
POA2319,700,606,297,68,3211
POA2320,2789,1887,914,286,18342
POA2321,1301,968,410,80,9426
POA2322,1440,878,380,67,10670
POA2323,2058,1473,675,234,12518
POA2324,2220,2021,1098,340,11773
POA2325,2305,1771,768,264,14465
POA2326,530,363,130,23,3167
POA2327,460,373,158,59,3197
POA2328,183,123,48,21,1153
POA2329,161,167,55,23,936
POA2330,1590,925,372,99,10018
POA2331,6,9,0,0,355
POA2333,921,531,221,69,6124
POA2334,150,101,60,3,1430
POA2335,556,340,100,20,3916
POA2336,220,110,52,15,1113
POA2337,606,417,218,85,3820
POA2338,175,147,58,27,763
POA2339,72,47,22,0,340
POA2340,3728,2825,1651,587,24743
POA2341,96,97,41,10,539
POA2342,36,33,9,0,213
POA2343,416,345,174,42,2286
POA2344,66,46,16,5,314
POA2345,55,41,16,3,307
POA2346,239,202,97,28,1318
POA2347,167,133,87,20,760
POA2350,2337,1709,1051,349,14715
POA2352,199,194,74,13,1338
POA2353,106,76,37,20,554
POA2354,334,308,150,30,1716
POA2355,77,63,18,3,304
POA2356,13,3,5,0,44
POA2357,389,387,181,91,2113
POA2358,398,342,125,40,1893
POA2359,69,36,22,3,322
POA2360,1145,913,485,147,6707
POA2361,83,73,41,10,400
POA2365,332,269,155,46,1814
POA2369,59,40,13,0,297
POA2370,706,626,304,100,3734
POA2371,124,128,48,22,559
POA2372,517,527,209,53,2371
POA2379,27,14,4,0,140
POA2380,799,527,303,123,5023
POA2381,100,68,13,11,506
POA2382,99,63,40,19,725
POA2386,18,18,7,0,130
POA2387,13,4,0,0,90
POA2388,213,132,59,14,1054
POA2390,720,444,187,68,3954
POA2395,62,79,24,4,303
POA2396,64,60,33,8,342
POA2397,15,22,11,0,121
POA2398,32,15,10,3,137
POA2399,61,40,16,0,304
POA2400,804,564,261,71,4982
POA2401,25,12,0,0,106
POA2402,135,96,58,19,700
POA2403,54,52,17,4,332
POA2404,162,138,86,22,744
POA2405,38,41,19,0,265
POA2406,49,27,16,7,341
POA2408,26,21,9,0,152
POA2409,89,52,14,0,470
POA2410,20,15,8,0,108
POA2411,17,3,0,0,64
POA2415,46,45,19,0,223
POA2420,424,325,156,40,1959
POA2421,202,166,51,8,1106
POA2422,611,593,276,83,2779
POA2423,392,364,132,37,1653
POA2424,65,43,16,4,265
POA2425,205,146,74,17,980
POA2426,91,59,21,5,380
POA2427,398,543,244,50,1772
POA2428,2591,2849,1637,658,13151
POA2429,1021,845,374,90,4612
POA2430,3411,3222,1707,611,17916
POA2431,665,741,361,128,3095
POA2439,394,483,232,53,2081
POA2440,2155,1704,718,243,11091
POA2441,532,437,104,23,2158
POA2443,976,1090,637,222,4500
POA2444,4595,4368,2537,1110,27230
POA2445,804,736,426,66,3845
POA2446,1327,1104,506,181,7188
POA2447,869,710,298,98,3859
POA2448,1088,1101,587,164,5018
POA2449,272,181,58,7,1027
POA2450,4278,3631,1860,703,24524
POA2452,1271,1119,574,241,7552
POA2453,365,301,129,37,1416
POA2454,976,805,318,96,4534
POA2455,387,405,180,46,1755
POA2456,1552,1522,573,155,8826
POA2460,2702,2106,996,403,15065
POA2462,291,292,82,10,1266
POA2463,870,862,373,118,4138
POA2464,848,962,455,123,4037
POA2465,29,23,15,0,157
POA2466,245,277,144,24,967
POA2469,613,451,147,41,2250
POA2470,1057,962,509,192,6505
POA2471,247,180,73,20,1293
POA2472,196,153,51,13,962
POA2473,344,374,149,61,1736
POA2474,754,629,210,91,3185
POA2475,41,40,14,3,163
POA2476,103,77,36,9,424
POA2477,1353,1131,589,210,6876
POA2478,3064,2999,1431,613,17418
POA2479,693,498,165,70,3395
POA2480,4783,3634,1381,512,24548
POA2481,1419,1184,381,102,8824
POA2482,813,686,208,46,4052
POA2483,1273,987,346,90,6730
POA2484,2266,1749,687,303,10581
POA2485,1328,1378,888,404,8366
POA2486,2709,2398,1564,750,16063
POA2487,1642,1324,562,187,8310
POA2488,392,207,86,36,1901
POA2489,634,600,334,122,4016
POA2490,95,45,14,4,377
POA2500,3387,2470,1365,571,26156
POA2502,722,423,220,78,4832
POA2505,404,221,76,45,2308
POA2506,515,339,138,63,3220
POA2508,914,536,213,77,5125
POA2515,1445,1042,370,118,6963
POA2516,646,376,169,34,3599
POA2517,1141,863,492,236,7324
POA2518,1664,1124,553,250,10178
POA2519,1468,1107,577,188,9227
POA2525,963,777,465,204,6646
POA2526,1445,910,436,242,8602
POA2527,1779,1226,468,229,12439
POA2528,1772,1382,771,266,10463
POA2529,2379,1663,734,301,14445
POA2530,2359,1674,943,270,16207
POA2533,1966,1890,894,323,10156
POA2534,657,591,273,100,3442
POA2535,955,1051,573,218,4787
POA2536,2123,2087,1071,315,10199
POA2537,1732,1634,707,227,7472
POA2538,322,312,113,62,1418
POA2539,2280,2254,1032,270,10843
POA2540,4845,4348,2146,576,25204
POA2541,2105,1706,954,389,13487
POA2545,144,169,52,9,650
POA2546,1286,1504,608,254,5850
POA2548,946,1024,530,185,4895
POA2549,467,408,153,54,2097
POA2550,2082,1593,644,223,8981
POA2551,363,396,168,64,1782
POA2555,3,4,0,0,56
POA2556,164,125,46,7,1049
POA2557,783,403,128,24,9212
POA2558,808,439,101,21,4819
POA2559,103,64,15,3,1085
POA2560,4981,3817,1706,408,36437
POA2563,19,7,5,0,119
POA2564,873,515,221,59,6060
POA2565,1851,1056,364,77,15301
POA2566,1793,1111,348,69,12093
POA2567,2509,1234,434,80,18313
POA2568,95,112,115,93,735
POA2569,135,113,36,8,685
POA2570,3339,2502,1078,448,30162
POA2571,1066,629,206,43,6475
POA2572,376,314,173,113,2684
POA2573,304,258,116,32,2517
POA2574,422,309,158,43,2664
POA2575,1565,1281,695,200,9304
POA2576,1457,1770,1371,568,8509
POA2577,1883,1663,855,217,9566
POA2578,368,499,264,85,1826
POA2579,463,468,228,41,2527
POA2580,2732,2143,1003,371,16009
POA2581,253,176,73,12,1344
POA2582,1270,903,399,125,7228
POA2583,525,408,185,57,2210
POA2584,58,32,16,3,247
POA2585,21,20,5,0,126
POA2586,304,212,106,23,1412
POA2587,247,206,109,17,1293
POA2588,32,30,3,9,147
POA2590,593,588,339,95,3238
POA2594,893,683,332,100,5066
POA2619,897,354,107,22,4982
POA2620,3604,2125,812,216,23889
POA2621,675,395,157,24,3612
POA2622,549,433,216,40,2393
POA2623,43,36,16,0,276
POA2624,254,139,32,6,1158
POA2625,267,154,34,0,1251
POA2626,72,29,14,0,279
POA2627,680,402,133,16,4484
POA2628,267,190,61,18,1278
POA2629,100,53,39,10,493
POA2630,894,592,349,133,4728
POA2631,84,52,14,3,323
POA2632,166,136,65,22,842
POA2633,39,32,13,0,146
POA2640,3299,2351,1157,391,20298
POA2641,1051,889,434,150,7336
POA2642,520,320,115,20,2578
POA2643,223,236,104,42,1331
POA2644,237,185,65,16,1118
POA2645,47,24,3,5,142
POA2646,577,469,276,104,3040
POA2647,179,229,143,28,1186
POA2648,283,223,105,25,1440
POA2649,0,4,0,0,20
POA2650,4538,3174,1544,654,29878
POA2651,112,68,21,8,1622
POA2652,402,294,90,28,2164
POA2653,222,194,90,27,1278
POA2655,121,100,31,8,614
POA2656,135,91,54,17,587
POA2658,124,94,57,17,625
POA2659,90,44,25,3,390
POA2660,125,105,66,19,703
POA2661,0,3,0,0,352
POA2663,384,259,118,35,2762
POA2665,127,157,55,19,817
POA2666,470,371,160,66,2442
POA2668,39,26,10,3,172
POA2669,130,80,31,5,640
POA2671,306,207,122,52,1940
POA2672,95,63,32,6,563
POA2675,120,69,23,13,830
POA2678,0,0,0,0,173
POA2680,1589,954,470,244,11002
POA2681,131,74,36,7,782
POA2700,370,272,147,55,2031
POA2701,185,169,61,31,1102
POA2702,62,53,25,9,331
POA2703,33,38,6,0,210
POA2705,733,452,245,89,4468
POA2706,68,54,22,6,427
POA2707,93,55,19,6,496
POA2710,842,574,309,103,4375
POA2711,305,172,88,28,1385
POA2712,115,104,55,48,635
POA2713,262,184,116,60,1297
POA2714,242,279,159,47,1318
POA2715,124,72,22,15,570
POA2716,87,72,27,13,450
POA2717,90,62,41,8,504
POA2720,726,452,283,113,3878
POA2721,14,10,4,0,88
POA2722,275,219,94,29,1521
POA2725,29,28,11,5,152
POA2726,29,14,11,0,133
POA2727,40,26,7,0,159
POA2729,154,105,48,8,709
POA2730,130,100,47,16,568
POA2731,547,509,292,86,3338
POA2732,193,149,72,33,835
POA2733,56,35,19,10,283
POA2734,51,29,14,9,233
POA2735,32,23,10,0,157
POA2736,31,27,11,6,209
POA2737,53,54,13,4,345
POA2738,152,92,34,11,939
POA2739,108,52,27,6,655
POA2745,2105,1107,371,68,14689
POA2747,2554,1791,793,275,25182
POA2748,168,82,46,9,785
POA2749,1149,575,194,36,7498
POA2750,3058,2430,1273,545,24036
POA2752,389,197,68,4,2537
POA2753,1359,875,492,243,8595
POA2754,458,420,239,81,3455
POA2756,2681,1516,649,147,16572
POA2757,85,50,26,5,436
POA2758,978,638,241,53,4794
POA2759,2055,1142,243,52,11450
POA2760,1782,1123,559,233,15817
POA2761,2299,1078,301,130,15729
POA2762,688,355,76,14,11744
POA2763,2045,1267,358,80,17219
POA2765,1962,1184,404,78,23794
POA2766,1152,722,348,359,8184
POA2767,1659,1079,340,75,11400
POA2768,2125,1121,366,62,15992
POA2769,640,447,213,63,8463
POA2770,2995,1889,781,159,22506
POA2773,713,553,234,63,3450
POA2774,1231,1041,457,94,7242
POA2775,231,140,64,5,889
POA2776,424,323,116,23,2285
POA2777,1810,1508,723,342,10029
POA2778,325,232,61,17,1441
POA2779,499,390,165,34,2785
POA2780,1658,1622,719,237,8309
POA2782,762,823,371,125,3898
POA2783,352,214,81,12,1500
POA2784,161,100,42,3,757
POA2785,702,615,303,71,3085
POA2786,162,168,72,14,776
POA2787,422,401,157,48,2314
POA2790,1438,1139,607,175,7642
POA2791,37,25,24,8,177
POA2792,45,23,16,3,188
POA2793,110,125,52,3,536
POA2794,808,771,346,126,4649
POA2795,3682,2747,1327,449,22967
POA2797,31,30,22,6,203
POA2798,212,172,65,8,1171
POA2799,333,236,91,33,1811
POA2800,3624,2726,1350,476,24016
POA2803,35,30,15,3,149
POA2804,263,205,112,38,1357
POA2805,31,33,14,0,182
POA2806,80,81,25,10,395
POA2807,42,35,8,0,191
POA2808,36,35,10,0,115
POA2809,33,13,12,0,102
POA2810,262,240,131,46,1381
POA2817,37,33,7,0,186
POA2818,83,70,26,8,430
POA2820,557,417,253,77,3342
POA2821,332,254,161,55,2074
POA2822,51,40,5,0,217
POA2823,90,77,46,24,554
POA2824,177,106,71,48,920
POA2825,163,97,64,28,985
POA2826,10,5,3,0,77
POA2827,306,228,139,44,1616
POA2828,91,51,16,10,365
POA2829,200,144,68,13,1216
POA2830,3186,2088,1104,378,21921
POA2831,195,114,42,12,963
POA2832,232,155,47,13,1215
POA2833,60,42,15,6,288
POA2834,280,239,129,29,1219
POA2835,323,199,89,20,1957
POA2836,79,68,24,8,456
POA2838,15,21,8,0,103
POA2839,91,43,12,3,434
POA2840,206,127,53,10,1179
POA2842,56,62,27,0,303
POA2843,100,99,63,16,593
POA2844,107,96,62,9,594
POA2845,140,120,48,7,865
POA2846,43,35,10,5,142
POA2847,216,192,77,12,1107
POA2848,125,118,84,23,630
POA2849,196,188,86,18,911
POA2850,1656,1126,583,164,9624
POA2852,302,256,104,28,1758
POA2864,61,49,29,10,376
POA2865,66,60,25,8,421
POA2866,270,192,99,43,1466
POA2867,60,41,22,3,268
POA2868,49,25,26,4,225
POA2869,157,107,45,18,697
POA2870,861,582,288,111,5258
POA2871,666,497,307,100,3989
POA2873,51,33,11,16,246
POA2874,36,24,16,8,184
POA2875,71,58,30,5,354
POA2876,45,36,9,5,217
POA2877,254,145,79,34,1472
POA2878,30,11,0,0,171
POA2879,71,57,18,3,297
POA2880,1507,1097,468,211,8084
POA2898,54,38,22,4,282
POA3000,1474,746,246,40,34110
POA3002,593,553,274,99,4126
POA3003,328,161,57,6,5834
POA3004,944,795,493,194,9431
POA3006,1055,630,263,45,17877
POA3008,892,495,131,18,11883
POA3011,1230,629,274,172,14086
POA3012,1347,684,284,163,15186
POA3013,1099,468,150,72,8870
POA3015,1403,658,225,154,10316
POA3016,1860,1131,470,138,9018
POA3018,1015,687,356,134,7188
POA3019,400,253,72,23,4542
POA3020,2015,1243,623,244,19244
POA3021,2418,1857,930,453,21813
POA3022,138,98,50,17,1558
POA3023,3099,1711,687,202,28666
POA3024,1190,647,191,41,16003
POA3025,521,298,236,123,5765
POA3026,315,120,38,5,3656
POA3027,342,186,19,0,5393
POA3028,1866,1068,338,112,13529
POA3029,4842,2660,911,186,63305
POA3030,5696,3284,1271,439,58628
POA3031,1061,662,204,81,10959
POA3032,2112,1211,405,107,17673
POA3033,960,624,479,103,7065
POA3034,732,610,374,181,5716
POA3036,509,385,209,86,2948
POA3037,2894,1322,497,157,22609
POA3038,2343,1305,453,99,12206
POA3039,1325,824,287,125,9719
POA3040,2414,1408,552,232,15269
POA3041,1066,727,297,97,6940
POA3042,1105,699,342,118,8276
POA3043,996,827,474,118,8127
POA3044,1882,875,398,261,15463
POA3045,38,25,8,0,296
POA3046,1799,934,622,418,19042
POA3047,843,441,251,88,8539
POA3048,752,371,181,43,6197
POA3049,740,412,180,67,4515
POA3051,848,518,194,67,10177
POA3052,461,350,259,120,5065
POA3053,574,475,294,132,11021
POA3054,654,574,272,67,5646
POA3055,932,552,200,80,9247
POA3056,1482,867,303,87,16685
POA3057,688,374,134,31,9349
POA3058,2186,1168,435,242,19468
POA3059,1371,657,162,20,9491
POA3060,599,337,154,88,6319
POA3061,192,119,81,15,1651
POA3062,0,0,0,0,0
POA3063,62,26,11,3,280
POA3064,4218,1779,525,156,48316
POA3065,884,565,255,93,7596
POA3066,455,234,89,17,6379
POA3067,494,315,139,29,6654
POA3068,1528,1214,546,145,12910
POA3070,2009,1065,393,138,15665
POA3071,1297,646,250,181,11350
POA3072,2060,1034,357,169,19065
POA3073,2722,1578,868,463,26059
POA3074,857,590,278,76,7899
POA3075,874,571,298,84,9220
POA3076,1707,970,543,352,15529
POA3078,1155,670,201,45,7494
POA3079,1786,1256,593,255,10625
POA3081,927,512,195,59,7499
POA3082,2338,1308,391,129,13842
POA3083,2091,1239,744,297,16513
POA3084,2438,1781,1052,447,15852
POA3085,1019,760,376,184,7808
POA3087,658,452,242,67,4799
POA3088,2168,1696,784,266,14374
POA3089,1161,603,218,49,6535
POA3090,226,110,60,35,1235
POA3091,194,93,64,10,835
POA3093,343,285,156,39,2170
POA3094,745,660,322,61,5040
POA3095,2974,2208,789,197,15652
POA3096,205,101,62,23,1015
POA3097,182,121,57,4,865
POA3099,559,392,140,23,2763
POA3101,2501,1838,1025,495,15080
POA3102,709,421,214,86,3795
POA3103,1519,1154,703,326,9139
POA3104,2266,1340,716,272,11800
POA3105,942,580,402,128,5806
POA3106,1714,1278,743,278,9277
POA3107,1130,773,686,245,7606
POA3108,1883,1372,964,426,14299
POA3109,2452,1762,1144,376,16661
POA3111,1158,808,536,243,6878
POA3113,990,606,242,44,4713
POA3114,429,252,115,35,2005
POA3115,433,250,102,24,1959
POA3116,835,592,324,57,5784
POA3121,2023,1227,549,156,21771
POA3122,1736,1317,738,246,14809
POA3123,1221,871,506,173,9659
POA3124,2306,1673,979,574,13382
POA3125,1028,645,413,247,8984
POA3126,888,719,404,192,4670
POA3127,2007,1529,635,255,11278
POA3128,1583,1070,675,422,14134
POA3129,1503,959,484,151,10130
POA3130,2813,1828,1110,550,18589
POA3131,1630,1139,805,485,12924
POA3132,1265,829,408,111,9481
POA3133,1824,1503,945,406,12532
POA3134,2729,1788,960,396,18645
POA3135,1609,1168,662,296,11366
POA3136,3472,2476,1401,538,23788
POA3137,1025,652,383,158,7062
POA3138,1521,1056,502,148,11256
POA3139,1196,745,302,54,6918
POA3140,1320,845,485,145,8586
POA3141,1586,1205,664,197,18509
POA3142,1342,1266,811,286,8333
POA3143,690,657,406,114,6189
POA3144,1065,913,640,292,6854
POA3145,2106,1417,690,324,14218
POA3146,2594,1673,900,270,15799
POA3147,1354,861,437,224,8485
POA3148,571,352,165,49,5587
POA3149,3157,1870,1214,541,20373
POA3150,5300,4076,2865,1316,35682
POA3151,810,540,444,126,6021
POA3152,2913,2310,1123,592,19000
POA3153,1309,874,543,369,11024
POA3154,342,230,125,74,2294
POA3155,1555,1212,634,205,12328
POA3156,3146,1936,883,287,19634
POA3158,678,461,139,26,3721
POA3159,249,174,53,7,1439
POA3160,871,580,174,44,4975
POA3161,1312,1333,550,303,10587
POA3162,1655,1481,658,399,10959
POA3163,2415,1666,779,316,20858
POA3165,2332,1408,591,269,16031
POA3166,1782,853,342,144,13982
POA3167,718,435,188,87,5124
POA3168,810,533,348,300,14098
POA3169,1090,787,385,181,10625
POA3170,1311,928,608,218,10294
POA3171,785,538,326,164,9113
POA3172,1300,985,537,175,9481
POA3173,1409,975,416,131,12763
POA3174,1806,1321,720,250,17352
POA3175,2675,1924,1028,409,23661
POA3177,506,365,205,75,4785
POA3178,3145,1584,713,212,17137
POA3179,470,303,123,25,3116
POA3180,572,412,251,51,3978
POA3181,1212,836,493,335,13975
POA3182,1992,1145,432,92,16216
POA3183,1211,821,335,109,11539
POA3184,1360,731,252,63,10150
POA3185,1127,818,378,138,8164
POA3186,2681,2044,1264,567,13831
POA3187,1682,1133,715,499,9370
POA3188,2041,1199,602,167,10546
POA3189,466,291,173,86,3524
POA3190,923,592,297,119,6770
POA3191,1223,882,498,252,6430
POA3192,1778,1134,607,382,13015
POA3193,2356,1738,938,324,11322
POA3194,1083,772,460,188,7525
POA3195,3258,1904,898,364,19688
POA3196,2046,1331,674,275,14311
POA3197,1054,754,297,100,6185
POA3198,1177,852,467,146,8801
POA3199,4356,3248,1789,815,29332
POA3200,360,208,126,53,2532
POA3201,1256,744,362,191,10252
POA3202,231,193,123,55,1645
POA3204,2925,1676,744,275,19050
POA3205,966,601,305,169,7793
POA3206,1100,730,412,107,5859
POA3207,1593,1031,475,80,10945
POA3211,136,67,24,4,631
POA3212,1120,779,324,82,8633
POA3213,391,183,76,13,2205
POA3214,1242,864,424,134,9524
POA3215,1423,1150,567,302,10759
POA3216,4271,3313,1989,827,32295
POA3217,884,565,198,64,10851
POA3218,1124,693,282,81,8337
POA3219,1479,1061,512,190,10024
POA3220,1731,1296,638,195,10574
POA3221,93,65,18,4,443
POA3222,1653,1465,731,200,9242
POA3223,1143,1259,554,172,5235
POA3224,1092,914,638,232,7412
POA3225,708,902,522,170,3534
POA3226,1640,1464,601,249,9686
POA3227,628,582,241,61,3174
POA3228,1955,1562,674,246,13189
POA3230,439,464,201,55,2122
POA3231,342,273,106,24,1220
POA3232,214,233,76,41,1013
POA3233,312,318,119,27,1531
POA3234,51,46,5,0,189
POA3235,82,47,10,0,301
POA3236,43,29,4,0,138
POA3237,44,22,6,0,167
POA3238,53,20,5,0,168
POA3239,62,54,9,0,254
POA3240,220,130,47,9,1111
POA3241,279,217,92,52,1626
POA3242,89,77,23,5,472
POA3243,38,55,14,4,232
POA3249,332,249,76,14,1587
POA3250,793,699,363,147,5306
POA3251,47,45,10,0,251
POA3254,41,10,4,0,168
POA3260,378,334,172,58,2166
POA3264,211,127,63,37,984
POA3265,263,123,40,11,1315
POA3266,237,130,75,37,1252
POA3267,24,14,4,0,89
POA3268,193,133,49,23,1100
POA3269,66,43,22,0,370
POA3270,34,36,20,0,172
POA3271,24,15,3,3,91
POA3272,144,113,55,20,731
POA3273,15,10,4,0,65
POA3274,27,19,10,0,108
POA3275,29,14,4,3,211
POA3276,43,27,0,0,195
POA3277,143,107,33,7,832
POA3278,28,14,10,0,163
POA3279,16,10,5,0,128
POA3280,2562,1871,989,471,16350
POA3281,155,96,32,0,891
POA3282,212,172,73,19,1224
POA3283,156,80,23,0,673
POA3284,373,453,201,90,2143
POA3285,122,100,35,0,627
POA3286,49,43,9,6,234
POA3287,26,12,6,0,180
POA3289,77,61,24,11,345
POA3292,24,32,3,0,105
POA3293,36,31,13,0,181
POA3294,81,102,38,20,528
POA3300,803,660,379,179,4837
POA3301,141,108,28,3,630
POA3302,42,25,13,3,182
POA3303,21,6,5,3,130
POA3304,218,192,53,32,1163
POA3305,1170,888,369,116,6032
POA3309,11,14,10,0,60
POA3310,39,24,12,0,127
POA3311,171,143,85,28,751
POA3312,91,95,27,4,485
POA3314,54,54,15,5,297
POA3315,171,127,48,25,781
POA3317,20,14,4,0,93
POA3318,108,111,46,23,580
POA3319,47,29,12,3,199
POA3321,175,92,27,3,920
POA3322,22,15,4,0,83
POA3323,12,12,0,0,48
POA3324,62,36,14,7,251
POA3325,55,30,21,4,216
POA3328,177,107,30,9,1117
POA3329,38,21,4,0,154
POA3330,12,14,0,3,90
POA3331,399,305,152,66,3399
POA3332,105,40,13,0,549
POA3333,92,63,18,5,459
POA3334,59,44,16,0,283
POA3335,194,97,27,4,3119
POA3336,422,186,39,4,8554
POA3337,2064,1345,510,81,16763
POA3338,1293,925,321,98,15811
POA3340,1590,1186,527,140,11932
POA3341,165,89,25,3,811
POA3342,327,230,103,38,1881
POA3345,150,72,32,0,684
POA3350,4970,3894,1877,752,34405
POA3351,806,577,189,26,4366
POA3352,1548,1076,355,48,8896
POA3355,804,724,513,224,5804
POA3356,871,750,409,160,6776
POA3357,374,335,115,33,1960
POA3358,123,75,34,4,1616
POA3360,65,73,30,3,379
POA3361,75,39,25,9,318
POA3363,339,305,161,73,1838
POA3364,218,229,61,14,1190
POA3370,209,161,75,16,930
POA3371,167,129,37,8,570
POA3373,214,200,81,32,1142
POA3374,47,60,14,3,256
POA3375,26,11,9,0,106
POA3377,761,579,291,97,4156
POA3378,7,4,0,0,61
POA3379,88,74,34,9,377
POA3380,463,424,248,116,2810
POA3381,219,153,42,12,944
POA3384,68,49,20,4,290
POA3385,59,73,15,0,290
POA3387,21,21,5,0,126
POA3388,64,40,20,14,277
POA3390,75,65,29,10,398
POA3391,21,6,3,0,68
POA3392,62,41,25,20,265
POA3393,220,176,115,53,1190
POA3395,36,24,13,4,153
POA3396,61,50,23,8,273
POA3400,978,771,406,195,6845
POA3401,460,251,98,19,2224
POA3407,38,26,19,9,196
POA3409,104,50,34,34,494
POA3412,17,21,13,0,106
POA3413,18,7,8,4,84
POA3414,135,115,58,22,730
POA3415,5,0,0,0,23
POA3418,235,120,75,46,1223
POA3419,64,59,28,10,394
POA3420,11,13,8,0,119
POA3423,62,36,15,17,202
POA3424,71,54,28,22,319
POA3427,281,184,47,11,2878
POA3428,55,38,18,5,319
POA3429,2923,1831,769,243,19083
POA3430,29,10,7,0,137
POA3431,448,282,130,5,2282
POA3432,29,13,0,0,89
POA3433,19,13,9,0,108
POA3434,494,305,130,22,3017
POA3435,296,220,84,14,1621
POA3437,1010,633,303,117,5824
POA3438,200,117,89,24,1240
POA3440,211,184,67,10,1131
POA3441,196,165,60,12,863
POA3442,845,700,337,67,4669
POA3444,956,860,388,118,5337
POA3446,140,108,38,7,654
POA3447,79,61,19,0,333
POA3448,117,117,45,10,568
POA3450,766,828,547,279,4389
POA3451,640,526,227,52,3203
POA3453,230,165,74,15,999
POA3458,336,282,140,32,1443
POA3460,402,319,132,60,1695
POA3461,604,540,178,33,2730
POA3462,160,162,50,4,705
POA3463,367,375,165,25,1518
POA3464,99,92,35,0,494
POA3465,747,800,465,125,4331
POA3467,91,133,45,20,600
POA3468,25,36,18,0,137
POA3469,38,34,20,5,154
POA3472,144,129,81,16,641
POA3475,38,36,14,0,159
POA3477,96,76,34,3,396
POA3478,200,204,124,59,1127
POA3480,178,111,57,22,780
POA3482,16,13,14,3,90
POA3483,72,49,27,5,400
POA3485,32,29,6,8,139
POA3487,3,6,3,0,36
POA3488,8,0,5,0,40
POA3489,0,4,0,0,21
POA3490,107,83,57,29,604
POA3491,19,14,3,0,70
POA3494,51,34,8,0,250
POA3496,493,319,122,30,2733
POA3498,397,261,129,29,2572
POA3500,2314,1674,828,359,15503
POA3501,167,85,35,10,954
POA3505,397,220,108,28,2115
POA3506,5,0,0,0,12
POA3507,20,26,4,0,92
POA3509,19,11,6,5,87
POA3512,31,16,10,0,135
POA3515,149,112,37,5,1140
POA3516,74,49,23,7,343
POA3517,136,113,42,31,662
POA3518,160,121,55,10,612
POA3520,20,10,12,4,63
POA3521,56,53,14,12,380
POA3522,42,28,14,4,173
POA3523,450,389,232,62,2014
POA3525,147,120,57,35,659
POA3527,87,45,26,23,336
POA3529,10,6,0,0,49
POA3530,20,10,4,0,62
POA3531,14,15,0,5,86
POA3533,61,54,20,5,327
POA3537,107,88,49,39,532
POA3540,24,23,7,3,100
POA3542,8,11,6,0,51
POA3544,22,21,12,3,106
POA3546,35,21,12,5,146
POA3549,194,169,66,29,1441
POA3550,3374,2657,1429,677,21954
POA3551,2694,1811,694,125,16837
POA3555,1364,1169,791,398,9877
POA3556,952,749,329,98,6117
POA3557,85,46,27,0,438
POA3558,72,58,48,9,445
POA3559,65,38,30,3,274
POA3561,363,240,145,76,1877
POA3562,32,24,11,0,145
POA3563,70,45,24,10,356
POA3564,1383,979,534,233,7971
POA3565,12,8,3,0,62
POA3566,45,37,20,0,228
POA3567,47,27,15,4,239
POA3568,196,212,99,33,1207
POA3570,108,71,24,6,422
POA3571,23,22,7,6,142
POA3572,12,8,3,0,67
POA3573,25,27,6,0,156
POA3575,71,54,17,6,379
POA3576,3,7,0,0,24
POA3579,447,400,168,74,2385
POA3580,88,89,37,5,463
POA3581,19,8,11,0,68
POA3583,11,4,8,0,77
POA3584,91,67,36,8,528
POA3585,735,492,293,135,5049
POA3586,93,53,3,0,356
POA3588,26,21,4,0,148
POA3589,19,19,6,3,143
POA3590,38,23,4,0,158
POA3591,13,11,0,0,67
POA3594,42,29,11,5,234
POA3595,57,27,11,3,266
POA3596,11,12,5,0,48
POA3597,34,29,7,0,189
POA3599,21,18,0,0,71
POA3607,17,8,0,0,78
POA3608,271,248,110,56,1376
POA3610,137,112,50,16,691
POA3612,233,137,76,28,850
POA3614,78,41,11,0,442
POA3616,419,294,176,55,2551
POA3617,15,11,4,0,65
POA3618,47,40,14,6,298
POA3620,617,492,261,123,3623
POA3621,159,130,61,27,1000
POA3622,52,35,5,4,231
POA3623,66,65,27,13,376
POA3624,44,25,16,5,221
POA3629,644,509,280,133,4233
POA3630,1926,1363,787,368,14000
POA3631,995,589,265,105,6410
POA3633,61,27,6,0,269
POA3634,161,93,30,11,842
POA3635,54,37,9,0,244
POA3636,474,329,197,57,2543
POA3637,47,25,11,3,271
POA3638,189,143,67,24,972
POA3639,60,40,19,0,221
POA3640,65,51,17,0,469
POA3641,90,53,28,6,535
POA3644,611,551,302,109,3865
POA3646,58,46,17,4,286
POA3647,0,0,0,0,32
POA3649,49,33,9,0,222
POA3658,482,311,133,36,2847
POA3659,95,62,22,4,400
POA3660,694,501,253,85,3671
POA3662,10,5,0,0,564
POA3663,19,15,9,0,90
POA3664,103,93,49,10,575
POA3665,47,45,13,5,205
POA3666,511,541,238,75,2603
POA3669,175,183,78,40,820
POA3670,69,65,11,0,286
POA3672,961,841,530,201,5290
POA3673,257,188,70,9,995
POA3675,227,177,57,14,1046
POA3677,1373,1125,735,357,9188
POA3678,742,541,174,38,3409
POA3682,59,38,12,3,307
POA3683,186,147,80,4,900
POA3685,290,232,105,29,1436
POA3687,78,86,31,9,488
POA3688,152,87,29,4,663
POA3690,2477,1846,854,228,16471
POA3691,980,652,272,79,6380
POA3695,51,46,6,0,250
POA3697,86,60,21,3,326
POA3698,114,129,64,11,634
POA3699,190,167,54,15,1444
POA3700,144,91,57,44,689
POA3701,144,110,39,3,560
POA3704,4,4,0,0,14
POA3705,36,23,5,4,142
POA3707,179,125,71,39,851
POA3708,10,3,0,0,40
POA3709,43,53,15,4,174
POA3711,74,66,25,11,351
POA3712,43,35,20,0,178
POA3713,121,99,52,29,552
POA3714,362,355,166,56,1889
POA3715,46,61,16,0,222
POA3717,407,341,181,32,1898
POA3718,15,12,8,0,51
POA3719,49,49,18,6,216
POA3720,77,74,21,0,351
POA3722,545,470,240,89,2955
POA3723,595,441,136,22,3028
POA3725,68,65,14,4,313
POA3726,39,42,18,0,207
POA3727,38,20,22,0,145
POA3728,71,34,15,5,280
POA3730,719,713,441,145,4319
POA3732,54,57,20,3,307
POA3733,31,25,4,3,123
POA3735,78,45,15,5,324
POA3737,398,331,148,69,2099
POA3738,20,15,4,0,105
POA3739,40,23,3,0,134
POA3740,107,83,39,3,609
POA3741,507,370,175,43,2760
POA3744,55,41,16,5,275
POA3746,49,38,15,0,214
POA3747,585,534,207,64,2834
POA3749,282,202,105,27,1185
POA3750,564,323,76,12,11348
POA3751,6,16,8,3,74
POA3752,1346,676,270,101,11564
POA3753,198,99,29,4,2092
POA3754,2000,1241,431,54,23647
POA3755,25,20,9,0,137
POA3756,891,457,167,28,7013
POA3757,759,556,213,88,4662
POA3758,206,127,44,3,1138
POA3759,146,90,30,5,614
POA3760,51,33,3,0,195
POA3761,129,114,42,0,663
POA3762,22,10,3,0,67
POA3763,182,115,25,0,900
POA3764,757,571,290,98,4978
POA3765,541,411,217,121,3535
POA3766,126,95,47,3,721
POA3767,134,111,58,14,731
POA3770,274,174,94,16,1622
POA3775,387,286,131,38,2095
POA3777,1071,763,409,151,5638
POA3778,25,18,6,0,96
POA3779,56,71,34,6,295
POA3781,381,205,49,10,2278
POA3782,754,545,212,52,4146
POA3783,228,138,72,6,1298
POA3785,8,3,0,0,32
POA3786,181,135,44,8,882
POA3787,117,96,29,6,554
POA3788,198,179,51,7,1043
POA3789,35,27,16,3,184
POA3791,162,166,64,5,834
POA3792,114,111,32,5,585
POA3793,268,229,89,24,1806
POA3795,109,63,30,3,622
POA3796,760,506,241,35,4854
POA3797,303,266,120,27,1779
POA3799,576,425,190,55,3004
POA3802,1955,1308,427,119,11655
POA3803,667,440,216,118,4789
POA3804,785,445,178,84,4079
POA3805,3682,1644,664,159,25956
POA3806,3565,2049,1131,409,25486
POA3807,611,279,126,32,3690
POA3808,324,199,75,18,1602
POA3809,782,516,145,12,10037
POA3810,2465,1634,967,376,25319
POA3812,244,148,40,12,1249
POA3813,107,39,29,3,493
POA3814,211,139,73,16,1199
POA3815,288,160,117,32,1736
POA3816,244,142,77,14,1474
POA3818,1221,1058,517,134,7978
POA3820,1512,1170,649,201,9882
POA3821,361,236,76,10,1614
POA3822,85,55,22,0,475
POA3823,209,191,54,13,1054
POA3824,383,346,162,82,2519
POA3825,1657,1307,646,218,9483
POA3831,213,202,79,26,1072
POA3832,31,15,9,0,113
POA3833,47,46,14,0,226
POA3835,42,36,5,0,208
POA3840,1339,966,509,246,7677
POA3842,358,274,140,23,2202
POA3844,2370,1767,952,432,15544
POA3847,195,148,54,7,1074
POA3850,1100,879,468,219,7352
POA3851,628,511,158,27,2837
POA3852,3,0,0,0,247
POA3854,143,74,36,5,709
POA3856,101,71,8,0,508
POA3857,38,38,5,3,190
POA3858,243,231,105,37,1419
POA3859,88,58,31,4,440
POA3860,614,515,207,52,3404
POA3862,304,274,91,14,1740
POA3864,31,24,8,0,125
POA3865,36,34,14,4,218
POA3869,190,120,50,13,880
POA3870,187,111,50,5,706
POA3871,300,260,100,34,1524
POA3873,37,29,4,0,160
POA3874,76,69,22,0,303
POA3875,1617,1460,792,298,9410
POA3878,156,156,62,23,677
POA3880,467,630,355,92,2218
POA3882,136,98,55,15,632
POA3885,191,138,51,12,934
POA3886,30,35,19,3,193
POA3887,35,24,7,0,128
POA3888,395,320,162,40,1706
POA3889,25,34,15,4,112
POA3890,44,19,9,3,151
POA3891,14,16,9,0,68
POA3892,179,191,78,21,733
POA3893,8,6,0,0,15
POA3895,19,16,10,7,91
POA3896,35,30,14,0,167
POA3898,95,77,31,9,638
POA3900,15,20,9,5,82
POA3902,40,38,28,3,217
POA3903,64,82,36,6,428
POA3904,282,321,117,18,1127
POA3909,797,924,447,116,4329
POA3910,1743,1068,482,133,11484
POA3911,297,159,78,19,1694
POA3912,1306,778,369,166,7462
POA3913,328,200,97,18,1712
POA3915,719,638,393,121,4865
POA3916,170,171,87,15,686
POA3918,401,305,150,20,2060
POA3919,256,169,62,13,1584
POA3920,16,0,0,0,684
POA3921,16,15,9,0,75
POA3922,1121,1036,491,186,5394
POA3923,108,131,34,3,451
POA3925,519,436,163,63,2623
POA3926,414,370,218,63,2011
POA3927,260,271,120,22,1185
POA3928,76,66,32,10,303
POA3929,211,209,114,22,826
POA3930,1857,1440,892,283,9952
POA3931,2065,2078,1560,767,13459
POA3933,109,80,35,15,528
POA3934,1766,1483,901,297,10227
POA3936,1249,1117,668,172,6792
POA3937,248,255,73,22,1047
POA3938,358,382,202,50,1833
POA3939,1414,1273,735,263,7905
POA3940,296,398,392,342,2533
POA3941,1410,1215,573,200,7401
POA3942,368,463,227,48,1841
POA3943,292,426,226,44,1466
POA3944,128,161,128,23,648
POA3945,121,103,34,7,543
POA3946,43,29,3,3,163
POA3950,407,343,183,66,2352
POA3951,118,105,31,3,530
POA3953,608,579,307,86,3720
POA3954,64,28,12,4,212
POA3956,390,316,115,26,1645
POA3957,31,11,12,0,131
POA3958,31,20,7,4,143
POA3959,170,151,64,9,740
POA3960,334,330,165,58,1488
POA3962,84,107,31,8,459
POA3964,20,15,8,3,94
POA3965,26,41,11,3,118
POA3966,37,53,21,3,250
POA3967,10,6,3,0,46
POA3971,396,424,160,49,1997
POA3975,803,343,125,50,8340
POA3976,1547,744,252,45,10659
POA3977,5348,2960,1245,376,51641
POA3978,1227,617,234,29,21127
POA3979,36,34,9,0,193
POA3980,243,187,64,20,1585
POA3981,292,202,110,52,2238
POA3984,638,520,229,43,3489
POA3987,134,70,24,6,761
POA3988,97,63,31,7,519
POA3990,18,11,10,0,65
POA3991,45,39,10,0,192
POA3992,123,111,19,6,639
POA3995,1034,980,504,169,5545
POA3996,683,736,385,105,3572
POA4000,1878,963,361,77,17923
POA4005,1707,1058,431,158,12412
POA4006,1308,732,441,162,18935
POA4007,1489,899,433,129,9742
POA4008,145,74,8,5,818
POA4009,0,0,0,0,5
POA4010,199,129,100,51,2335
POA4011,1351,786,392,118,9247
POA4012,1567,894,356,142,13610
POA4013,305,178,67,14,2785
POA4014,807,501,215,169,6950
POA4017,2976,1914,843,329,19081
POA4018,792,573,465,227,7321
POA4019,1947,1504,647,172,10361
POA4020,2581,2300,1129,367,13338
POA4021,642,568,331,181,4423
POA4022,442,368,357,218,3362
POA4025,73,32,9,0,419
POA4030,1186,609,274,106,11588
POA4031,943,495,166,69,8164
POA4032,1156,851,724,539,10924
POA4034,3169,2189,1381,701,24132
POA4035,2431,1383,638,209,14249
POA4036,408,252,95,31,3303
POA4037,674,331,116,18,4067
POA4051,2065,1104,443,122,17297
POA4053,3203,1997,938,324,25761
POA4054,851,651,360,142,7179
POA4055,1595,1084,457,114,11652
POA4059,788,436,163,38,8484
POA4060,1227,700,271,81,7616
POA4061,1585,1145,641,143,9659
POA4064,928,515,197,39,7894
POA4065,902,571,226,92,5881
POA4066,1333,1012,510,142,12606
POA4067,643,600,366,89,6990
POA4068,1791,1389,777,271,15773
POA4069,3527,2610,1523,598,20817
POA4070,1086,711,362,79,6542
POA4073,898,575,327,141,5182
POA4074,2158,1667,683,172,13283
POA4075,1904,1325,707,303,14514
POA4076,314,182,68,16,2863
POA4077,1451,856,554,212,13890
POA4078,1801,1010,426,102,12164
POA4101,2427,1432,593,199,25119
POA4102,666,400,270,122,7809
POA4103,999,517,157,50,9456
POA4104,625,404,290,127,4401
POA4105,1023,624,272,86,8128
POA4106,81,48,19,40,886
POA4107,408,197,98,58,3666
POA4108,322,252,172,56,3598
POA4109,2378,1900,990,248,20136
POA4110,695,362,161,53,7958
POA4111,76,33,22,8,595
POA4112,588,328,131,23,4356
POA4113,1909,1283,557,195,16126
POA4114,1287,955,460,167,10971
POA4115,1312,808,302,103,9941
POA4116,1662,1103,379,133,14069
POA4117,82,49,14,0,1167
POA4118,2039,1109,374,86,13783
POA4119,389,227,79,8,3405
POA4120,723,434,224,84,6980
POA4121,1909,1153,495,234,14548
POA4122,3037,1864,1111,473,25524
POA4123,1360,936,455,82,11861
POA4124,1393,854,312,107,10454
POA4125,675,471,268,54,5712
POA4127,1684,1385,566,170,12825
POA4128,1299,885,264,45,8400
POA4129,385,247,85,12,3039
POA4130,765,563,185,41,4606
POA4131,628,428,180,57,5319
POA4132,1064,632,177,58,9465
POA4133,1062,720,448,154,9676
POA4151,1290,736,400,181,11271
POA4152,3836,2385,1038,370,26435
POA4153,417,220,78,23,2376
POA4154,777,410,137,28,5714
POA4155,143,97,34,8,680
POA4156,314,168,55,3,1776
POA4157,1526,1154,458,161,9768
POA4158,331,251,88,20,1956
POA4159,1193,915,488,247,7380
POA4160,1940,1252,655,250,9985
POA4161,1233,790,291,129,7783
POA4163,1659,1462,808,349,8441
POA4164,1390,831,372,142,9524
POA4165,3079,2221,1245,427,19124
POA4169,1227,827,362,118,10993
POA4170,1710,907,334,124,16243
POA4171,1666,764,273,70,9944
POA4172,303,156,35,10,2790
POA4173,607,375,185,43,4279
POA4174,161,86,28,12,1409
POA4178,2096,1433,683,326,13639
POA4179,1726,1010,540,222,10381
POA4183,364,285,125,17,1511
POA4184,1173,1283,519,79,4534
POA4205,364,443,398,266,3060
POA4207,3861,2670,1301,298,30083
POA4208,1377,734,296,60,10990
POA4209,3266,1953,720,164,34388
POA4210,1546,792,313,47,10946
POA4211,4518,3099,1542,446,31054
POA4212,2998,2312,1194,351,17607
POA4213,2554,1663,736,241,15735
POA4214,2995,1975,1158,508,20116
POA4215,4054,3304,2093,914,31935
POA4216,3710,3381,1975,580,21252
POA4217,4624,3974,2039,489,29573
POA4218,3140,2342,1116,317,21090
POA4220,2539,2082,1009,419,18500
POA4221,2284,1821,838,251,15686
POA4223,1330,918,458,188,7962
POA4224,592,422,260,162,4098
POA4225,1018,989,410,187,5688
POA4226,2818,2143,1401,604,20046
POA4227,1424,954,487,226,12510
POA4228,564,353,150,95,2914
POA4270,402,210,75,14,2140
POA4272,984,861,439,118,4848
POA4275,413,265,95,12,2350
POA4280,1295,747,277,50,9240
POA4285,1586,1108,484,174,9494
POA4287,101,64,23,9,381
POA4300,3247,1672,617,93,31448
POA4301,1456,786,247,50,14286
POA4303,233,132,98,37,1758
POA4304,1106,701,348,101,7731
POA4305,4144,2761,1420,614,28959
POA4306,3101,1718,601,105,21297
POA4307,131,86,29,8,699
POA4309,318,197,93,21,1512
POA4310,564,495,229,83,2792
POA4311,786,585,233,53,4450
POA4312,294,295,128,22,1301
POA4313,226,178,106,13,1016
POA4314,348,368,162,11,1499
POA4340,506,375,176,65,2871
POA4341,1173,812,362,92,6808
POA4342,205,116,43,19,1106
POA4343,628,478,225,69,5060
POA4344,245,140,60,13,1289
POA4346,80,56,30,8,499
POA4347,103,45,27,9,531
POA4350,7926,6001,3279,1142,55879
POA4352,2622,1638,665,109,14792
POA4353,33,15,10,0,152
POA4354,118,51,31,6,535
POA4355,258,255,194,108,1423
POA4356,345,257,156,120,2261
POA4357,211,156,57,18,1123
POA4358,187,126,44,10,1353
POA4359,127,90,34,5,672
POA4360,42,41,23,6,274
POA4361,190,178,95,20,1130
POA4362,214,208,95,19,1156
POA4363,60,32,9,0,266
POA4364,12,4,4,0,73
POA4365,71,55,20,0,281
POA4370,1456,1231,651,211,8391
POA4371,75,60,23,4,312
POA4372,17,16,3,0,67
POA4373,87,82,37,17,432
POA4374,45,34,11,3,183
POA4375,11,12,7,0,96
POA4376,41,30,7,3,174
POA4377,60,52,18,3,270
POA4378,37,27,20,3,240
POA4380,728,703,323,82,3874
POA4381,82,59,22,3,332
POA4382,66,71,15,4,290
POA4383,59,59,14,3,235
POA4384,0,7,4,0,24
POA4385,103,73,36,12,466
POA4387,103,68,46,10,530
POA4388,17,17,17,0,111
POA4390,464,293,153,40,3013
POA4400,140,70,25,6,946
POA4401,324,232,105,45,2207
POA4402,32,19,16,0,136
POA4403,70,43,8,5,333
POA4404,45,18,4,0,214
POA4405,899,517,219,65,6425
POA4406,134,79,39,8,741
POA4407,47,20,8,3,218
POA4408,42,35,12,4,213
POA4410,104,74,38,10,488
POA4411,22,16,0,0,125
POA4412,11,7,4,0,91
POA4413,610,346,143,58,4530
POA4415,213,162,66,26,1182
POA4416,27,19,8,0,218
POA4417,53,50,19,4,324
POA4418,5,4,3,0,37
POA4419,154,65,22,4,1075
POA4420,57,58,32,3,501
POA4421,175,148,38,7,846
POA4422,31,27,3,0,202
POA4423,18,10,5,3,92
POA4424,13,11,5,0,86
POA4425,7,14,0,0,63
POA4426,17,12,0,5,86
POA4427,19,27,14,5,124
POA4428,80,36,4,0,425
POA4454,123,56,14,4,638
POA4455,627,368,150,74,4397
POA4461,3,3,0,0,19
POA4462,11,12,3,0,64
POA4465,91,104,27,8,527
POA4467,15,10,3,0,67
POA4468,26,23,4,0,113
POA4470,346,229,69,25,1582
POA4472,111,115,51,27,672
POA4474,19,9,0,0,49
POA4477,56,35,13,4,245
POA4478,58,44,18,5,267
POA4479,7,0,0,0,8
POA4480,89,76,23,9,398
POA4481,26,30,12,0,135
POA4482,22,13,6,0,128
POA4486,57,45,10,3,283
POA4487,233,147,73,27,1433
POA4488,20,27,3,0,123
POA4489,13,6,0,0,31
POA4490,155,163,63,7,757
POA4491,19,14,3,0,58
POA4492,66,44,6,0,294
POA4493,5,0,0,0,10
POA4494,13,3,0,0,72
POA4496,6,8,4,0,87
POA4497,34,18,7,0,138
POA4498,17,3,0,0,78
POA4500,2963,1820,673,148,21678
POA4501,343,239,111,43,2743
POA4502,690,363,124,18,4134
POA4503,2785,1710,831,286,24562
POA4504,1133,639,283,72,9529
POA4505,1654,1177,592,140,11976
POA4506,1541,972,418,105,11040
POA4507,2141,2701,1589,454,10292
POA4508,1265,964,514,196,8400
POA4509,1849,1015,494,165,18304
POA4510,3489,2994,1541,527,24797
POA4511,770,892,463,75,4595
POA4512,333,227,91,24,1810
POA4514,595,472,156,44,3502
POA4515,363,299,121,24,2112
POA4516,332,211,73,18,2008
POA4517,85,59,44,9,484
POA4518,479,325,140,24,2697
POA4519,732,611,268,93,4541
POA4520,1596,1063,379,70,7811
POA4521,543,349,110,20,2784
POA4550,443,277,123,23,2450
POA4551,5595,4797,2795,1011,35330
POA4552,1192,1249,622,162,5503
POA4553,753,452,151,32,5552
POA4554,227,164,47,6,1076
POA4555,711,485,242,88,3989
POA4556,3842,3131,1896,852,25077
POA4557,1686,1251,518,131,10906
POA4558,2236,2173,1247,510,14223
POA4559,710,517,202,56,3930
POA4560,3142,2551,1363,456,18727
POA4561,859,515,175,39,4317
POA4562,1044,676,263,30,4757
POA4563,1006,974,460,146,5279
POA4564,1373,1120,544,119,6714
POA4565,1578,1412,798,327,8062
POA4566,1050,1275,844,233,5622
POA4567,1599,1520,690,160,8198
POA4568,450,327,132,13,2050
POA4569,237,140,49,7,952
POA4570,4274,3166,1347,325,21291
POA4571,121,67,23,9,487
POA4572,518,390,195,68,2791
POA4573,3006,2274,999,285,17357
POA4574,175,147,42,7,752
POA4575,2509,1804,1032,361,15183
POA4580,542,743,340,63,2449
POA4581,333,291,76,8,1370
POA4600,97,86,40,3,421
POA4601,128,79,44,4,534
POA4605,342,283,99,30,1781
POA4606,210,163,111,29,1085
POA4608,87,80,31,5,406
POA4610,1122,871,377,113,6731
POA4611,11,6,3,0,60
POA4612,16,29,11,5,109
POA4613,74,66,34,9,366
POA4614,102,113,71,11,522
POA4615,660,648,277,51,3171
POA4620,53,43,17,6,202
POA4621,145,149,89,16,787
POA4625,217,179,75,17,1222
POA4626,161,101,55,15,960
POA4627,68,58,24,3,352
POA4630,181,184,76,28,1023
POA4650,3044,2754,1157,319,15379
POA4655,6269,6397,3437,916,33196
POA4659,675,704,263,49,2591
POA4660,907,970,400,52,4059
POA4662,78,60,24,0,374
POA4670,6649,5808,3153,869,38475
POA4671,674,596,209,27,2850
POA4673,73,90,23,6,351
POA4674,215,186,63,9,794
POA4676,25,13,3,0,72
POA4677,734,666,178,18,2995
POA4678,98,63,35,4,358
POA4680,4129,2248,838,244,25781
POA4694,16,0,4,0,55
POA4695,87,75,13,8,454
POA4697,12,12,6,0,66
POA4699,24,24,12,0,159
POA4700,1446,904,533,242,8849
POA4701,2719,1792,865,366,18725
POA4702,2235,1546,538,116,12947
POA4703,2322,1885,809,191,12373
POA4704,10,6,4,0,53
POA4705,59,41,10,0,271
POA4706,5,14,0,0,35
POA4707,28,21,12,0,134
POA4709,66,7,0,0,437
POA4710,488,485,219,82,2462
POA4711,173,109,19,4,812
POA4712,20,27,8,0,121
POA4713,28,8,0,0,230
POA4714,258,249,92,26,1200
POA4715,497,289,147,59,3407
POA4716,58,37,12,0,296
POA4717,534,123,15,0,3764
POA4718,289,147,43,8,1854
POA4719,102,82,34,16,577
POA4720,1027,512,134,44,7252
POA4721,452,256,78,10,2728
POA4722,164,68,33,5,1011
POA4723,110,98,27,6,724
POA4724,41,25,18,7,235
POA4725,188,168,75,12,916
POA4726,40,45,11,3,189
POA4727,54,40,11,0,219
POA4728,17,35,4,0,120
POA4730,339,274,97,42,1907
POA4731,30,45,9,0,131
POA4732,33,41,12,0,130
POA4733,30,28,4,0,109
POA4735,171,244,50,3,854
POA4736,27,27,10,0,109
POA4737,613,452,189,55,3583
POA4738,111,120,45,0,557
POA4739,55,33,12,6,175
POA4740,6324,3803,1718,627,39913
POA4741,999,522,172,30,5149
POA4742,242,85,13,3,1465
POA4743,109,10,3,0,720
POA4744,1141,252,49,10,8444
POA4745,338,99,10,0,2369
POA4746,390,89,0,0,2359
POA4750,452,258,91,15,2660
POA4751,308,163,61,13,1932
POA4753,222,106,39,8,1855
POA4754,140,103,33,4,1063
POA4756,71,69,23,7,365
POA4757,54,36,11,3,208
POA4798,63,37,32,0,281
POA4799,106,102,39,6,445
POA4800,907,839,303,58,4910
POA4802,1715,1244,342,36,10041
POA4804,325,120,36,6,1780
POA4805,1096,983,435,72,5886
POA4806,280,262,125,35,1621
POA4807,747,575,280,95,4684
POA4808,82,72,20,4,469
POA4809,87,60,26,6,422
POA4810,2430,1536,587,157,13729
POA4811,864,533,246,63,6069
POA4812,1536,1017,525,242,9748
POA4814,3080,2032,1018,331,22590
POA4815,1241,811,413,83,8768
POA4816,978,817,266,26,4756
POA4817,2143,1295,452,118,13665
POA4818,1790,1093,328,52,14350
POA4819,566,540,190,36,2086
POA4820,859,745,322,75,4919
POA4821,184,167,33,13,876
POA4822,84,74,16,3,450
POA4823,198,127,29,4,1367
POA4824,451,440,80,4,2798
POA4825,1704,830,269,39,10855
POA4828,51,69,5,0,234
POA4829,71,56,18,0,337
POA4830,219,154,42,0,841
POA4849,207,249,100,23,829
POA4850,1026,946,443,159,5170
POA4852,661,649,252,33,2860
POA4854,423,340,152,44,2395
POA4855,83,58,16,3,360
POA4856,66,38,22,0,320
POA4858,156,117,43,13,771
POA4859,66,35,13,4,250
POA4860,940,701,331,121,5045
POA4861,184,130,45,18,806
POA4865,684,434,169,59,4033
POA4868,1749,1260,500,102,11141
POA4869,1090,630,285,90,8906
POA4870,6712,4509,2043,633,43613
POA4871,1333,1190,302,43,6016
POA4872,497,445,157,29,2305
POA4873,797,638,237,42,3800
POA4874,568,188,28,7,3683
POA4875,456,177,38,9,3042
POA4876,291,160,17,0,1602
POA4877,1084,1052,382,65,5294
POA4878,1409,1008,366,103,8128
POA4879,2456,1859,768,127,12592
POA4880,966,841,413,106,6185
POA4881,657,479,204,44,2786
POA4882,279,275,111,17,1671
POA4883,770,744,382,150,4586
POA4884,276,249,103,27,1171
POA4885,456,427,180,60,2129
POA4886,115,95,36,6,506
POA4887,258,229,107,28,1104
POA4888,317,296,104,17,1363
POA4890,107,115,39,4,690
POA4891,187,269,85,3,787
POA4892,417,228,55,3,2347
POA4895,683,599,136,12,2988
POA5000,1596,1253,550,184,15028
POA5006,652,703,424,220,4939
POA5007,576,315,109,38,4813
POA5008,919,529,171,60,7115
POA5009,337,205,94,24,2645
POA5010,265,181,100,57,2501
POA5011,918,584,240,77,7340
POA5012,485,282,114,38,4873
POA5013,668,384,127,62,4442
POA5014,861,563,224,72,5841
POA5015,577,332,87,23,3179
POA5016,823,522,221,109,4532
POA5017,331,198,109,21,2195
POA5018,580,494,146,43,2695
POA5019,1056,691,251,93,5037
POA5020,271,293,101,37,1603
POA5021,584,677,369,127,3510
POA5022,1658,1217,520,230,8755
POA5023,1037,691,402,195,8450
POA5024,1204,829,504,200,7346
POA5025,611,429,278,55,4487
POA5031,768,378,104,47,5615
POA5032,1010,670,349,130,7119
POA5033,508,289,144,90,4666
POA5034,969,795,338,104,5955
POA5035,477,361,168,90,3852
POA5037,725,479,268,194,6288
POA5038,1036,725,336,151,9602
POA5039,664,392,171,65,4767
POA5040,203,174,116,21,1173
POA5041,1275,862,390,179,7461
POA5042,763,619,418,180,6929
POA5043,1168,949,548,229,10527
POA5044,1047,857,481,215,6093
POA5045,1593,1395,674,251,9376
POA5046,654,576,289,168,5182
POA5047,527,469,241,72,4582
POA5048,1423,1292,679,291,8348
POA5049,1034,866,366,103,5694
POA5050,524,492,304,128,3322
POA5051,1432,1120,562,117,8336
POA5052,627,591,417,132,3979
POA5061,973,883,403,75,5706
POA5062,1680,1330,623,214,8875
POA5063,1104,1006,486,247,7664
POA5064,964,886,603,309,6039
POA5065,961,945,582,249,6540
POA5066,1310,1031,591,162,7054
POA5067,1019,912,418,85,6772
POA5068,1183,987,634,255,7346
POA5069,894,619,265,92,4958
POA5070,1087,877,501,296,8545
POA5072,1124,880,487,159,7648
POA5073,1268,769,527,174,8801
POA5074,825,611,398,214,7402
POA5075,814,585,423,175,5731
POA5076,841,620,282,48,4927
POA5081,929,805,432,192,5911
POA5082,1314,864,286,120,9135
POA5083,603,441,132,48,4273
POA5084,490,302,129,45,4802
POA5085,1103,756,381,130,12412
POA5086,987,702,292,115,9017
POA5087,735,505,271,104,6872
POA5088,212,138,91,21,1871
POA5089,532,475,236,40,3541
POA5090,433,506,416,283,3956
POA5091,575,508,320,66,3905
POA5092,1146,1004,482,149,9039
POA5093,496,493,309,71,4422
POA5094,45,28,35,4,440
POA5095,1113,662,294,101,10478
POA5096,868,591,256,81,5989
POA5097,972,799,420,123,6731
POA5098,659,591,423,211,5890
POA5106,0,3,16,5,67
POA5107,872,554,275,99,7089
POA5108,2083,1336,517,196,15360
POA5109,1193,880,474,151,8234
POA5110,419,271,142,53,3149
POA5111,0,0,0,0,174
POA5112,1140,776,435,256,7702
POA5113,834,595,298,129,6682
POA5114,1966,1026,439,137,14252
POA5115,444,255,87,13,5012
POA5116,664,467,281,96,4588
POA5117,226,135,73,17,1706
POA5118,1561,1020,552,242,8868
POA5120,118,96,27,9,1110
POA5121,127,93,65,21,961
POA5125,1797,958,487,178,9708
POA5126,465,437,208,37,3555
POA5127,780,485,134,42,3860
POA5131,120,81,31,3,524
POA5132,35,38,17,3,214
POA5133,51,26,12,5,203
POA5134,57,49,15,8,255
POA5136,47,34,15,3,300
POA5137,85,59,20,8,331
POA5138,53,25,4,0,204
POA5139,29,21,3,0,138
POA5140,37,31,25,0,253
POA5141,83,51,27,0,419
POA5142,66,40,14,5,292
POA5144,57,48,23,7,237
POA5150,7,7,7,0,38
POA5151,38,43,9,0,243
POA5152,671,663,296,73,3797
POA5153,823,588,191,49,3731
POA5154,383,349,139,30,1958
POA5155,366,285,102,24,2170
POA5156,99,95,19,0,547
POA5157,367,277,109,11,1690
POA5158,2197,1553,517,99,12665
POA5159,2964,2346,991,324,17173
POA5160,3,3,0,0,14
POA5161,678,535,273,101,4732
POA5162,2344,1833,977,274,15952
POA5163,978,817,397,133,6535
POA5164,278,279,141,69,2227
POA5165,420,318,146,81,2878
POA5166,120,111,73,10,824
POA5167,533,401,176,91,3186
POA5168,416,288,171,45,2665
POA5169,1305,922,426,183,9439
POA5170,124,85,17,11,619
POA5171,578,501,307,96,3175
POA5172,458,363,128,35,2203
POA5173,982,829,388,116,6170
POA5174,288,192,74,7,1482
POA5201,238,136,33,7,1153
POA5202,79,42,18,0,397
POA5203,137,146,71,19,631
POA5204,408,544,186,45,1802
POA5210,152,123,39,4,864
POA5211,1543,2042,1164,354,8282
POA5212,222,270,190,68,1168
POA5213,155,136,41,5,706
POA5214,899,1288,702,198,4759
POA5220,17,8,4,0,52
POA5221,45,48,25,0,186
POA5222,106,80,39,9,412
POA5223,393,292,126,49,1915
POA5231,140,86,37,4,661
POA5232,65,26,15,0,216
POA5233,156,106,38,47,792
POA5234,151,88,41,5,693
POA5235,247,242,75,27,1328
POA5236,37,20,4,0,167
POA5237,34,27,4,0,156
POA5238,406,478,205,51,1988
POA5240,44,43,20,0,272
POA5241,234,126,76,18,1203
POA5242,156,145,57,22,951
POA5243,105,72,25,6,454
POA5244,436,295,150,54,2292
POA5245,309,303,177,88,1821
POA5250,310,232,97,19,1879
POA5251,1225,1047,505,164,9520
POA5252,541,363,110,18,3302
POA5253,1250,955,520,200,7537
POA5254,241,147,50,10,1118
POA5255,897,785,387,110,4874
POA5256,196,194,67,14,790
POA5259,107,79,41,0,510
POA5260,140,106,70,21,738
POA5261,25,8,0,5,124
POA5262,30,25,8,5,197
POA5263,11,12,5,0,70
POA5264,108,100,51,18,567
POA5265,34,21,9,0,169
POA5266,35,23,9,8,265
POA5267,160,80,30,11,886
POA5268,206,160,77,33,1568
POA5269,15,12,0,0,111
POA5270,56,30,11,0,263
POA5271,504,361,178,58,3140
POA5272,85,47,24,3,384
POA5273,8,3,3,0,59
POA5275,193,188,76,24,970
POA5276,151,137,69,11,709
POA5277,191,154,69,15,1127
POA5278,45,36,16,0,220
POA5279,44,40,11,0,231
POA5280,590,462,231,77,3130
POA5290,1574,1256,667,267,10729
POA5291,777,547,191,63,4425
POA5301,49,28,8,4,210
POA5302,49,37,25,11,375
POA5303,9,8,0,0,62
POA5304,80,41,19,7,386
POA5306,10,3,3,0,35
POA5307,48,33,20,7,205
POA5308,9,9,0,0,58
POA5309,8,4,3,0,54
POA5310,0,0,0,0,12
POA5311,29,22,3,0,176
POA5320,87,72,32,0,327
POA5321,56,52,9,3,210
POA5322,64,53,30,0,376
POA5330,246,245,114,39,1429
POA5331,28,25,8,0,148
POA5332,37,22,11,4,157
POA5333,405,316,160,50,2554
POA5340,114,88,35,4,660
POA5341,511,427,180,60,3227
POA5342,98,45,24,0,464
POA5343,356,312,113,61,2185
POA5344,78,44,27,6,349
POA5345,265,256,103,36,1547
POA5346,36,14,11,3,136
POA5350,56,28,8,0,265
POA5351,571,397,131,28,3009
POA5352,461,410,203,75,2618
POA5353,356,296,106,24,1798
POA5354,55,51,24,10,220
POA5355,573,490,240,82,3631
POA5356,84,51,12,0,363
POA5357,51,53,22,0,202
POA5360,135,70,20,10,612
POA5371,102,40,12,0,596
POA5372,152,102,32,15,1075
POA5373,295,241,121,47,1525
POA5374,138,97,55,11,639
POA5381,26,27,6,3,131
POA5400,83,39,7,4,522
POA5401,65,57,9,18,346
POA5410,26,11,3,0,122
POA5411,28,30,8,5,133
POA5412,105,111,64,23,509
POA5413,80,55,17,6,357
POA5414,15,17,5,0,68
POA5415,28,32,7,0,131
POA5416,24,16,9,4,96
POA5417,175,141,62,18,714
POA5418,17,5,3,0,56
POA5419,21,17,9,4,109
POA5420,0,0,4,0,30
POA5421,7,10,0,4,52
POA5422,159,146,54,16,715
POA5431,91,71,26,15,415
POA5432,17,16,6,0,88
POA5433,139,133,53,14,634
POA5434,125,156,38,6,562
POA5440,24,20,5,3,116
POA5451,92,81,28,6,370
POA5452,49,27,15,4,217
POA5453,469,392,154,49,2556
POA5454,20,24,11,0,156
POA5455,5,0,0,0,21
POA5460,46,47,15,0,265
POA5461,147,145,73,39,992
POA5462,47,24,10,0,196
POA5464,48,41,17,0,262
POA5470,25,9,6,0,65
POA5471,6,6,6,0,38
POA5472,19,20,7,0,99
POA5473,59,49,29,3,301
POA5480,62,71,30,10,380
POA5481,64,53,14,0,231
POA5482,39,24,10,9,206
POA5483,49,33,19,6,222
POA5485,81,85,33,4,383
POA5490,21,4,12,0,78
POA5491,132,84,39,17,731
POA5493,9,4,3,0,22
POA5495,90,86,31,7,332
POA5501,569,308,116,15,3301
POA5502,122,68,45,5,689
POA5510,15,8,0,0,52
POA5520,42,38,18,5,208
POA5521,9,6,0,0,51
POA5522,127,151,72,26,622
POA5523,155,145,63,25,859
POA5540,1075,744,377,103,5958
POA5550,63,52,22,6,386
POA5552,22,22,7,0,144
POA5554,379,272,150,81,2213
POA5555,56,39,23,3,229
POA5556,408,366,198,47,1903
POA5558,452,535,295,95,2320
POA5560,27,29,16,0,172
POA5570,41,65,26,3,235
POA5571,167,214,110,25,871
POA5572,13,7,0,0,71
POA5573,219,166,85,32,993
POA5575,244,229,121,36,1117
POA5576,95,86,32,9,426
POA5577,64,43,12,6,257
POA5580,40,24,16,0,157
POA5581,77,93,37,13,295
POA5582,58,61,49,6,262
POA5583,81,115,47,7,413
POA5600,596,391,197,97,3172
POA5601,17,20,4,0,46
POA5602,115,113,41,14,635
POA5603,44,33,5,5,186
POA5604,22,16,3,0,89
POA5605,166,165,76,35,845
POA5606,1015,745,357,139,6315
POA5607,465,391,119,14,2425
POA5608,976,528,328,88,5304
POA5609,109,49,38,5,890
POA5611,4,11,5,0,47
POA5630,8,4,3,0,63
POA5631,49,40,29,8,425
POA5632,13,0,0,0,80
POA5633,21,15,0,3,94
POA5640,93,51,32,22,460
POA5641,62,52,28,12,396
POA5642,13,6,5,0,80
POA5650,9,7,0,6,78
POA5651,5,4,0,0,25
POA5652,47,45,9,11,272
POA5653,7,0,0,0,23
POA5654,20,4,3,0,75
POA5655,0,11,0,0,27
POA5660,0,0,0,0,10
POA5661,6,4,0,0,51
POA5670,65,47,9,0,250
POA5671,19,18,4,0,94
POA5680,210,226,52,22,1032
POA5690,367,264,80,16,2045
POA5700,885,621,267,56,4917
POA5701,15,16,7,0,49
POA5710,167,103,43,6,1021
POA5713,0,0,0,0,13
POA5715,3,0,0,0,20
POA5717,28,11,0,0,69
POA5719,8,10,5,0,66
POA5720,93,27,5,0,614
POA5722,28,33,21,0,135
POA5723,317,278,136,24,1738
POA5724,39,32,0,0,128
POA5725,527,76,9,3,4198
POA5730,45,25,9,0,127
POA5731,170,65,11,3,756
POA5732,80,44,3,0,293
POA5733,39,31,12,0,159
POA5734,20,17,0,0,76
POA5950,19,4,0,0,44
POA6000,1089,612,247,90,11497
POA6003,238,134,40,5,2612
POA6004,1101,685,219,58,9233
POA6005,443,285,147,50,4496
POA6006,813,463,171,79,5664
POA6007,615,473,191,119,5346
POA6008,1613,1390,753,224,10873
POA6009,1758,1666,1036,388,12389
POA6010,1820,1546,1023,493,11309
POA6011,1057,808,452,178,5568
POA6012,866,682,382,131,5346
POA6014,1957,1338,719,372,13010
POA6015,836,468,386,171,3882
POA6016,775,429,146,58,6187
POA6017,205,152,62,17,2767
POA6018,3095,2224,1469,686,23531
POA6019,1883,1205,665,216,14487
POA6020,2120,1986,903,255,12208
POA6021,1432,950,558,219,10712
POA6022,328,362,170,38,2689
POA6023,1276,1189,549,134,8376
POA6024,918,930,419,66,6913
POA6025,2767,2042,770,185,16399
POA6026,2186,1542,517,272,11465
POA6027,3952,2671,1012,408,22739
POA6028,2414,1068,327,71,11913
POA6029,267,224,130,37,1586
POA6030,2924,1419,844,352,18910
POA6031,946,429,139,24,8353
POA6032,27,9,7,0,110
POA6033,47,21,4,0,187
POA6034,115,65,14,0,1619
POA6035,662,449,253,88,4702
POA6036,936,474,164,32,7655
POA6037,306,199,84,8,1644
POA6038,409,193,66,13,4631
POA6041,123,136,71,10,665
POA6042,12,27,6,0,61
POA6043,33,34,11,0,113
POA6044,125,134,67,15,630
POA6050,1424,1073,601,327,9571
POA6051,832,657,225,38,8264
POA6052,968,577,261,97,6397
POA6053,1160,756,349,171,8333
POA6054,1546,1008,464,121,10253
POA6055,1520,861,376,106,15465
POA6056,2940,2158,1140,483,19520
POA6057,1067,710,396,96,7236
POA6058,829,651,248,105,6011
POA6059,1855,1339,814,288,12371
POA6060,1678,1074,489,266,14844
POA6061,1910,1249,577,169,19470
POA6062,2148,1719,931,249,16397
POA6063,858,519,169,28,6103
POA6064,1747,1199,547,191,12328
POA6065,3705,2256,1064,408,31144
POA6066,1449,695,274,54,7633
POA6067,9,0,0,0,38
POA6068,0,0,0,0,3
POA6069,2287,1246,592,167,19906
POA6070,394,317,170,35,2042
POA6071,375,281,135,22,1854
POA6072,96,69,19,10,438
POA6073,296,274,155,56,1604
POA6074,90,84,34,6,475
POA6076,2042,1866,1130,402,11645
POA6077,167,145,76,17,734
POA6078,90,70,25,0,419
POA6079,0,4,0,0,13
POA6081,500,316,113,24,2441
POA6082,293,191,87,15,1619
POA6083,395,229,99,17,1765
POA6084,763,409,162,31,4089
POA6090,0,0,0,0,16
POA6100,1297,790,249,64,10257
POA6101,1092,719,278,85,10191
POA6102,585,465,496,483,8230
POA6103,668,381,160,52,6500
POA6104,1073,657,322,202,8177
POA6105,837,573,296,97,8012
POA6106,4,0,0,0,11
POA6107,2336,1379,644,189,24576
POA6108,1522,1136,544,118,10653
POA6109,648,459,244,85,5548
POA6110,2336,1561,824,398,19378
POA6111,1836,1404,613,181,11091
POA6112,3391,2038,919,264,31938
POA6121,285,148,45,10,1399
POA6122,982,547,200,48,9037
POA6123,130,68,17,10,945
POA6124,117,48,33,6,566
POA6125,273,179,81,21,1528
POA6126,34,29,9,0,149
POA6147,933,742,324,67,7151
POA6148,1512,1231,740,285,10189
POA6149,1690,1628,646,219,10208
POA6150,1283,1222,728,390,8220
POA6151,1676,1323,577,183,10574
POA6152,2158,1709,930,572,15581
POA6153,2065,1714,785,253,12449
POA6154,904,655,450,287,5894
POA6155,3803,2454,890,215,26410
POA6156,1526,927,596,304,9705
POA6157,1237,955,485,199,8077
POA6158,858,605,307,165,4544
POA6159,470,382,213,84,2510
POA6160,1055,789,334,90,6496
POA6161,58,52,23,4,300
POA6162,1258,896,306,85,6859
POA6163,4415,2999,1392,613,28530
POA6164,3527,1931,720,260,32292
POA6165,11,0,0,0,34
POA6166,911,602,250,48,5321
POA6167,1428,896,360,122,11932
POA6168,1965,1482,879,343,11953
POA6169,2865,1703,933,343,15795
POA6170,688,337,115,15,7968
POA6171,1600,891,494,67,15999
POA6172,903,413,214,99,5582
POA6173,753,268,99,15,5479
POA6174,279,130,55,11,2533
POA6175,259,120,49,15,1807
POA6176,110,69,17,12,900
POA6180,303,243,134,22,2858
POA6181,48,20,5,0,233
POA6182,0,0,0,0,0
POA6207,94,48,11,6,532
POA6208,814,750,472,171,5202
POA6209,157,145,78,14,827
POA6210,5672,4909,2957,1150,33032
POA6211,657,620,280,43,3664
POA6213,72,59,17,6,334
POA6214,54,46,11,4,272
POA6215,358,243,135,52,1869
POA6218,39,31,8,9,201
POA6219,62,31,12,5,266
POA6220,286,244,134,62,1882
POA6221,48,17,7,0,202
POA6223,11,6,4,0,70
POA6224,95,63,30,8,544
POA6225,671,481,235,83,3845
POA6226,87,51,9,0,425
POA6227,55,39,15,3,354
POA6228,5,3,4,6,46
POA6229,22,26,12,4,92
POA6230,3406,2326,1083,409,21217
POA6232,639,441,275,156,4898
POA6233,1500,999,387,78,8954
POA6236,221,169,44,15,1088
POA6237,273,185,54,7,1246
POA6239,388,303,148,37,2069
POA6240,15,22,17,0,87
POA6243,8,12,0,0,37
POA6244,137,99,64,9,708
POA6251,32,26,7,0,133
POA6252,17,7,4,0,65
POA6253,74,106,44,8,400
POA6254,83,31,16,0,319
POA6255,445,483,184,33,2252
POA6256,49,31,10,0,222
POA6258,495,351,155,47,2649
POA6260,174,113,48,22,825
POA6262,96,60,24,3,353
POA6271,278,209,77,11,1502
POA6275,172,199,85,12,803
POA6280,2435,2086,1063,364,14441
POA6281,734,717,319,58,4579
POA6282,247,212,64,7,1136
POA6284,217,130,38,12,1419
POA6285,975,683,236,86,5771
POA6286,102,67,20,0,464
POA6288,43,38,16,3,304
POA6290,227,257,121,40,971
POA6302,350,367,196,49,1675
POA6304,146,163,70,19,744
POA6306,70,50,24,9,379
POA6308,124,109,53,7,648
POA6309,26,27,6,3,131
POA6311,64,41,27,5,262
POA6312,349,256,136,78,2130
POA6313,19,15,8,0,98
POA6315,127,120,54,7,696
POA6316,34,33,9,0,171
POA6317,253,161,89,37,1600
POA6318,38,38,16,0,216
POA6320,46,17,4,0,198
POA6321,30,17,12,5,175
POA6322,19,19,10,3,110
POA6323,99,97,35,0,447
POA6324,334,270,111,52,1725
POA6326,42,43,11,0,223
POA6327,22,15,9,3,119
POA6328,44,23,15,0,208
POA6330,3274,2524,1274,488,18165
POA6333,765,663,333,84,3584
POA6335,60,34,8,6,308
POA6336,22,18,0,0,118
POA6337,39,10,6,0,238
POA6338,59,42,16,3,306
POA6341,9,18,3,0,97
POA6343,14,13,6,0,108
POA6346,139,51,3,0,809
POA6348,96,67,47,3,534
POA6350,33,20,11,0,145
POA6351,5,3,0,0,28
POA6352,21,6,0,0,104
POA6353,54,30,12,6,330
POA6355,32,13,3,0,186
POA6356,9,4,0,0,49
POA6357,5,7,0,0,30
POA6358,5,4,0,0,38
POA6359,74,25,13,6,389
POA6361,9,8,0,0,44
POA6363,0,0,0,0,30
POA6365,42,25,8,3,215
POA6367,27,14,4,3,124
POA6368,0,3,3,0,35
POA6369,49,25,27,13,270
POA6370,43,18,13,7,177
POA6372,13,10,5,0,54
POA6373,3,5,0,0,29
POA6375,53,54,23,14,358
POA6383,91,99,36,16,468
POA6384,0,0,0,0,9
POA6385,5,4,0,0,5
POA6386,16,9,0,0,62
POA6390,194,103,34,7,959
POA6391,70,40,23,7,451
POA6392,46,19,7,7,167
POA6393,5,5,0,0,40
POA6394,40,31,13,0,227
POA6395,124,64,50,29,645
POA6396,41,19,5,3,180
POA6397,10,7,3,0,37
POA6398,81,70,36,4,326
POA6401,625,474,223,75,3639
POA6403,20,7,3,0,64
POA6405,13,18,8,0,121
POA6407,54,31,21,6,361
POA6409,33,15,10,4,161
POA6410,75,47,40,17,355
POA6411,19,10,6,0,76
POA6412,13,5,0,0,36
POA6413,6,8,4,0,28
POA6414,9,10,4,0,38
POA6415,214,136,56,22,1256
POA6418,51,42,25,9,338
POA6419,0,0,0,0,26
POA6420,0,0,0,0,22
POA6421,4,7,0,0,63
POA6422,3,0,0,0,30
POA6423,49,9,10,0,180
POA6424,4,3,0,0,29
POA6425,8,4,0,0,32
POA6426,138,46,12,4,807
POA6427,45,13,0,0,258
POA6428,12,4,0,0,30
POA6429,156,74,10,4,877
POA6430,1488,721,238,86,10986
POA6431,138,39,8,0,988
POA6432,584,286,62,6,3188
POA6434,42,12,0,0,462
POA6436,54,31,3,0,282
POA6437,145,33,0,0,1253
POA6438,225,99,18,0,1509
POA6440,515,99,10,0,3007
POA6442,214,90,34,4,1470
POA6443,126,107,18,0,709
POA6445,15,8,0,0,62
POA6446,10,3,5,0,50
POA6447,10,4,0,0,78
POA6448,22,22,3,4,166
POA6450,947,642,413,103,5989
POA6452,0,0,0,0,4
POA6460,54,60,12,5,287
POA6461,28,45,6,3,197
POA6462,7,10,0,0,56
POA6463,0,0,0,0,10
POA6465,0,0,0,0,14
POA6466,0,4,0,0,16
POA6467,4,5,0,0,10
POA6468,16,4,6,0,87
POA6470,0,0,0,0,4
POA6472,5,4,0,4,58
POA6473,0,0,0,0,14
POA6475,18,25,10,0,123
POA6476,0,5,0,0,9
POA6477,19,9,3,0,97
POA6479,48,28,14,7,238
POA6480,4,0,0,0,23
POA6484,0,0,0,0,12
POA6485,26,27,18,9,189
POA6487,4,0,0,0,18
POA6488,10,5,4,0,56
POA6489,10,15,4,0,50
POA6490,24,23,3,0,128
POA6501,70,43,19,5,389
POA6502,120,98,50,6,538
POA6503,187,147,88,10,1002
POA6504,34,18,20,0,139
POA6505,10,7,3,0,51
POA6506,5,7,0,0,26
POA6507,82,31,10,4,462
POA6509,21,21,12,0,106
POA6510,156,125,45,19,854
POA6511,50,66,17,5,260
POA6512,8,12,0,0,36
POA6513,12,5,5,0,68
POA6514,74,81,37,7,299
POA6515,31,27,4,0,149
POA6516,193,214,69,18,972
POA6517,28,39,19,0,217
POA6518,39,14,12,5,131
POA6519,50,42,20,0,292
POA6521,35,33,14,0,189
POA6522,61,57,23,5,284
POA6525,364,374,178,33,1826
POA6528,33,22,10,4,155
POA6530,2473,1715,836,352,15464
POA6532,570,369,106,19,3262
POA6535,171,172,55,17,756
POA6536,305,367,112,18,1336
POA6537,365,373,117,6,1633
POA6556,207,120,32,9,940
POA6558,112,58,16,3,586
POA6560,106,88,47,9,546
POA6562,90,122,29,6,617
POA6564,34,34,5,5,159
POA6566,417,357,139,23,1654
POA6567,71,47,28,0,235
POA6568,15,17,4,0,70
POA6569,13,8,10,5,96
POA6571,4,4,0,0,32
POA6572,0,0,0,0,15
POA6574,3,3,0,0,34
POA6575,3,8,4,0,47
POA6603,82,74,26,5,483
POA6605,6,0,0,0,19
POA6606,3,7,0,3,47
POA6608,20,4,0,0,69
POA6609,49,36,21,10,355
POA6612,25,23,8,4,91
POA6613,10,3,0,0,20
POA6614,0,0,0,0,7
POA6616,8,4,0,0,30
POA6620,120,42,11,5,691
POA6623,57,80,24,10,329
POA6625,0,4,0,0,24
POA6627,6,4,4,0,35
POA6628,0,0,0,0,4
POA6630,54,95,8,0,325
POA6631,5,0,0,0,5
POA6632,0,0,4,0,33
POA6635,121,46,8,0,845
POA6638,181,93,18,4,991
POA6639,51,24,15,0,224
POA6640,72,47,9,0,359
POA6642,250,111,29,0,1541
POA6646,108,39,7,0,949
POA6701,823,885,255,33,4310
POA6705,41,54,7,0,169
POA6707,661,712,198,26,3659
POA6710,260,214,51,0,1323
POA6712,37,6,0,0,268
POA6713,122,48,14,0,727
POA6714,1704,617,135,12,13164
POA6716,264,76,8,0,1690
POA6718,51,32,10,0,262
POA6720,299,180,38,3,1834
POA6721,593,334,78,4,3737
POA6722,941,307,58,15,7004
POA6725,1512,1233,304,45,8565
POA6726,1007,933,301,23,5518
POA6728,615,462,77,7,3379
POA6740,236,151,30,0,1261
POA6743,921,637,115,19,4945
POA6751,955,353,63,0,6192
POA6753,1306,250,27,0,9587
POA6754,148,22,8,4,1007
POA6758,261,37,3,3,2163
POA6760,249,104,8,0,1573
POA6762,121,16,0,0,887
POA6765,152,116,17,0,848
POA6770,370,287,56,8,1871
POA7000,1639,1196,466,203,11347
POA7004,758,691,382,149,5396
POA7005,1185,1183,649,231,9145
POA7007,324,293,104,22,2050
POA7008,1109,813,318,132,7836
POA7009,856,555,251,78,7283
POA7010,1050,760,454,218,8875
POA7011,924,605,435,151,6939
POA7012,81,58,10,4,414
POA7015,888,798,504,269,6015
POA7016,138,72,36,9,1153
POA7017,495,358,124,34,2971
POA7018,1741,1481,891,307,12261
POA7019,314,226,91,14,3290
POA7020,337,180,43,3,1423
POA7021,260,160,71,21,1328
POA7022,105,89,38,9,514
POA7023,56,46,13,0,209
POA7024,64,44,9,4,329
POA7025,222,171,89,19,1043
POA7026,97,49,32,6,549
POA7027,35,21,4,0,196
POA7030,1010,761,288,57,7390
POA7050,935,890,504,165,7897
POA7052,672,573,269,80,4128
POA7053,425,349,152,70,2161
POA7054,844,628,276,70,4984
POA7055,21,20,7,0,276
POA7109,1041,629,243,45,4940
POA7112,343,382,134,9,1792
POA7113,143,127,60,58,749
POA7116,266,227,92,9,1210
POA7117,113,72,46,12,440
POA7119,5,0,0,0,10
POA7120,172,123,52,16,762
POA7139,0,0,0,0,9
POA7140,898,612,277,70,5011
POA7150,419,278,109,20,1860
POA7155,111,115,46,13,542
POA7162,107,80,44,0,406
POA7163,48,42,25,0,228
POA7170,655,418,136,16,3063
POA7171,288,213,102,29,1860
POA7172,315,232,130,44,2025
POA7173,789,515,155,25,3772
POA7174,16,13,8,0,95
POA7175,27,19,9,0,100
POA7176,23,6,3,4,95
POA7177,32,35,12,0,186
POA7178,50,32,10,6,164
POA7179,56,63,23,6,249
POA7180,28,30,5,0,82
POA7182,37,32,8,7,160
POA7183,5,5,0,0,14
POA7184,108,82,48,7,443
POA7185,28,15,6,5,80
POA7186,20,29,10,3,105
POA7187,28,26,8,7,88
POA7190,405,375,183,58,1692
POA7209,39,48,12,5,169
POA7210,86,88,29,11,454
POA7211,30,15,9,0,108
POA7212,184,175,79,16,899
POA7213,17,20,3,0,115
POA7214,59,59,14,3,270
POA7215,533,447,160,37,2421
POA7216,438,382,184,34,1794
POA7248,879,579,351,97,7719
POA7249,832,623,393,218,6723
POA7250,4131,3137,1672,530,25602
POA7252,345,261,106,14,1558
POA7253,368,378,194,43,2067
POA7254,51,43,8,3,264
POA7255,93,112,50,13,463
POA7256,126,126,53,18,773
POA7257,0,6,3,0,25
POA7258,110,67,21,3,481
POA7259,56,32,7,0,241
POA7260,230,192,126,78,1334
POA7261,25,18,0,0,104
POA7262,192,150,66,23,935
POA7263,55,39,16,4,247
POA7264,66,39,16,9,255
POA7265,22,17,3,5,88
POA7267,86,45,15,4,390
POA7268,117,94,33,10,597
POA7270,492,456,171,35,2040
POA7275,393,298,132,26,1689
POA7276,73,42,12,7,306
POA7277,568,447,284,100,3305
POA7290,168,108,57,10,1057
POA7291,47,30,21,4,315
POA7292,47,39,15,0,297
POA7300,303,215,100,12,1720
POA7301,348,344,172,49,2082
POA7302,125,69,36,9,725
POA7303,271,229,80,18,1326
POA7304,551,496,219,57,2812
POA7305,102,69,40,8,518
POA7306,489,313,126,29,2277
POA7307,956,913,438,130,5361
POA7310,2139,1775,868,297,12923
POA7315,1318,1031,533,164,6982
POA7316,596,412,184,37,3020
POA7320,1237,785,473,172,7598
POA7321,473,334,131,19,2437
POA7322,335,243,143,35,1752
POA7325,800,618,319,83,4015
POA7330,460,339,142,44,2846
POA7331,80,53,19,4,309
POA7466,0,4,0,0,12
POA7467,160,117,54,18,836
POA7468,83,54,27,7,448
POA7469,108,59,12,4,429
POA7470,98,55,20,3,411
POA0800,1362,900,218,14,8465
POA0810,2450,1716,660,136,19834
POA0812,1481,985,313,48,9230
POA0820,1940,1174,407,85,13598
POA0822,1862,1183,240,15,9911
POA0828,285,195,34,0,1398
POA0829,184,159,47,21,1141
POA0830,1261,619,182,53,8947
POA0832,745,344,84,25,8821
POA0834,228,203,34,6,1108
POA0835,617,377,106,16,3983
POA0836,666,418,86,11,3903
POA0837,90,93,12,0,357
POA0838,112,94,22,0,559
POA0839,82,103,11,0,467
POA0840,91,116,21,0,361
POA0841,69,67,29,0,394
POA0845,89,66,10,0,334
POA0846,98,116,23,6,401
POA0847,54,49,7,0,244
POA0850,981,695,151,18,5496
POA0852,1100,923,151,11,5902
POA0853,21,5,0,0,485
POA0854,66,40,4,0,297
POA0860,290,159,44,0,1452
POA0862,117,151,21,0,702
POA0870,1863,1092,265,38,11925
POA0872,1195,640,115,12,6391
POA0873,467,441,114,33,2110
POA0874,85,22,0,0,387
POA0875,156,53,20,3,1043
POA0880,373,142,35,5,2557
POA0885,63,19,4,0,429
POA0886,259,135,36,0,1049
POA2600,955,925,472,165,5879
POA2601,290,161,46,15,4873
POA2602,2836,1864,919,486,21646
POA2603,1171,804,413,197,7047
POA2604,1252,864,410,170,9283
POA2605,1270,958,683,387,7974
POA2606,831,581,376,123,7932
POA2607,1421,1040,775,265,8668
POA2609,143,95,39,3,734
POA2611,2461,1985,1223,393,21108
POA2612,1321,940,420,141,13659
POA2614,1646,1395,1034,365,12345
POA2615,3074,2496,1135,220,24452
POA2617,2379,2057,869,302,23468
POA2618,132,120,56,9,751
POA2900,273,253,177,63,2655
POA2902,1241,1224,519,89,8274
POA2903,826,738,219,30,5056
POA2904,1331,1011,380,133,7037
POA2905,2552,1354,430,129,14061
POA2906,1555,677,279,106,8808
POA2911,213,145,89,23,2739
POA2912,451,208,67,16,5145
POA2913,2521,1438,596,97,21601
POA2914,1417,679,228,30,18372
POA2899,298,227,111,27,1274
POA6798,164,107,18,0,1243
POA6799,82,50,22,0,364
POA9797,815,207,29,6,4449
