SOSR_CODE_2021,M_Arthritis_0_14,M_Arthritis_15_24,M_Arthritis_25_34,M_Arthritis_35_44,M_Arthritis_45_54,M_Arthritis_55_64,M_Arthritis_65_74,M_Arthritis_75_84,M_Arthritis_85_over,M_Arthritis_Tot,M_Asthma_0_14,M_Asthma_15_24,M_Asthma_25_34,M_Asthma_35_44,M_Asthma_45_54,M_Asthma_55_64,M_Asthma_65_74,M_Asthma_75_84,M_Asthma_85_over,M_Asthma_Tot,M_Cancer_0_14,M_Cancer_15_24,M_Cancer_25_34,M_Cancer_35_44,M_Cancer_45_54,M_Cancer_55_64,M_Cancer_65_74,M_Cancer_75_84,M_Cancer_85_over,M_Cancer_Tot,M_Dementia_0_14,M_Dementia_15_24,M_Dementia_25_34,M_Dementia_35_44,M_Dementia_45_54,M_Dementia_55_64,M_Dementia_65_74,M_Dementia_75_84,M_Dementia_85_over,M_Dementia_Tot,M_Diabetes_0_14,M_Diabetes_15_24,M_Diabetes_25_34,M_Diabetes_35_44,M_Diabetes_45_54,M_Diabetes_55_64,M_Diabetes_65_74,M_Diabetes_75_84,M_Diabetes_85_over,M_Diabetes_Tot,M_Heart_disease_0_14,M_Heart_disease_15_24,M_Heart_disease_25_34,M_Heart_disease_35_44,M_Heart_disease_45_54,M_Heart_disease_55_64,M_Heart_disease_65_74,M_Heart_disease_75_84,M_Heart_disease_85_over,M_Heart_disease_Tot,M_Kidney_disease_0_14,M_Kidney_disease_15_24,M_Kidney_disease_25_34,M_Kidney_disease_35_44,M_Kidney_disease_45_54,M_Kidney_disease_55_64,M_Kidney_disease_65_74,M_Kidney_disease_75_84,M_Kidney_disease_85_over,M_Kidney_disease_Tot,M_Lung_cond_0_14,M_Lung_cond_15_24,M_Lung_cond_25_34,M_Lung_cond_35_44,M_Lung_cond_45_54,M_Lung_cond_55_64,M_Lung_cond_65_74,M_Lung_cond_75_84,M_Lung_cond_85_over,M_Lung_cond_Tot,M_Mental_health_cond_0_14,M_Mental_health_cond_15_24,M_Mental_health_cond_25_34,M_Mental_health_cond_35_44,M_Mental_health_cond_45_54,M_Mental_health_cond_55_64,M_Mental_health_cond_65_74,M_Mental_health_cond_75_84,M_Mental_health_cond_85_over,M_Mental_health_cond_Tot,M_Stroke_0_14,M_Stroke_15_24,M_Stroke_25_34,M_Stroke_35_44,M_Stroke_45_54,M_Stroke_55_64,M_Stroke_65_74,M_Stroke_75_84,M_Stroke_85_over,M_Stroke_Tot,M_Oth_lt_health_cond_0_14,M_Oth_lt_health_cond_15_24,M_Oth_lt_health_cond_25_34,M_Oth_lt_health_cond_35_44,M_Oth_lt_health_cond_45_54,M_Oth_lt_health_cond_55_64,M_Oth_lt_health_cond_65_74,M_Oth_lt_health_cond_75_84,M_Oth_lt_health_cond_85_over,M_Oth_lt_health_cond_Tot,M_No_lt_health_cond_0_14,M_No_lt_health_cond_15_24,M_No_lt_health_cond_25_34,M_No_lt_health_cond_35_44,M_No_lt_health_cond_45_54,M_No_lt_health_cond_55_64,M_No_lt_health_cond_65_74,M_No_lt_health_cond_75_84,M_No_lt_health_cond_85_over,M_No_lt_health_cond_Tot,M_NS_0_14,M_NS_15_24,M_NS_25_34,M_NS_35_44,M_NS_45_54,M_NS_55_64,M_NS_65_74,M_NS_75_84,M_NS_85_over,M_NS_Tot,M_Tot_0_14,M_Tot_15_24,M_Tot_25_34,M_Tot_35_44,M_Tot_45_54,M_Tot_55_64,M_Tot_65_74,M_Tot_75_84,M_Tot_85_over,M_Tot_Tot,F_Arthritis_0_14,F_Arthritis_15_24,F_Arthritis_25_34,F_Arthritis_35_44,F_Arthritis_45_54,F_Arthritis_55_64,F_Arthritis_65_74,F_Arthritis_75_84,F_Arthritis_85_over,F_Arthritis_Tot,F_Asthma_0_14,F_Asthma_15_24,F_Asthma_25_34,F_Asthma_35_44,F_Asthma_45_54,F_Asthma_55_64,F_Asthma_65_74,F_Asthma_75_84,F_Asthma_85_over,F_Asthma_Tot,F_Cancer_0_14,F_Cancer_15_24,F_Cancer_25_34,F_Cancer_35_44,F_Cancer_45_54,F_Cancer_55_64,F_Cancer_65_74,F_Cancer_75_84,F_Cancer_85_over,F_Cancer_Tot,F_Dementia_0_14,F_Dementia_15_24,F_Dementia_25_34,F_Dementia_35_44,F_Dementia_45_54,F_Dementia_55_64,F_Dementia_65_74,F_Dementia_75_84,F_Dementia_85_over,F_Dementia_Tot,F_Diabetes_0_14,F_Diabetes_15_24,F_Diabetes_25_34,F_Diabetes_35_44,F_Diabetes_45_54,F_Diabetes_55_64,F_Diabetes_65_74,F_Diabetes_75_84,F_Diabetes_85_over,F_Diabetes_Tot,F_Heart_disease_0_14,F_Heart_disease_15_24,F_Heart_disease_25_34,F_Heart_disease_35_44,F_Heart_disease_45_54,F_Heart_disease_55_64,F_Heart_disease_65_74,F_Heart_disease_75_84,F_Heart_disease_85_over,F_Heart_disease_Tot
SOSR101,270,748,2873,5968,11981,22078,28443,21536,8936,102825,28855,21879,22541,21187,16466,13444,10214,5482,1888,141947,402,522,1192,2138,3930,9184,14690,12092,4470,48631,19,40,54,73,220,612,1943,4765,4674,12404,542,1223,2822,8776,16143,28134,31837,19359,5544,114387,670,627,1042,2715,7765,18454,27910,22886,9742,91810,482,364,653,1176,1889,3203,4703,4380,2251,19099,385,284,475,880,1912,4454,7037,6407,2663,24497,6152,15481,20649,19066,19028,16065,9883,4892,2173,113385,104,114,214,544,1340,3195,5139,5120,2540,18309,17507,11577,13599,17685,21587,26233,22668,12798,5928,149591,361334,226210,285528,262038,192454,132063,68111,26596,6660,1560993,32254,23393,30547,26495,21973,17551,11517,7592,4420,175733,443422,295341,371633,354148,291570,247729,178179,97904,35578,2315505,360,1198,3864,8716,20830,39510,51775,41942,21699,189904,18316,20066,26407,25051,22463,19505,16366,9678,3945,161794,334,469,1423,3711,8448,12938,15099,10915,4735,58070,15,18,38,64,205,571,1916,6121,9457,18411,544,1291,3147,6720,12220,21689,25922,17630,6873,96024,524,547,901,1560,3515,8326,14939,15963,11343,57609
SOSR102,83,258,848,1960,4357,9054,12366,9556,3561,42035,8968,5950,5730,5686,4841,4403,3753,2327,692,42353,102,131,289,528,1177,3028,5477,4716,1603,17047,3,6,11,22,64,249,734,1889,1600,4577,165,369,655,1390,3304,6350,8900,6465,1714,29317,173,182,256,589,1981,5320,9191,8328,3332,29350,124,111,148,260,497,915,1661,1719,855,6283,111,99,156,283,860,2121,3404,3213,1219,11470,2818,6463,7282,7129,7412,6888,4488,2240,818,45524,40,40,78,134,443,1038,1888,2008,894,6551,5282,3396,3302,4113,5403,6984,6431,3832,1725,40471,72577,44660,44778,41007,37466,28950,17172,7164,1743,295518,7768,5651,5050,4894,5033,4384,3287,2279,1301,39644,95844,64477,64933,62944,63902,62271,52997,32466,11358,511183,104,415,1295,2923,7350,14573,20634,16842,8574,72712,6213,6380,7952,7869,7536,7592,7137,4343,1638,56661,88,138,344,968,2264,4053,5456,4272,1746,19330,10,11,7,19,47,171,682,2048,3187,6175,163,417,813,1359,2911,5163,7043,5457,2236,25559,141,142,221,404,1084,2770,5185,6144,4318,20423
SOSR111,17,54,214,430,858,1739,2348,1595,588,7844,1918,1026,1295,1166,941,808,775,381,104,8417,21,20,52,119,242,537,1031,805,291,3114,3,0,3,10,14,67,120,283,218,711,37,63,170,319,705,1120,1610,1054,258,5333,31,34,72,137,422,963,1749,1454,583,5434,26,25,27,47,84,162,270,297,142,1078,21,26,29,74,178,431,766,534,181,2237,690,1271,1578,1589,1499,1283,888,395,117,9310,8,9,14,30,87,184,343,351,140,1158,1208,620,684,784,1022,1170,1115,583,213,7387,14161,7792,8219,7243,6062,4640,2935,1204,271,52527,1769,1025,1078,981,941,806,542,387,207,7738,19317,11448,12575,11760,11158,10567,9418,5354,1745,93341,25,88,287,701,1521,2788,3855,2935,1397,13592,1399,1366,1759,1645,1543,1502,1413,793,292,11715,25,19,82,161,398,674,944,707,297,3308,0,0,3,16,17,41,140,336,437,982,44,88,206,331,665,1012,1280,943,336,4899,34,41,55,96,225,614,1034,1165,771,4035
SOSR112,46,155,512,1023,2184,4588,6639,5067,1849,22066,5095,3132,3100,2840,2432,2485,2258,1283,412,23033,47,81,157,253,527,1542,3059,2546,893,9109,6,8,9,9,37,115,435,987,838,2443,89,185,395,849,1817,3295,4658,3151,893,15329,114,114,178,358,962,2615,4763,4301,1847,15248,66,67,113,145,250,488,899,904,434,3368,89,56,95,214,485,1234,1988,1663,614,6442,1673,3509,3928,3609,3783,3530,2493,1195,480,24210,20,23,38,98,223,546,1008,1074,474,3504,2966,1732,1726,2010,2597,3389,3203,1913,898,20432,35763,20569,21612,17941,15995,13040,8697,3912,1066,138595,5073,3857,4327,3684,3379,2637,1916,1372,703,26951,49544,31761,34000,29998,29699,30023,27579,17160,6165,255932,51,228,673,1533,3571,7468,10828,8926,4592,37870,3715,3641,4392,4143,4037,4362,4218,2543,978,32025,56,71,181,442,1070,1944,2765,2249,960,9744,5,4,10,8,38,90,337,1162,1817,3469,87,239,501,840,1649,2905,3556,2716,1020,13511,93,106,184,224,612,1604,2773,3185,2329,11111
SOSR113,43,63,207,501,1050,2491,3573,2620,909,11456,2079,1234,1152,1104,1053,1151,1168,638,192,9773,14,31,45,110,243,709,1489,1215,426,4282,3,5,0,0,14,54,197,460,347,1093,42,97,145,306,776,1651,2441,1638,434,7535,42,52,71,141,452,1368,2500,2087,883,7597,27,22,35,54,128,248,467,462,236,1685,44,29,36,93,244,690,1083,850,295,3366,763,1408,1555,1556,1789,1796,1343,593,226,11031,3,10,19,40,100,272,503,539,245,1724,1214,687,643,850,1162,1728,1658,963,436,9341,15027,8327,8637,7574,7317,6378,4647,2063,498,60467,2360,1583,1727,1536,1445,1284,1047,647,280,11907,21011,12877,13469,12667,13455,14909,14687,8769,2850,114705,25,78,321,747,1777,3770,5420,4304,2150,18590,1513,1339,1714,1741,1799,1971,2020,1200,436,13746,17,21,73,170,471,890,1335,1025,450,4453,0,0,6,8,14,46,191,554,822,1638,32,85,177,386,788,1362,1935,1438,595,6807,44,39,66,117,301,721,1394,1619,1186,5480
SOSR114,23,70,239,527,1073,2513,3929,2966,1077,12415,2330,1366,1297,1226,1114,1299,1304,702,237,10881,20,31,56,118,299,804,1696,1492,541,5056,0,0,3,13,14,60,198,526,441,1258,50,103,162,337,861,1659,2685,1842,525,8230,52,49,67,161,491,1307,2748,2523,1038,8430,31,32,38,85,120,240,467,521,242,1771,42,38,34,71,231,675,1166,1069,338,3663,803,1288,1450,1539,1743,1767,1314,663,237,10806,11,3,16,43,95,280,551,576,283,1863,1370,645,642,871,1163,1743,1647,995,479,9553,18079,9473,9892,8694,8102,7128,5102,2378,589,69432,2597,1505,1646,1583,1503,1456,1246,783,371,12699,24715,13957,14775,14059,14552,16114,16064,10112,3490,127836,37,103,308,776,1756,3916,5871,4974,2502,20236,1688,1499,1931,1860,1817,2143,2236,1414,515,15097,17,28,87,210,418,983,1503,1171,514,4933,0,0,3,11,7,45,154,532,859,1609,48,100,207,367,712,1401,1966,1516,555,6865,28,40,73,144,274,744,1583,1787,1226,5893
SOSR115,34,88,301,649,1673,4088,6354,4402,1508,19093,3265,1761,1643,1737,1568,1876,1992,1077,340,15261,23,41,95,168,388,1284,2740,2013,627,7391,0,0,7,6,28,70,285,694,578,1678,67,115,172,428,1061,2565,4143,2682,649,11883,59,61,94,188,655,2193,4297,3675,1329,12550,40,29,57,82,175,413,703,760,291,2545,41,27,62,116,333,1031,1884,1456,476,5422,980,1721,1828,2168,2398,2671,2115,978,343,15201,4,8,26,38,163,445,841,832,372,2741,1627,931,906,1166,1718,2736,2822,1531,601,14029,24553,12936,12812,11844,11837,10826,8386,3554,762,97520,3800,2303,2215,2218,2271,2327,1996,1234,507,18869,33743,19197,19154,19205,21037,24867,25978,14829,4523,182530,35,132,446,995,2521,6077,8939,6928,3345,29416,2375,1907,2441,2508,2614,3147,3245,1924,646,20813,27,37,113,256,714,1521,2334,1700,653,7349,0,5,8,5,24,60,281,778,1200,2357,58,134,242,460,993,1934,2919,2206,787,9736,40,49,86,154,409,1167,2303,2512,1640,8364
SOSR121,11,30,81,172,455,1196,1708,1004,247,4900,873,488,382,471,475,562,566,257,72,4141,9,14,19,58,111,340,742,478,110,1874,4,5,3,3,10,16,65,133,78,307,22,29,44,104,290,668,978,641,134,2905,24,11,30,52,169,587,1105,813,230,3025,10,11,16,25,60,97,189,167,61,638,8,6,24,27,68,268,490,316,104,1310,295,463,480,568,674,770,581,199,43,4077,7,6,5,13,39,118,209,183,47,622,451,229,228,292,480,811,775,330,102,3706,6996,3569,3099,3302,3619,3340,2439,874,174,27413,914,526,474,512,543,582,567,276,121,4510,9373,5182,4589,5172,6170,7305,7149,3465,876,49285,14,34,113,273,747,1673,2237,1429,512,7025,706,517,581,684,766,862,840,435,104,5491,13,19,21,78,199,457,580,375,95,1838,0,0,0,3,4,22,53,115,145,344,8,31,53,120,276,507,721,452,145,2317,21,12,25,35,95,263,609,496,265,1818
SOSR122,9,14,39,105,244,774,970,548,136,2843,368,235,221,240,271,331,317,123,44,2159,0,4,5,22,51,212,379,269,70,1004,0,0,0,3,3,16,42,70,41,175,13,8,22,69,154,411,596,327,53,1657,8,13,12,29,131,378,664,455,132,1822,6,3,6,16,28,70,97,89,36,350,9,5,9,20,62,188,301,175,47,821,96,216,249,282,353,489,301,97,22,2102,0,0,0,3,18,69,132,108,42,386,207,119,123,146,272,498,397,183,44,1987,3369,1736,1619,1622,1889,1931,1285,466,85,14012,529,364,344,377,468,529,416,204,52,3281,4514,2632,2513,2693,3449,4513,4048,1935,435,26716,6,15,59,116,404,1005,1239,708,264,3813,262,238,288,316,387,512,463,208,43,2716,3,7,13,48,109,249,304,154,52,937,0,0,0,0,4,4,32,79,80,203,3,19,43,65,171,336,425,235,66,1360,9,7,15,19,75,194,316,250,141,1030
SOSR131,52,133,352,979,2718,6560,8819,4734,1196,25542,4146,2484,1932,2468,2900,3164,2839,1114,250,21300,56,58,102,244,707,2155,3925,2502,562,10314,11,0,4,6,29,97,328,612,322,1408,101,171,235,480,1665,3579,5067,2800,518,14621,101,92,110,245,1097,3575,5982,4062,1089,16353,77,64,56,99,250,527,897,725,255,2951,74,45,61,149,446,1443,2315,1427,367,6331,1209,2060,1970,2589,3450,3844,2583,893,177,18783,17,12,40,71,197,588,1055,841,280,3098,2152,1342,1129,1599,2871,4341,3989,1603,425,19452,40542,24294,17164,19638,24650,23875,15274,5102,824,171367,5682,4123,3714,4078,4776,5226,3949,1872,457,33876,53225,33965,25797,30672,41314,48497,41486,18403,3967,297322,56,174,487,1370,3880,8725,10407,5791,1825,32713,2851,2476,2546,3172,4062,4647,3644,1474,358,25226,47,34,125,420,1340,2493,2911,1452,366,9185,3,0,0,5,20,78,230,539,518,1401,80,145,239,462,1201,2448,2978,1770,435,9768,67,89,109,179,584,1575,2648,2055,933,8236
SOSR179,0,0,0,0,0,0,0,0,0,0,0,0,0,0,0,0,0,0,0,0,0,0,0,0,0,0,0,0,0,0,0,0,0,0,0,0,0,0,0,0,0,0,0,0,0,0,0,0,0,0,0,0,0,0,0,0,0,0,0,0,0,0,0,0,0,0,0,0,0,0,0,0,0,0,0,0,0,0,0,0,0,0,0,0,0,0,0,0,0,3,0,0,0,0,0,0,0,0,0,0,0,0,0,0,0,0,0,0,0,0,0,0,0,4,17,5,0,0,0,23,0,0,0,0,0,0,0,0,0,0,0,0,0,4,16,10,4,0,0,31,0,0,0,0,0,0,0,0,0,0,0,0,0,0,0,0,0,0,0,0,0,0,0,0,0,0,0,0,0,0,0,0,0,0,0,0,0,0,0,0,0,0,0,0,0,0,0,0,0,0,0,0,0,0,0,0,0,0,0,0
SOSR201,245,811,3115,6197,12257,21869,27917,22588,9972,104970,29023,23077,27876,25712,19624,15123,11577,6832,2389,161225,434,539,1288,2129,4249,9506,15648,13246,5189,52221,39,41,62,80,196,522,1732,4647,4703,12023,636,1338,3039,8738,15925,25511,29712,19578,6026,110501,804,607,1078,2580,7525,17696,27035,22937,10395,90659,535,366,687,1164,1868,3099,4566,4607,2421,19324,367,305,540,898,2022,4486,6998,6709,2956,25279,7048,18182,27489,24724,22677,18246,11260,6165,3058,138846,181,121,254,594,1546,3287,5471,5748,2967,20171,18142,12659,15063,18590,21963,25426,21182,12852,6343,152209,341365,217866,273308,243917,181508,122146,63990,25606,6628,1476345,29281,21687,28694,23905,20609,15810,10225,6748,3374,160330,421696,289057,368608,341215,284123,234672,170728,98203,36466,2244770,266,1308,4313,9239,22149,41354,55386,46451,24810,205267,18145,22706,33565,30503,26847,22517,19938,12271,5069,191566,324,455,1443,3613,8346,12819,15937,11698,5325,59976,19,18,46,61,164,485,1892,6283,10232,19206,545,1260,3262,6689,11858,19484,24172,17928,7919,93118,599,548,999,1491,3513,7938,14594,17094,12741,59502
SOSR203,34,115,433,772,1490,2734,3624,2773,1090,13060,3506,2525,2892,2459,1860,1730,1484,806,285,17551,32,62,98,196,420,983,1807,1525,566,5692,0,9,7,12,24,67,236,516,470,1334,60,155,324,655,1288,2163,2875,1825,595,9949,86,64,122,227,724,1826,3013,2541,1173,9784,46,43,70,88,156,278,441,482,251,1863,35,37,63,121,289,695,1100,936,400,3675,1252,2598,3378,3005,2871,2477,1650,737,332,18300,16,19,36,60,178,385,671,630,340,2337,2114,1384,1532,1618,1956,2315,2026,1221,554,14725,26724,16668,18954,14514,12308,9089,5625,2281,628,106785,3025,2220,2165,1727,1855,1572,1115,709,379,14769,35919,24658,28213,23187,21872,20240,17240,9973,3745,185044,41,200,586,1149,2645,5049,7001,5355,2781,24803,2363,3031,3912,3431,3021,2850,2652,1537,616,23405,31,50,144,372,772,1414,1828,1359,653,6647,0,8,9,4,21,60,231,622,1031,1983,61,158,351,615,1152,1937,2457,1785,768,9288,61,64,132,182,418,933,1851,1977,1536,7158
SOSR211,13,23,120,247,412,713,976,559,138,3206,1151,678,827,786,521,416,356,163,44,4948,9,11,32,54,100,226,425,287,72,1226,0,0,5,5,6,21,67,91,71,269,14,29,102,351,511,768,963,459,77,3270,32,26,38,99,225,492,853,499,148,2411,19,9,20,41,65,94,148,129,31,553,27,10,23,44,93,210,317,220,57,1007,376,633,838,825,763,624,428,177,51,4709,0,5,6,25,56,103,178,146,37,561,776,380,424,524,585,640,558,256,88,4227,10087,4939,6028,5369,3412,2157,1189,397,79,33671,1405,715,782,726,583,429,277,137,29,5079,13553,7111,8738,8318,6259,5094,4211,1906,470,55665,14,41,210,431,792,1349,1729,956,329,5854,862,747,1207,1076,894,832,649,298,71,6629,10,5,51,113,200,351,451,259,55,1489,0,3,0,0,5,18,41,94,112,281,25,43,157,298,436,661,763,372,116,2877,23,12,49,60,155,291,480,398,180,1649
SOSR212,20,56,259,512,1022,1921,2641,1967,726,9117,2504,1515,1602,1614,1341,1201,1003,509,178,11467,34,24,71,140,270,740,1329,1044,357,4006,4,5,6,3,10,47,161,342,273,860,36,106,212,368,875,1491,2153,1376,357,6974,57,49,76,133,523,1282,2200,1779,727,6830,32,26,45,60,103,212,323,373,188,1366,36,28,38,69,174,450,791,654,253,2497,680,1385,1764,1687,1813,1473,1059,506,199,10570,10,18,20,42,121,247,456,442,181,1529,1385,830,788,978,1260,1455,1459,792,351,9298,19576,10376,11508,10464,9180,7042,4142,1543,405,74238,2392,1475,1464,1460,1431,1222,895,647,372,11368,26141,15171,16910,16244,15895,14883,12667,7010,2505,127421,26,109,362,779,1817,3516,4767,3565,1818,16762,1717,1660,2310,2249,1955,1999,1828,1041,380,15138,20,26,80,225,526,934,1234,949,384,4375,3,3,5,4,12,53,164,388,565,1198,49,98,213,428,766,1307,1668,1139,478,6152,43,48,67,108,313,738,1328,1342,935,4923
SOSR213,17,69,231,502,1033,2108,3031,2293,897,10180,2287,1411,1563,1491,1272,1173,1046,677,205,11131,26,28,56,140,272,743,1336,1226,421,4247,0,0,0,4,14,45,151,394,331,946,46,102,175,395,849,1553,2254,1537,443,7357,50,38,62,151,467,1321,2272,2043,821,7227,37,32,42,63,114,205,401,357,186,1430,37,18,47,83,219,549,936,820,300,3014,783,1414,1651,1707,1750,1649,1184,561,242,10950,8,10,12,51,132,278,514,519,215,1747,1374,801,834,952,1238,1648,1503,935,430,9716,17327,9249,10044,8650,7841,6447,4380,1802,476,66207,2255,1320,1519,1352,1288,1077,882,589,322,10609,23632,13779,15282,14157,14178,14410,13311,8073,2871,119686,22,99,346,829,1894,3578,5185,4198,2123,18278,1515,1501,2113,2061,2003,1922,1863,1146,454,14590,26,27,96,199,485,944,1322,979,468,4552,0,0,11,0,16,48,148,475,678,1377,39,100,224,427,793,1346,1827,1357,555,6666,38,42,58,128,322,715,1330,1610,1128,5364
SOSR214,12,39,130,275,579,1300,2205,1796,660,6991,1157,748,784,713,645,738,762,473,151,6175,12,18,34,73,167,459,962,911,298,2915,0,0,5,4,10,39,123,298,243,729,15,55,87,182,465,975,1599,1198,332,4904,36,38,51,83,295,804,1675,1600,640,5222,27,12,19,25,48,130,244,284,124,909,13,8,27,36,130,380,636,598,211,2044,385,764,861,949,1008,1098,907,457,181,6606,16,10,8,18,53,178,353,378,169,1176,656,413,391,507,702,1034,1050,642,318,5709,8811,4977,5191,4452,4481,4052,3221,1401,351,36919,1194,653,705,698,710,768,695,514,244,6196,12009,7364,7734,7297,7925,9123,9796,6175,2142,69574,6,45,175,416,1090,2342,3698,2940,1495,12193,746,773,1028,1060,1171,1231,1361,835,302,8514,6,13,39,106,278,603,983,706,311,3046,0,0,0,4,4,25,115,313,509,978,19,37,80,195,417,813,1260,938,376,4132,15,19,37,66,173,473,948,1112,829,3671
SOSR215,23,50,211,426,944,2081,3133,2308,818,9986,1849,1115,1247,1203,1106,1162,1116,676,189,9651,28,26,55,119,247,712,1487,1218,350,4236,0,0,4,9,14,47,170,357,315,914,38,68,160,266,664,1381,2246,1456,393,6678,52,29,79,145,408,1284,2461,2011,750,7212,27,19,29,58,108,204,363,368,177,1345,37,17,28,65,189,581,999,798,266,2977,577,1016,1254,1369,1529,1585,1264,585,188,9358,10,9,19,23,104,252,476,493,235,1623,1010,580,626,789,1079,1514,1565,849,365,8383,15424,7520,7992,7506,7452,6943,4834,1890,504,60073,1954,1140,1100,1171,1213,1249,1086,655,293,9861,20586,11079,12052,12077,13082,14750,14478,8081,2661,108840,22,74,295,607,1562,3457,5025,3742,1889,16677,1360,1090,1661,1677,1646,1902,1886,1067,379,12676,16,22,46,184,432,963,1361,983,405,4411,3,8,4,9,8,36,145,454,720,1377,32,69,160,298,663,1186,1620,1211,490,5730,45,20,65,86,220,684,1364,1461,1015,4958
SOSR221,13,15,48,123,296,687,1053,652,199,3076,519,261,253,359,340,354,379,183,46,2689,11,9,5,29,63,217,470,315,86,1210,5,0,0,0,3,10,27,70,82,204,16,26,31,64,201,447,685,371,74,1909,7,7,8,34,118,417,781,539,191,2107,11,0,7,15,25,55,131,92,27,356,4,7,8,26,52,185,314,229,60,889,151,266,295,385,445,533,411,148,40,2676,9,0,0,13,34,81,140,110,43,440,261,132,133,181,323,536,463,216,83,2327,4057,2003,1960,2053,2101,2172,1512,547,96,16503,465,280,233,299,345,391,378,194,96,2677,5384,2870,2835,3263,3765,4751,4604,2248,640,30362,8,30,66,176,509,1095,1466,888,413,4646,331,260,393,402,509,583,547,252,82,3364,0,0,15,41,115,257,343,216,70,1075,0,0,0,0,4,8,32,94,127,267,9,24,35,84,155,349,444,250,107,1443,5,7,12,30,63,199,339,318,222,1195
SOSR222,4,8,41,68,171,412,559,300,85,1648,301,169,183,177,186,226,226,63,16,1558,9,4,7,15,47,142,253,135,44,651,0,0,3,0,0,7,18,29,26,94,5,9,16,32,107,255,358,186,43,1012,10,0,5,21,65,252,431,230,76,1088,5,0,0,4,13,23,58,40,24,173,3,6,8,10,40,112,206,97,29,518,88,153,202,202,262,311,232,62,11,1523,0,0,5,6,15,48,79,64,28,237,153,117,82,96,199,270,246,115,27,1305,2242,1312,1299,1239,1386,1354,826,288,54,10002,358,307,251,214,275,322,243,103,32,2103,3105,2016,1999,1924,2445,2933,2557,1105,291,18367,5,20,36,102,290,627,730,448,177,2428,189,207,214,279,260,365,270,131,29,1941,3,5,12,27,75,147,191,109,37,596,0,0,0,0,0,0,11,34,54,101,4,13,14,38,78,183,230,121,40,726,5,4,10,15,48,111,175,144,105,606
SOSR231,39,79,259,686,1959,4675,6147,3465,775,18078,2875,1982,1467,1986,2238,2446,2154,938,172,16263,32,56,83,181,548,1544,2950,1821,381,7598,0,0,4,7,23,65,191,333,178,808,67,137,172,389,1214,2712,3858,2019,386,10951,68,76,67,206,840,2623,4736,2980,774,12376,46,36,39,64,176,370,642,441,137,1959,41,25,53,127,321,982,1600,1020,217,4382,804,1549,1547,1915,2748,2874,1962,623,114,14130,5,12,18,56,184,447,824,667,170,2380,1445,1040,798,1212,2157,3360,2897,1190,329,14425,28904,17203,12438,14621,18358,17996,11669,3826,644,125650,3838,2739,2985,3335,3688,3765,2953,1402,335,25051,37569,24185,19148,23309,30959,36189,31145,13546,2832,218878,39,118,377,1032,3041,6735,7900,4169,1192,24590,1989,1875,2126,2614,3203,3465,2816,1148,218,19464,42,56,102,307,955,1847,2113,1114,258,6783,0,10,4,3,21,40,146,335,304,859,73,119,193,387,894,1793,2210,1274,320,7267,61,63,86,129,404,1176,1967,1455,579,5918
SOSR279,0,0,0,4,0,3,0,0,0,10,0,0,0,5,5,5,0,0,0,16,0,0,0,0,0,0,0,0,0,0,0,0,0,0,0,0,0,0,0,0,0,0,0,0,3,0,0,0,0,8,0,0,0,0,0,0,0,0,0,0,0,0,0,0,0,0,0,0,0,0,0,0,0,0,0,0,0,0,0,5,0,0,0,3,0,0,0,0,0,4,0,0,0,0,0,0,0,0,0,0,0,0,0,4,8,0,0,0,0,9,0,3,10,30,35,28,7,0,0,109,0,4,19,90,121,100,13,0,0,338,0,9,30,131,163,141,16,0,0,493,0,0,0,0,0,0,0,0,0,3,0,0,3,0,0,0,0,0,0,0,0,0,0,0,0,0,0,0,0,0,0,0,0,0,0,0,0,0,0,0,0,0,0,0,0,0,0,0,0,0,0,0,0,0,0,0,0,0,0,0
SOSR301,163,649,2271,4433,8435,13872,16778,11632,3936,62167,15743,12834,14172,13534,10858,8084,6387,3203,900,85714,229,350,716,1358,2711,5623,9051,7144,2248,29431,20,24,45,54,119,314,1131,2501,2023,6224,340,832,1619,3935,8363,12684,14596,8850,2044,53267,457,469,731,1598,4642,10246,15509,12189,4525,50360,225,222,349,586,1013,1581,2337,2201,1041,9559,473,265,393,731,1628,3604,5258,4559,1457,18376,6252,13348,17063,15649,14603,11014,7293,3392,1220,89834,72,74,157,343,896,1868,2863,2774,1117,10170,12818,8000,8953,10905,12801,13429,11285,6237,2473,86900,177720,111437,118925,108022,85351,55003,28631,10580,2365,698039,16911,12325,14142,12197,10669,7688,4944,2900,1482,83272,226294,154488,170218,161004,142810,114486,85183,45801,14432,1114721,201,1022,3060,6356,14572,23617,30200,21834,10132,111000,11263,14193,19113,18632,16873,14069,11870,6551,2208,114778,196,323,975,2403,5285,7562,8799,6241,2536,34314,12,16,36,24,105,259,1081,3005,4182,8724,343,837,1870,3669,6804,10275,11674,7532,2554,45559,357,456,723,1088,2622,5275,8963,9286,5856,34637
SOSR302,70,205,709,1563,3317,6215,9173,7029,2277,30568,5417,3792,3991,4382,3805,3110,2864,1777,506,29661,78,117,244,467,974,2521,4829,4151,1370,14750,6,5,6,26,41,146,547,1446,1164,3393,128,312,439,875,2091,3815,5694,4139,1066,18551,123,135,204,442,1419,3709,7160,6712,2510,22419,78,55,103,175,345,509,968,1142,572,3956,156,80,135,259,568,1309,2517,2415,814,8252,2247,3816,4232,4854,4997,4289,3198,1709,663,30010,29,29,52,120,334,745,1404,1590,655,4958,4072,2424,2332,3142,4175,5065,5126,3206,1350,30892,62208,37904,39611,37948,34962,25673,17145,7297,1543,264291,6972,4803,5380,4861,4943,4084,3474,2342,1004,37853,79932,52010,55289,55602,56011,50215,46253,28110,8648,432062,88,322,845,2182,5308,10058,15160,11805,5093,50862,3908,4315,5488,5842,5673,5079,5369,3168,1083,39933,51,109,284,821,2050,3346,4676,3379,1259,15970,7,6,9,22,42,125,524,1517,2131,4376,132,242,455,799,1596,2704,3850,3079,1133,14003,122,134,194,331,675,1905,3937,4495,2913,14695
SOSR303,35,133,477,938,1902,3336,4174,2729,894,14615,2873,2115,2163,1889,1746,1552,1247,686,160,14435,33,60,117,227,477,1291,2176,1622,474,6475,4,5,14,16,18,96,297,594,448,1485,53,148,269,644,1605,2572,3121,1804,399,10617,91,90,137,282,909,2139,3347,2566,889,10456,48,44,71,100,199,401,582,498,202,2137,79,51,74,156,350,819,1324,1004,279,4138,1195,2235,2789,2867,3052,2577,1714,758,211,17394,23,17,28,85,179,397,669,591,220,2212,2219,1420,1509,1797,2418,2733,2289,1311,460,16165,32877,20562,20131,16778,15069,11133,6441,2360,485,125845,4186,3833,3961,3246,3083,2502,2005,1069,365,24259,42829,29666,30133,26757,26913,24722,20072,10506,3038,214621,27,185,540,1164,2889,5349,6587,4839,2196,23770,2018,2535,3223,3140,3000,2886,2389,1282,409,20878,43,52,147,446,1002,1526,1941,1247,496,6911,4,3,8,11,22,99,281,746,898,2068,65,158,370,740,1537,2219,2531,1670,544,9832,89,102,137,295,574,1218,1994,1979,1185,7570
SOSR311,26,81,226,516,1156,2365,3582,2629,834,11412,1922,1202,1271,1180,1100,1104,1038,647,153,9632,25,33,70,124,282,844,1540,1347,432,4692,0,6,0,5,17,71,230,450,349,1130,45,92,165,406,952,1761,2528,1713,420,8085,54,75,93,189,606,1547,2769,2298,868,8485,15,29,43,60,113,252,427,491,212,1643,53,20,58,106,308,794,1231,1051,324,3943,741,1423,1501,1593,1750,1704,1357,707,240,11010,10,12,25,45,152,288,547,548,219,1853,1505,812,767,967,1311,1776,1672,1033,398,10241,17894,10200,9934,8768,7804,6577,4319,1949,459,67912,2393,1559,1562,1427,1484,1420,1148,749,315,12059,24075,14868,14834,14029,14350,15305,14482,8794,2737,123482,27,111,334,870,1970,3901,5568,4378,1884,19056,1479,1513,1887,1929,1923,2080,1958,1171,307,14237,13,33,102,223,521,1001,1376,1052,411,4741,0,5,4,4,17,49,175,556,693,1502,53,115,218,385,866,1514,1919,1441,500,7002,44,49,102,173,404,877,1655,1880,1087,6274
SOSR312,4,21,110,213,472,1053,1649,1168,340,5032,732,440,527,498,439,471,522,269,76,3977,5,11,19,43,120,351,794,595,167,2107,0,3,5,4,5,41,108,165,160,491,20,36,68,147,385,790,1081,694,182,3394,19,12,30,80,237,641,1206,1024,341,3587,8,13,21,23,47,92,186,204,88,687,22,10,20,47,137,364,565,446,127,1747,322,563,680,726,790,836,680,292,93,4977,0,0,5,18,52,104,213,214,98,709,603,339,302,409,593,840,778,472,186,4531,6205,3705,3328,3131,3137,2681,1992,825,172,25175,877,526,514,575,581,492,361,251,99,4278,8560,5379,5211,5282,5813,6401,6402,3757,1124,47929,5,42,138,357,856,1686,2407,1869,782,8139,539,544,705,753,801,933,918,529,168,5888,9,18,25,100,186,423,664,517,176,2120,0,0,0,4,9,34,76,195,313,628,19,41,86,138,311,605,802,558,191,2751,18,17,27,50,136,338,688,776,433,2470
SOSR313,19,46,169,304,624,1347,1858,1258,363,5984,1498,810,886,861,700,650,578,332,77,6407,10,20,50,88,190,456,824,612,190,2448,0,0,4,8,3,44,100,204,147,518,38,60,107,269,562,967,1349,754,175,4267,43,38,74,112,311,844,1450,1091,373,4331,20,10,29,37,71,136,243,208,84,835,37,20,22,59,144,371,593,441,132,1820,635,891,1030,995,969,895,682,281,82,6460,6,9,15,18,54,165,267,235,84,861,1044,467,494,592,758,909,833,456,137,5699,13448,6911,7213,6046,5226,4184,2784,1127,205,47161,1802,1196,1322,1165,1156,1043,789,371,131,8976,18098,10080,10840,9734,9412,9387,8479,4500,1214,81746,20,64,213,520,1119,2171,2939,2009,813,9868,1000,1029,1366,1346,1139,1196,1073,512,167,8820,10,23,70,164,326,564,785,510,164,2617,0,3,0,0,13,30,76,236,333,686,45,67,163,302,564,833,952,688,217,3831,35,25,73,88,205,560,807,805,473,3067
SOSR314,20,32,127,340,723,1405,1967,1360,400,6367,1339,757,761,854,783,677,627,311,82,6191,15,26,44,79,214,497,905,667,170,2604,0,0,0,8,13,38,125,252,177,617,29,54,81,249,646,1066,1451,915,197,4694,45,28,59,106,361,934,1477,1154,398,4559,15,21,21,42,96,131,255,242,96,919,27,18,19,54,171,440,611,480,151,1974,490,753,817,935,1044,918,748,344,116,6171,8,3,10,29,68,153,294,285,84,939,920,516,445,612,906,1005,917,537,190,6050,13059,6721,7296,6476,6037,4603,2926,1144,263,48525,2011,1444,1770,1626,1610,1339,937,529,197,11459,17607,10018,10988,10616,11012,10354,8993,4959,1444,85987,18,51,206,511,1221,2241,3013,2103,925,10290,943,880,1226,1325,1251,1206,1067,540,148,8593,15,13,54,138,350,587,806,524,194,2689,3,0,0,5,5,35,97,269,359,771,20,56,123,290,543,882,1009,689,239,3854,31,33,42,98,217,521,864,808,551,3163
SOSR315,20,70,223,510,1117,2650,4070,2530,639,11826,1905,988,1100,1180,1179,1283,1316,604,135,9692,32,23,74,132,325,927,1788,1235,345,4869,0,3,5,5,24,85,232,414,276,1050,42,91,143,375,946,1981,2757,1526,292,8162,59,57,73,180,618,1651,3116,2103,627,8489,32,19,34,64,128,267,503,430,146,1624,69,21,34,119,283,820,1418,1016,239,4028,775,1189,1275,1427,1780,1972,1602,671,187,10879,13,14,28,41,111,313,616,487,159,1782,1335,664,676,937,1421,2080,1940,958,331,10340,18776,9527,9854,8995,8754,7689,5589,2069,410,71659,2714,2014,3146,2801,2726,2491,1771,802,300,18766,25190,14125,15878,15449,16795,18397,17812,8716,2254,134622,36,98,306,804,1902,4129,5632,3408,1382,17688,1358,1241,1731,1787,1925,2180,2079,952,260,13518,20,27,93,236,521,1001,1516,901,277,4590,3,0,3,8,14,68,172,426,587,1288,48,88,226,441,876,1633,1902,1153,322,6692,46,65,89,132,388,953,1563,1399,766,5413
SOSR321,5,27,71,195,501,1170,1798,954,214,4935,669,388,328,429,438,523,514,267,43,3596,11,13,21,40,139,358,730,477,92,1876,0,0,0,4,6,24,73,114,88,316,17,30,51,158,381,756,1164,568,108,3232,23,34,21,64,255,707,1306,865,196,3473,14,10,17,14,48,128,209,168,67,665,17,9,18,26,114,330,579,412,74,1580,238,374,387,504,705,803,637,204,44,3899,3,0,4,18,39,143,224,184,55,665,450,246,200,328,565,892,811,367,74,3920,7002,3478,3103,3165,3448,3291,2560,975,133,27158,1207,709,896,843,902,829,709,370,68,6517,9498,5097,4887,5341,6482,7583,7641,3697,690,50918,10,32,97,274,720,1775,2218,1243,400,6763,479,402,546,601,744,909,811,378,75,4945,11,11,24,80,248,463,595,286,82,1798,0,0,4,0,0,22,53,113,128,322,10,31,80,161,363,650,778,427,91,2599,15,26,45,67,141,407,658,487,227,2073
SOSR322,8,15,35,62,225,641,986,538,90,2596,253,103,157,166,219,270,291,119,15,1598,8,3,11,24,60,227,420,251,39,1037,0,0,0,0,4,11,25,49,43,134,6,8,29,57,189,456,631,345,52,1777,15,11,19,24,101,387,662,471,87,1781,0,5,8,8,22,55,107,80,26,316,13,7,11,15,69,186,298,200,33,825,100,136,166,205,314,411,335,102,14,1780,0,0,0,10,16,70,128,97,29,351,187,88,85,140,257,442,407,171,47,1811,2929,1495,1570,1437,1584,1867,1503,473,73,12920,567,258,295,334,392,495,440,201,32,3013,3996,2067,2264,2323,2935,4262,4348,1923,334,24441,0,15,35,107,334,874,1176,626,155,3326,188,174,212,260,311,440,425,167,34,2201,8,4,15,30,98,231,306,158,31,872,0,0,0,0,4,3,28,57,60,159,7,14,39,88,185,344,424,200,44,1339,10,11,21,34,76,214,334,223,86,1011
SOSR331,31,102,300,807,2301,5487,7324,3847,745,20957,2743,1691,1534,2012,2238,2646,2251,978,174,16256,44,59,92,226,621,1770,3270,1960,376,8412,10,3,6,11,36,108,258,403,222,1055,49,130,190,461,1472,3330,4418,2243,335,12631,75,80,92,249,1059,3041,5242,3409,723,13972,32,30,44,92,211,433,713,579,182,2310,69,47,45,163,466,1433,2124,1326,235,5905,932,1528,1620,2118,2973,3499,2432,760,134,16000,10,14,32,75,171,510,926,719,181,2627,1780,1120,927,1487,2518,3886,3337,1314,303,16666,31052,17450,14576,16773,20147,18920,12327,4078,555,135873,4771,3824,5198,5446,6160,5497,3696,1615,295,36503,40903,25322,23724,28136,36188,40774,34645,15015,2673,247391,40,139,384,1170,3437,7508,8782,4334,1002,26804,1808,1685,2021,2745,3472,3837,3192,1229,215,20201,43,32,103,339,1129,2076,2334,1135,193,7389,0,3,3,6,30,69,193,352,296,957,77,111,222,433,1028,2213,2533,1281,216,8102,77,81,93,174,526,1511,2411,1681,577,7125
SOSR379,0,0,0,3,0,0,3,0,0,9,0,0,5,7,0,0,0,0,0,10,0,0,0,0,0,0,0,0,0,0,0,0,0,0,0,0,0,0,0,0,0,0,0,0,0,3,0,0,0,3,0,0,0,0,0,3,0,0,0,8,0,0,0,0,0,0,0,0,0,0,0,0,0,0,0,0,0,0,0,0,0,0,0,3,3,3,0,0,0,6,0,0,0,0,0,0,0,0,0,0,0,0,0,0,0,0,0,0,0,3,0,5,19,19,20,6,3,0,0,87,0,4,42,72,44,16,12,0,0,194,6,17,69,102,77,26,14,0,0,306,0,0,0,0,0,0,0,0,0,0,0,0,0,0,0,0,0,0,0,0,0,0,0,0,0,0,0,0,0,0,0,0,0,0,0,0,0,0,0,0,0,0,0,0,0,0,0,0,0,0,0,0,0,0,0,0,0,0,0,0
SOSR401,86,290,1082,2166,4543,8704,11369,8434,3813,40488,7901,6314,7079,6707,5647,4932,4243,2322,821,45968,115,144,321,647,1207,3212,5790,4550,1891,17868,0,10,20,35,72,242,741,1759,1878,4757,188,438,901,2416,4894,8428,10518,6734,2166,36683,192,200,332,696,2418,6077,9845,8224,3957,31943,161,153,198,293,503,912,1355,1358,749,5689,222,124,202,327,814,2044,3153,2664,1195,10748,2110,5878,8245,7955,8205,7168,4813,2263,1085,47731,36,33,72,165,510,1159,1945,1847,1028,6781,6015,3783,4103,5247,6761,8309,7273,4063,1995,47544,86718,58307,64264,56076,45580,33820,19445,7878,2143,374240,7093,5194,5646,5280,5122,4291,2806,1761,929,38140,108763,78031,88040,81893,75735,70387,57073,32262,12494,604691,100,472,1521,3286,7901,15237,21046,16859,9490,75905,5363,6770,9136,9113,8286,8429,7782,4548,1887,61312,96,139,363,991,2438,4236,5688,4085,1948,19991,11,17,16,23,64,200,787,2345,4062,7515,171,431,1060,2094,3966,6598,8194,5953,2810,31264,173,187,323,490,1292,3013,5485,6147,5042,22153
SOSR412,3,28,103,232,475,850,1003,776,295,3769,875,633,709,583,502,467,376,227,75,4453,10,10,32,39,104,292,464,416,138,1516,0,0,0,3,11,26,66,172,126,408,23,52,76,156,425,821,977,610,180,3319,15,28,38,64,210,535,856,712,319,2776,15,11,14,25,27,99,113,125,68,507,20,18,25,33,108,238,329,298,101,1171,228,609,758,687,701,653,409,182,72,4302,3,0,3,11,52,110,158,169,84,598,549,356,378,441,598,714,537,315,140,4027,7027,4087,4015,3432,3361,2610,1520,559,174,26783,794,470,471,438,502,384,271,171,99,3599,9353,5982,6185,5543,6019,5896,4684,2661,976,47293,3,44,150,351,831,1438,1728,1543,721,6806,643,674,937,867,884,811,689,498,144,6147,13,14,30,90,186,361,447,377,148,1658,0,0,0,0,8,15,74,215,252,568,24,35,93,167,394,627,764,621,238,2963,26,18,29,66,123,314,460,620,365,2013
SOSR413,5,28,85,153,398,807,1253,1000,364,4093,671,467,446,440,439,463,427,288,84,3725,10,13,22,41,89,247,530,532,156,1639,0,0,0,0,10,19,77,175,157,434,21,28,51,122,330,732,1000,755,216,3253,13,10,34,41,168,493,920,927,349,2957,11,7,9,31,40,85,148,134,54,509,15,11,14,28,84,203,345,316,132,1141,181,472,506,528,629,643,496,248,71,3776,4,0,6,5,34,103,164,204,89,617,454,245,245,309,486,637,646,415,142,3573,5798,3297,3094,2867,2944,2656,1902,904,216,23690,728,562,855,736,622,545,382,216,100,4739,7714,4913,5053,4879,5414,5840,5700,3684,1169,44370,3,50,120,245,623,1335,2033,1707,807,6922,508,539,675,645,700,814,827,450,159,5309,8,8,23,87,181,339,552,407,167,1766,0,0,0,6,7,19,69,211,306,621,19,34,89,171,306,582,769,602,258,2837,8,19,30,52,115,270,559,619,433,2109
SOSR414,3,8,19,61,127,274,502,424,144,1567,227,140,176,137,153,148,155,120,42,1301,4,3,3,9,21,79,228,196,58,604,0,0,0,0,4,5,35,76,56,176,3,13,25,47,92,179,345,299,70,1076,4,8,7,24,49,168,398,373,162,1187,0,3,6,9,10,25,43,49,22,169,6,4,5,0,32,49,128,117,51,389,64,145,185,168,223,225,218,114,39,1385,0,0,0,3,16,28,77,85,34,252,158,90,85,84,150,217,244,144,51,1206,1967,1042,1114,1055,1009,867,756,411,69,8297,149,106,107,99,121,122,117,89,32,953,2523,1492,1636,1561,1722,1863,2233,1481,443,14953,3,15,38,82,207,466,866,714,320,2704,156,167,216,213,250,257,329,180,51,1816,9,3,3,22,57,114,218,155,60,642,0,0,0,0,4,0,31,78,112,230,3,18,25,38,115,146,292,219,99,952,6,5,0,14,30,84,253,240,176,803
SOSR415,15,23,104,248,529,1242,1788,1260,502,5713,887,560,566,610,580,705,592,321,93,4921,9,14,18,55,125,344,728,651,238,2185,0,0,0,0,5,23,93,216,230,575,17,31,66,165,431,911,1407,924,292,4244,31,18,32,61,255,713,1366,1127,466,4072,15,8,12,27,60,118,171,181,77,664,17,12,19,42,115,323,498,431,141,1590,229,480,672,664,789,830,707,326,128,4819,6,4,8,7,45,136,237,239,101,776,547,304,334,422,599,902,880,439,233,4658,7675,4153,4296,3909,3942,3628,2717,1093,266,31668,800,534,496,539,631,663,530,405,146,4755,10022,5894,6237,6155,6934,8071,7969,4570,1560,57404,17,36,146,344,877,1872,2614,2096,1045,9046,594,603,792,856,900,1021,1007,608,256,6640,5,14,31,75,235,475,633,532,211,2214,0,0,0,5,4,31,101,340,497,974,15,34,77,167,350,725,1030,791,347,3540,17,12,16,52,133,345,642,788,546,2554
SOSR421,0,4,26,65,142,377,499,352,145,1610,205,136,142,162,144,206,187,83,28,1293,0,3,3,10,30,105,232,168,74,626,0,0,0,0,0,11,22,60,63,157,4,13,9,41,107,253,420,262,79,1182,4,8,5,18,62,202,401,315,140,1150,0,0,3,3,10,30,60,54,16,182,0,0,7,0,22,82,138,111,39,398,53,105,153,177,194,274,181,80,40,1249,0,0,0,6,10,45,64,57,32,209,122,61,68,88,160,292,243,116,54,1199,2079,1081,1058,1022,1079,1111,853,299,69,8660,231,143,147,171,195,209,194,117,60,1467,2661,1510,1533,1614,1898,2468,2457,1241,452,15834,5,9,32,87,236,573,721,507,300,2483,157,155,192,211,207,263,271,138,53,1644,3,6,5,20,50,117,209,133,46,593,0,0,0,0,0,6,34,63,149,254,5,11,13,42,77,212,264,208,84,910,0,7,8,12,41,109,181,184,164,715
SOSR422,3,4,10,41,101,268,409,225,63,1125,114,52,80,91,87,116,126,65,18,749,0,0,5,5,33,59,171,89,27,389,0,0,0,0,0,8,14,27,11,65,0,5,15,23,99,226,297,146,31,840,3,0,9,14,52,152,275,165,44,720,4,0,3,4,10,10,37,34,11,120,0,0,8,8,19,67,137,76,12,324,25,82,104,110,168,197,169,48,14,907,0,0,3,7,15,32,56,36,16,156,75,42,29,54,130,177,164,63,21,750,1148,662,621,555,652,738,568,223,42,5208,152,104,89,99,146,204,201,94,28,1114,1503,926,933,910,1249,1740,1788,830,202,10085,3,0,23,44,132,379,472,277,89,1411,68,69,91,114,128,201,194,88,19,983,0,0,0,17,37,96,96,68,17,334,0,0,0,0,0,3,20,24,32,84,3,9,22,36,77,164,179,106,27,611,8,8,6,12,24,88,126,111,46,425
SOSR431,13,33,102,267,682,1840,2167,1169,222,6500,990,654,573,765,836,948,760,335,53,5907,6,14,29,53,175,563,979,559,117,2499,0,0,0,0,7,23,59,119,55,264,26,58,74,149,530,1217,1577,778,147,4554,7,20,31,62,306,1039,1579,992,246,4282,12,17,17,20,51,144,190,124,41,611,18,11,16,41,105,413,568,319,72,1565,188,450,486,663,929,1108,717,203,29,4773,3,4,6,10,56,165,274,204,47,773,484,314,283,430,813,1227,960,341,74,4940,10185,5834,5093,5615,6892,6640,4095,1288,198,45843,1146,954,1251,1402,1496,1488,1012,447,84,9267,12917,8136,7702,9008,11644,13717,10944,4607,859,79519,21,57,121,350,1072,2301,2619,1302,339,8172,656,642,680,883,1049,1195,968,392,74,6538,3,13,34,107,320,617,670,319,40,2126,0,0,0,0,4,18,33,101,61,214,31,33,71,158,375,776,898,432,115,2887,26,15,18,53,160,429,629,422,155,1903
SOSR479,0,0,0,0,0,0,0,0,0,0,0,0,0,0,0,0,0,0,0,0,0,0,0,0,0,0,0,0,0,0,0,0,0,0,0,0,0,0,0,0,0,0,0,0,0,0,0,0,0,0,0,0,0,0,0,0,0,0,0,0,0,0,0,0,0,0,0,0,0,0,0,0,0,0,0,0,0,0,0,0,0,0,0,0,0,0,0,0,0,0,0,0,0,0,0,0,0,0,0,0,0,0,0,0,0,0,0,0,0,0,0,0,0,9,4,4,0,0,0,18,0,0,0,4,5,0,0,0,0,6,0,0,0,16,10,0,0,0,0,34,0,0,0,0,0,0,0,0,0,0,0,0,0,0,0,0,0,0,0,0,0,0,0,0,0,0,0,0,0,0,0,0,0,0,0,0,0,0,0,0,0,0,0,0,0,0,0,0,0,0,0,0,0,0,0,0,0,0,0,0
SOSR501,148,473,1479,3160,6111,11091,14825,10769,3990,52041,12619,9114,9692,9781,8092,6267,5033,2733,872,64198,213,253,518,1036,2047,4666,8109,6433,2244,25515,4,18,21,44,100,287,932,2217,1968,5584,304,604,1240,3328,6804,10843,13607,8527,2377,47632,273,251,460,1084,3539,8541,13648,10975,4302,43074,202,152,243,482,699,1211,1874,2056,1037,7967,271,161,254,469,1117,2590,4408,3833,1438,14536,4016,9132,12002,11573,10490,8356,5484,2570,975,64597,48,59,103,295,638,1387,2428,2589,1172,8713,9422,5904,5977,7439,9378,10636,9683,5308,2371,66128,161173,92497,100712,99327,78439,55419,31131,11753,2729,633176,13612,9373,10802,10258,9192,7058,4841,3055,1754,69954,199098,123984,137925,140322,123749,106272,83614,45232,15345,975547,215,791,2259,4895,11128,19964,26622,20365,10048,96289,8740,9863,13175,13227,11835,10690,9124,5016,1835,83514,171,229,667,1859,4081,6351,7945,5441,2203,28945,12,21,16,28,56,259,857,2808,4098,8152,298,663,1309,2847,5262,8577,10775,7133,2912,39772,211,231,327,704,1760,4080,7223,7670,5174,27378
SOSR511,8,32,75,160,294,538,723,491,144,2454,751,346,389,367,325,233,222,129,33,2801,7,9,18,38,70,214,329,224,78,982,0,0,0,4,0,11,35,106,81,240,19,26,52,107,295,438,601,338,94,1961,12,14,19,49,119,313,522,421,176,1644,9,5,15,17,41,50,67,86,42,325,11,8,13,17,48,127,210,190,50,674,217,380,475,465,456,414,289,113,44,2859,0,0,9,3,26,57,105,88,38,337,399,221,192,259,315,447,357,197,75,2469,5859,2911,2859,3009,2621,2041,1144,456,103,21014,608,446,530,506,466,358,238,131,64,3352,7719,4224,4376,4645,4493,4249,3369,1790,561,35427,17,33,116,265,622,1024,1227,830,412,4541,462,414,505,587,490,481,400,193,64,3609,3,6,30,69,159,267,338,224,86,1180,0,0,3,0,9,14,42,117,175,365,14,30,64,125,220,376,473,284,126,1710,9,11,13,30,66,167,282,303,207,1086
SOSR512,13,30,92,225,471,868,1166,836,352,4054,955,584,530,548,475,505,370,198,69,4232,11,8,37,50,146,321,583,445,170,1770,0,0,0,7,10,18,74,201,153,459,24,30,89,182,444,823,918,622,171,3311,20,9,31,48,218,564,895,772,360,2922,16,5,19,25,52,103,162,150,91,630,13,8,16,15,75,229,381,295,112,1144,246,542,669,652,737,699,443,217,87,4283,0,4,3,11,40,112,168,194,102,628,572,362,307,375,502,644,571,369,140,3854,8906,4783,4815,4572,4279,3464,2100,803,201,33913,1327,856,1113,1086,951,899,595,303,109,7235,11895,6972,7389,7385,7462,7471,5974,3262,1137,58954,17,42,134,321,822,1476,1851,1499,753,6913,620,615,810,801,827,777,645,393,166,5655,6,4,39,112,252,404,547,401,171,1928,0,0,0,3,11,30,67,229,349,688,10,36,105,189,371,669,780,513,213,2890,8,17,21,47,125,338,516,490,404,1969
SOSR513,3,13,64,109,226,448,492,280,52,1679,451,222,351,383,269,270,171,68,12,2199,4,4,19,45,58,177,239,160,46,753,0,0,3,0,0,13,29,46,31,120,22,26,55,115,264,415,377,178,29,1487,12,9,15,43,113,315,427,272,64,1281,11,6,25,17,31,40,66,43,14,249,16,9,12,9,38,107,127,96,26,442,138,212,320,320,316,291,171,63,19,1857,0,0,0,10,19,46,74,66,15,221,311,118,188,209,294,278,278,124,46,1845,6460,2684,4002,4277,3301,2276,1227,329,44,24603,1285,777,1342,1501,1393,1124,473,195,29,8114,8620,3985,6234,6824,5957,5016,3191,1288,231,41367,5,18,74,153,346,586,704,386,107,2375,318,254,505,462,385,340,278,102,26,2681,0,3,16,77,122,170,182,115,28,723,0,0,0,0,3,5,24,63,74,175,9,16,64,102,185,266,277,140,51,1113,16,12,20,32,85,148,186,169,66,737
SOSR514,0,5,18,49,92,200,302,209,61,938,211,103,107,141,109,99,89,44,16,917,3,4,6,17,24,85,144,111,31,423,0,0,0,0,0,11,21,37,20,89,4,13,12,36,74,157,254,133,21,713,4,0,10,7,45,112,231,170,54,635,3,9,4,8,10,23,40,24,7,125,5,0,3,7,17,59,102,53,21,267,62,108,117,161,162,157,120,44,16,943,0,0,0,3,16,17,53,45,11,153,139,70,60,78,126,145,165,80,39,891,2229,999,1036,1155,1021,802,560,206,44,8062,326,180,204,202,198,175,125,59,28,1504,2944,1453,1518,1751,1709,1620,1593,756,221,13562,3,6,23,84,194,341,490,337,139,1619,144,99,174,195,176,159,157,78,23,1214,4,0,8,33,65,102,141,75,20,439,0,0,0,0,0,0,15,43,56,116,3,3,21,45,79,143,194,96,26,619,7,3,3,10,36,68,131,102,60,418
SOSR515,11,20,81,168,379,820,1196,687,207,3566,605,370,398,411,372,420,363,176,45,3166,3,4,24,36,92,286,556,392,110,1499,0,0,0,0,4,9,46,101,96,264,18,36,64,150,332,697,846,524,120,2798,24,4,25,57,216,495,924,625,198,2572,11,3,11,17,46,92,117,125,49,473,17,12,11,24,67,208,325,255,63,993,167,352,424,498,513,547,391,164,46,3108,5,3,4,10,39,70,168,140,54,501,389,204,206,288,406,539,564,287,103,2992,7346,3386,4205,3897,3756,3097,2129,690,146,28666,1403,788,997,989,1036,907,648,342,113,7230,9868,5057,6217,6165,6560,6667,6025,2885,804,50244,16,34,83,243,617,1251,1729,1040,439,5457,429,400,591,617,627,673,624,250,75,4285,9,4,35,72,181,328,465,308,84,1485,0,0,0,3,9,10,64,127,179,398,15,30,66,128,318,511,644,336,133,2177,13,13,16,39,113,252,451,365,199,1470
SOSR521,6,10,25,77,147,404,621,324,85,1699,255,132,173,180,154,181,185,82,10,1363,0,0,13,8,33,142,247,177,46,662,0,0,0,3,3,5,23,31,29,103,8,19,35,67,169,283,446,217,48,1287,6,14,6,27,87,258,427,270,77,1172,4,0,9,7,17,36,68,54,14,215,3,0,7,16,32,116,211,132,28,541,85,123,175,222,207,272,225,74,21,1397,0,0,0,7,11,49,78,69,18,242,141,78,67,111,161,280,268,106,36,1251,2774,1339,1559,1458,1514,1430,909,298,62,11345,533,298,570,534,601,558,399,177,37,3702,3769,1946,2531,2545,2865,3280,2863,1281,317,21405,3,13,45,103,262,577,795,438,176,2413,165,146,207,226,262,309,293,122,31,1764,0,5,7,41,71,167,191,117,39,638,0,0,0,0,0,9,17,38,55,135,5,9,32,68,161,255,302,148,44,1029,11,14,12,26,60,134,217,157,88,715
SOSR522,6,3,9,32,94,225,351,190,40,953,104,68,89,103,110,102,130,51,8,769,3,3,3,13,19,89,140,117,20,402,0,0,0,0,0,4,19,18,11,62,5,10,18,59,113,210,264,140,27,858,3,3,12,25,53,154,277,176,48,744,4,0,0,6,14,21,29,23,12,105,6,0,0,3,19,60,120,76,18,300,40,74,85,117,131,135,116,39,12,753,0,0,0,3,4,33,54,36,10,151,85,43,40,77,114,168,164,64,11,768,1615,906,1060,885,861,814,611,195,37,6974,340,159,208,225,256,266,242,105,21,1823,2175,1234,1478,1448,1563,1832,1807,796,179,12517,4,6,21,56,132,326,447,234,64,1289,53,70,112,121,144,180,184,52,16,936,0,0,5,10,34,93,114,65,15,340,0,0,0,0,4,5,12,24,21,63,6,12,25,65,130,192,172,88,22,707,10,9,10,23,37,81,124,81,38,410
SOSR531,7,57,132,337,844,1919,2318,1084,217,6917,863,612,810,1006,943,908,703,260,46,6143,11,26,35,85,260,692,1117,621,110,2951,0,4,0,4,8,20,48,133,47,265,28,51,112,248,734,1276,1495,676,102,4726,22,21,40,85,415,1146,1714,1009,215,4667,14,12,24,37,85,157,192,158,48,730,17,13,14,26,123,362,602,359,64,1579,297,504,652,834,1042,1053,713,228,28,5356,3,5,8,18,61,142,276,198,54,766,532,351,368,581,865,1264,1056,403,85,5514,11194,7030,8864,9662,10407,9150,5111,1452,209,63077,1611,2257,5641,5670,5320,3933,1719,559,99,26806,14398,10683,16417,18019,19811,19205,13265,4870,842,117502,10,49,152,378,1104,2433,2843,1274,325,8555,566,573,697,886,1124,1192,942,335,62,6374,15,11,33,131,361,738,803,361,61,2509,0,5,0,7,6,29,68,120,108,341,18,38,75,161,382,678,843,421,108,2736,15,15,33,50,153,432,708,521,163,2091
SOSR579,0,0,5,10,26,25,13,4,0,83,0,0,17,34,19,17,5,0,0,96,0,0,0,0,5,12,7,0,0,22,0,0,0,0,0,0,0,0,0,0,0,0,0,4,15,8,4,4,0,34,0,0,0,0,5,13,13,3,0,40,0,0,0,3,0,0,0,0,0,4,0,0,0,0,0,3,0,0,0,13,0,0,9,21,9,6,0,3,0,57,0,0,0,0,0,0,0,0,0,5,0,0,3,9,21,11,0,3,0,48,0,58,202,419,365,180,32,0,0,1267,0,35,194,417,379,197,41,0,0,1268,0,91,430,908,842,449,117,15,0,2856,0,0,5,0,0,5,13,0,0,27,0,3,5,0,4,0,3,0,0,21,0,0,0,0,0,0,3,0,0,3,0,0,0,0,0,0,0,0,0,0,0,0,0,0,0,3,0,0,0,3,0,0,0,0,0,0,0,0,0,0
SOSR603,15,66,227,430,882,1576,2162,1498,582,7440,1298,1027,1088,1019,893,777,645,353,120,7222,17,28,52,106,193,533,968,745,277,2925,0,4,3,4,8,44,148,294,254,760,43,79,149,296,570,1044,1389,887,251,4704,30,26,48,104,325,860,1474,1251,531,4658,18,19,23,48,71,152,270,233,99,932,18,21,25,66,157,349,488,429,165,1718,467,1294,1617,1529,1472,1210,790,364,161,8905,0,5,7,23,82,151,317,330,152,1087,952,673,671,823,1036,1203,1077,629,311,7379,12857,8098,12756,8035,6186,4824,3080,1240,302,57376,1311,955,1273,970,937,765,576,339,143,7270,16639,11689,17165,12380,11063,10594,9183,5156,1785,95650,21,119,325,713,1503,2852,3950,2966,1501,13949,926,1257,1487,1443,1378,1353,1289,719,270,10119,16,28,62,183,393,681,986,713,326,3397,5,0,3,4,9,23,156,364,511,1076,36,80,181,278,516,865,1103,804,336,4194,22,35,56,75,190,432,814,956,691,3259
SOSR611,13,30,88,182,402,666,915,701,279,3273,716,500,515,443,362,330,325,211,56,3458,4,11,28,42,86,207,373,322,103,1166,0,0,0,5,9,21,59,124,119,340,11,30,73,137,282,484,617,421,116,2184,17,23,17,47,132,375,651,566,210,2027,7,10,13,20,53,61,96,116,46,431,3,8,16,35,101,169,287,235,74,926,260,572,730,573,625,475,330,153,65,3796,0,0,4,11,40,102,156,163,80,563,414,281,313,309,413,497,425,281,126,3054,5194,3520,4447,3054,2640,2010,1191,504,120,22696,564,515,513,355,345,335,209,163,66,3074,6967,5208,6356,4730,4681,4433,3711,2300,781,39173,10,45,123,297,728,1200,1577,1348,661,6001,463,557,684,712,655,560,543,352,124,4654,0,17,29,66,179,302,399,294,132,1419,0,0,0,0,11,12,39,136,212,415,10,29,83,157,262,375,516,380,129,1942,10,13,15,39,102,179,358,422,293,1421
SOSR612,9,9,42,100,281,454,624,436,170,2123,441,297,285,258,231,199,185,115,31,2047,3,7,12,17,61,123,214,207,69,709,0,0,0,0,7,4,28,65,49,151,7,20,38,79,183,282,395,302,75,1379,13,11,13,32,106,232,385,382,137,1312,7,3,9,8,24,38,84,89,43,308,11,7,10,24,79,141,198,159,50,663,131,319,387,354,400,318,225,91,32,2257,0,0,5,9,26,44,93,94,37,307,258,174,163,178,266,309,273,126,71,1817,2825,1704,1907,1352,1333,1159,741,345,68,11434,356,216,234,196,227,202,160,136,47,1781,3908,2596,2880,2294,2614,2650,2361,1515,472,21291,17,27,73,182,412,823,1048,756,366,3708,339,343,424,416,410,397,405,211,58,3009,7,7,11,31,89,171,280,170,59,829,5,0,0,0,4,12,15,68,89,201,13,22,58,70,197,305,375,241,94,1370,11,10,13,17,68,131,247,229,164,898
SOSR613,0,4,15,25,65,149,209,151,53,682,104,63,66,62,70,60,66,34,10,533,3,0,0,8,13,40,71,63,28,229,0,0,0,0,0,4,7,26,18,52,0,4,9,16,45,95,108,89,19,377,0,7,0,9,29,70,137,129,52,428,0,0,0,0,13,11,23,39,8,97,0,0,0,0,27,32,63,58,12,189,37,67,70,79,96,85,67,33,3,531,0,0,0,0,8,19,27,34,12,93,56,37,28,37,63,93,87,53,15,478,743,444,411,344,374,383,269,119,46,3133,95,72,35,61,51,50,66,40,21,482,1007,663,591,584,692,833,809,526,184,5881,0,0,12,42,117,257,373,296,124,1222,70,93,84,101,105,118,129,71,24,795,0,0,3,14,33,70,80,59,19,281,0,0,0,0,0,3,7,31,30,71,0,0,9,13,40,79,99,74,24,336,0,0,3,11,16,43,73,93,44,282
SOSR614,0,3,21,41,96,207,257,160,42,827,177,74,78,88,75,99,86,28,10,724,0,0,4,6,18,56,104,70,19,278,0,0,0,0,0,6,12,23,23,68,4,10,13,27,55,122,160,120,35,543,6,0,3,12,36,106,184,137,46,526,3,0,4,0,11,18,40,21,17,112,3,0,7,9,23,48,86,61,14,240,50,96,101,126,138,144,93,39,18,792,0,0,0,6,3,30,46,37,8,131,78,41,51,62,106,155,120,49,16,682,1109,591,620,550,438,519,294,129,19,4268,143,81,83,99,80,94,79,29,9,701,1525,861,924,915,908,1205,993,517,142,8001,0,8,22,68,169,334,400,300,92,1395,107,81,122,142,137,152,153,87,22,1000,0,0,6,11,28,68,91,68,24,294,0,0,0,3,0,3,13,37,21,68,0,4,21,23,77,128,139,108,31,535,10,0,3,10,14,53,78,89,37,297
SOSR615,10,21,85,161,343,784,1144,806,230,3575,544,321,308,297,290,336,348,195,57,2687,0,9,14,34,61,183,439,309,110,1153,0,0,0,0,7,20,45,94,74,251,6,28,45,81,213,469,737,460,129,2165,12,11,20,38,155,354,649,619,210,2065,9,4,9,7,35,57,131,143,58,449,3,4,19,28,75,211,363,270,76,1045,204,321,408,401,471,496,369,158,52,2885,3,0,3,7,42,70,184,147,59,514,339,177,199,238,348,498,475,250,95,2615,4188,2253,2513,2016,1917,1813,1285,514,133,16639,496,315,273,276,300,292,313,178,91,2524,5664,3301,3669,3246,3537,4133,4235,2365,751,30904,8,26,104,199,613,1166,1764,1327,567,5773,394,360,557,487,505,535,600,362,93,3899,6,7,19,55,136,252,371,302,113,1257,0,0,0,0,6,12,44,119,156,332,8,16,56,97,217,385,553,376,131,1839,11,3,18,19,73,199,408,426,272,1443
SOSR621,5,9,23,40,102,287,408,255,62,1196,152,96,96,96,106,133,109,58,14,862,0,0,3,17,18,83,150,125,26,438,0,3,0,4,0,0,10,30,31,81,0,8,16,29,70,168,245,145,31,707,4,0,4,12,51,162,227,202,51,715,0,0,0,9,8,25,34,39,11,130,5,6,0,5,22,69,99,86,19,308,52,92,120,130,194,182,134,51,12,971,0,0,0,6,4,26,52,41,21,155,93,53,46,75,121,195,170,82,29,857,1348,705,789,780,782,778,537,218,31,5973,155,107,98,107,132,148,117,69,23,956,1782,1019,1146,1205,1403,1709,1611,875,202,10953,0,11,27,65,208,436,591,355,129,1819,110,101,115,139,168,204,206,89,18,1150,0,7,5,16,49,96,134,95,22,421,0,0,0,0,0,3,10,39,39,94,6,6,18,26,71,137,162,117,34,579,0,6,5,9,36,62,118,131,61,424
SOSR622,0,3,6,28,52,143,200,106,29,556,47,44,34,41,53,57,55,30,3,362,0,0,0,4,17,45,78,59,8,214,0,0,0,0,0,6,9,12,14,35,0,6,6,12,31,79,128,69,11,341,3,0,6,5,30,75,125,79,30,345,0,0,5,5,7,8,9,6,8,47,0,0,0,5,8,21,68,35,4,144,25,36,45,59,80,89,90,29,3,454,0,0,0,0,3,13,34,16,7,77,34,16,19,46,50,106,94,37,14,411,525,251,280,247,324,367,282,88,16,2380,69,43,38,30,54,62,73,39,27,440,692,387,410,424,590,815,831,378,99,4625,0,6,9,31,122,205,253,137,63,826,33,30,56,66,82,91,89,49,3,500,0,0,4,4,26,50,75,37,8,201,0,0,0,0,0,0,9,16,17,38,0,0,3,11,30,57,62,46,12,224,0,3,3,3,11,31,58,54,21,182
SOSR631,3,30,68,230,687,1526,1939,928,162,5578,683,442,393,460,505,628,560,199,35,3915,11,13,30,59,133,433,713,430,83,1903,0,0,0,0,5,27,49,74,35,188,24,37,30,110,311,742,980,482,92,2803,24,19,13,61,236,729,1180,697,163,3108,11,11,11,22,40,93,158,126,40,515,5,12,19,38,122,343,449,279,70,1326,226,433,468,645,812,922,590,164,22,4284,0,5,4,10,54,133,217,163,41,629,396,237,260,347,660,1001,832,282,60,4069,7212,3941,3628,3886,4484,4453,2827,873,117,31418,834,522,493,556,697,757,609,235,70,4779,9274,5490,5178,5977,7619,9391,7821,3166,588,54513,10,36,161,368,1002,2076,2183,1011,243,7085,499,438,594,724,832,874,692,212,50,4913,10,9,22,92,266,471,502,243,54,1668,0,0,0,0,0,9,25,53,59,153,16,22,56,130,293,513,567,263,56,1919,20,6,13,35,113,329,443,302,125,1389
SOSR679,0,0,0,0,0,8,6,0,0,18,0,0,0,0,7,6,4,0,0,16,0,0,0,0,0,3,0,0,0,9,0,0,0,0,0,0,0,0,0,0,0,0,0,0,3,0,4,0,0,10,0,0,0,0,0,0,7,0,0,5,0,0,0,0,0,0,0,0,0,4,0,0,0,0,0,0,5,0,0,5,0,0,0,0,0,6,0,0,0,12,0,0,0,0,0,0,3,0,0,3,0,0,0,0,4,3,3,0,0,9,0,10,28,35,29,20,8,0,0,131,0,0,25,24,26,23,0,0,0,97,0,12,58,65,70,62,25,4,0,294,0,0,0,0,0,0,0,0,0,8,0,0,0,0,3,0,0,0,0,3,0,0,0,0,0,0,0,0,0,0,0,0,0,0,0,0,0,0,0,0,0,0,0,0,0,0,0,0,0,0,0,0,0,0,0,0,0,0,0,0
SOSR703,3,32,130,249,468,754,921,408,76,3046,660,393,626,505,437,371,302,91,9,3392,12,9,31,66,141,322,510,252,32,1378,0,0,0,9,10,29,55,92,49,242,8,46,75,224,462,722,794,338,56,2730,29,28,47,85,254,531,801,387,100,2266,21,14,22,63,79,101,128,92,19,536,40,9,21,37,80,210,255,155,24,829,192,366,547,580,556,441,276,88,19,3060,0,4,3,20,38,103,170,100,23,462,626,313,413,541,619,667,556,226,74,4035,10299,5878,8850,6860,4940,3463,1944,508,67,42809,1460,1145,1907,1539,1303,1108,738,217,55,9488,13170,8082,12383,10260,8516,7389,5506,1926,362,67594,11,40,137,293,655,1091,1292,621,175,4317,432,464,933,778,639,636,461,180,39,4571,3,11,42,102,243,319,369,165,25,1291,0,0,0,4,8,15,50,91,74,241,13,42,138,252,381,624,613,252,61,2366,24,25,49,68,154,293,362,242,102,1309
SOSR712,3,3,26,48,62,153,185,58,15,547,129,70,131,129,95,94,75,26,13,765,3,0,8,13,33,55,82,38,7,239,0,0,0,0,0,7,18,26,15,63,8,6,32,54,114,188,161,64,11,651,15,7,10,16,48,133,171,73,17,497,7,3,4,5,28,40,31,16,4,145,4,8,6,10,10,36,63,22,10,166,39,66,153,110,99,92,58,19,0,637,0,0,0,7,7,28,35,20,6,104,122,65,80,101,105,161,109,41,14,792,2297,1018,1680,1418,963,777,403,87,5,8643,256,161,260,232,201,236,175,38,9,1572,2858,1372,2300,2049,1613,1659,1162,336,55,13405,3,10,37,55,152,245,249,121,57,923,96,101,230,184,165,184,101,37,8,1105,0,3,8,11,32,95,70,38,13,272,0,0,0,0,0,6,22,21,30,82,4,20,44,86,147,184,156,62,24,733,10,12,22,35,44,76,83,60,28,368
SOSR714,0,0,4,10,7,52,56,24,0,157,26,16,32,30,16,30,20,6,0,186,0,0,3,3,6,17,13,10,0,55,0,0,0,0,0,0,3,6,0,19,0,0,11,23,30,44,34,18,5,164,4,4,7,9,14,46,55,24,0,155,0,0,0,0,8,9,7,9,0,25,0,0,4,3,6,7,13,5,0,40,5,17,20,18,34,26,14,7,0,150,0,0,0,3,3,9,7,0,0,27,40,16,20,13,29,38,28,11,0,198,541,285,435,302,213,185,125,19,0,2100,130,70,106,98,77,76,49,20,3,628,743,406,624,493,396,445,323,110,16,3551,0,4,11,8,27,66,53,20,6,191,29,22,50,31,43,44,27,3,0,248,0,0,0,0,13,16,16,8,0,59,0,0,0,0,0,0,7,8,3,26,0,0,7,19,48,50,39,9,3,179,4,6,6,7,21,26,17,8,3,92
SOSR715,0,3,0,19,20,40,38,11,0,129,66,21,33,55,79,51,29,11,0,346,0,0,0,3,12,22,19,7,0,67,0,0,0,0,5,3,9,4,0,15,6,11,16,41,72,81,47,14,0,287,64,69,36,58,92,83,68,8,0,473,7,5,11,19,22,31,15,5,0,118,9,4,3,10,17,20,9,6,0,87,21,61,61,97,51,35,15,3,0,335,0,4,0,0,15,16,9,3,0,46,93,53,55,77,90,91,43,6,0,512,1782,1181,1139,899,592,369,131,32,5,6132,268,149,256,187,167,139,61,11,3,1239,2300,1543,1583,1398,1101,825,384,87,10,9230,0,14,5,23,35,48,38,15,3,181,27,38,63,87,101,95,45,10,3,477,0,0,0,5,16,28,15,0,0,63,0,0,0,0,0,3,10,9,9,25,3,16,29,81,117,127,64,12,0,450,48,91,69,80,80,82,30,18,4,508
SOSR721,0,3,10,15,24,40,61,17,0,171,46,21,32,36,42,42,26,10,0,258,0,0,0,0,4,24,27,11,0,65,0,0,0,0,0,0,3,3,0,9,5,6,18,53,77,78,53,12,0,299,17,39,24,19,53,64,39,16,3,280,4,0,10,9,23,26,8,0,3,75,3,0,0,8,9,7,15,11,0,50,10,27,35,40,40,29,16,6,0,205,0,0,0,0,3,8,10,3,0,30,48,23,29,39,47,54,35,12,0,289,1323,881,899,663,511,358,183,33,0,4842,121,66,125,102,106,103,61,19,0,694,1573,1057,1167,950,862,736,434,106,12,6888,0,0,12,14,37,87,69,15,3,241,34,36,51,65,81,78,37,8,6,392,0,0,0,4,12,23,17,4,5,66,0,0,0,0,3,5,8,8,3,16,3,4,36,73,106,121,57,13,0,404,25,38,42,45,45,50,32,4,0,287
SOSR722,0,0,4,13,19,58,111,19,3,222,37,8,15,27,38,38,39,8,0,213,0,0,0,0,6,21,43,14,3,86,0,0,0,0,3,5,10,7,0,26,4,9,22,49,90,99,83,29,3,389,26,19,27,25,39,81,83,22,0,315,7,0,0,9,18,17,21,0,0,73,6,0,0,10,13,27,35,9,3,104,12,17,26,36,26,33,33,0,0,187,0,0,0,3,6,14,9,9,0,40,37,16,25,28,46,56,56,17,3,288,1326,822,789,596,423,351,227,49,4,4593,196,76,107,67,82,128,119,33,0,810,1645,964,1013,829,739,757,678,160,21,6815,0,0,3,12,49,95,120,18,8,315,15,16,38,43,67,84,61,11,0,330,0,0,0,5,13,22,41,8,0,82,0,0,0,0,0,0,12,11,0,25,6,10,50,113,143,133,91,23,0,573,19,32,36,36,54,59,42,19,4,283
SOSR731,0,11,33,66,157,387,527,164,7,1342,172,108,141,142,168,195,179,46,3,1173,4,3,9,14,40,123,246,94,10,532,0,0,0,0,0,3,14,13,5,41,5,16,18,65,152,282,371,121,13,1038,18,42,27,32,99,254,400,144,13,1026,4,7,6,16,32,35,68,32,7,202,11,4,3,13,41,104,136,60,4,365,47,76,116,131,172,188,147,22,5,902,0,0,0,6,14,37,66,41,7,162,135,72,86,136,176,280,272,78,5,1249,2917,1849,2096,1787,1851,1649,1105,238,21,13515,540,622,1017,908,917,771,568,150,9,5513,3833,2770,3494,3209,3556,3708,3175,835,67,24652,0,10,35,89,217,472,545,164,37,1568,93,102,167,203,232,284,199,45,4,1332,0,0,7,27,64,172,156,42,3,480,0,5,0,0,4,6,13,13,7,44,3,25,45,94,181,228,202,61,12,850,13,29,33,39,78,129,164,51,18,556
SOSR779,0,0,0,0,3,6,4,0,0,16,0,3,3,6,3,7,0,0,0,19,0,4,0,0,0,3,0,0,0,11,0,0,0,0,0,0,0,0,0,0,0,0,0,0,3,8,0,0,0,9,0,0,0,0,0,3,0,0,0,4,0,0,0,0,0,0,0,0,0,0,0,0,0,0,0,0,0,0,0,0,0,0,0,6,0,0,0,0,0,9,0,0,0,0,0,0,0,0,0,0,0,0,0,6,4,0,0,0,0,6,0,15,33,54,60,41,8,0,0,206,0,6,14,40,39,34,7,0,0,140,0,26,51,101,111,97,19,4,0,414,0,0,0,0,0,0,3,0,0,3,0,0,0,0,0,0,0,0,0,4,0,0,0,0,0,0,0,0,0,0,0,0,0,0,0,0,0,0,0,0,0,0,0,0,0,0,0,0,0,0,0,0,0,0,0,0,0,0,0,0
SOSR802,47,123,451,966,1721,2565,3072,2152,839,11924,3248,2683,3099,2911,2098,1606,1257,653,201,17749,31,66,144,273,516,1098,1683,1320,439,5573,4,4,0,12,19,57,182,419,426,1133,53,162,346,803,1479,2166,2476,1459,394,9336,72,93,130,300,771,1577,2566,2065,886,8460,47,46,82,143,232,327,538,454,226,2093,42,43,55,131,264,479,800,733,279,2825,1119,2921,3650,3195,2765,1918,1106,517,190,17371,8,17,24,68,147,265,460,475,247,1704,2293,1562,2068,2510,2872,2967,2479,1331,482,18566,34002,21682,27770,23336,16725,10433,5634,2100,478,142152,2401,2430,2625,2002,1665,1224,804,459,211,13822,42476,30538,38545,34158,27736,21494,16146,8571,2856,222519,42,250,724,1475,2963,4891,5958,4453,1940,22704,2215,2965,4227,3840,3138,2658,2255,1179,414,22898,29,63,194,476,934,1341,1769,1198,434,6441,0,5,0,9,12,43,160,537,732,1502,84,150,362,724,1209,1725,1944,1323,490,8005,49,78,116,201,375,780,1340,1556,1029,5514
SOSR822,0,0,0,3,0,0,7,6,0,25,6,3,3,4,4,5,0,0,0,25,0,0,0,0,0,0,4,8,0,11,0,0,0,0,0,0,0,0,0,0,0,0,0,0,0,3,6,0,0,15,0,0,0,0,5,4,6,0,0,15,0,0,0,0,0,0,5,0,0,3,0,0,0,0,0,0,0,0,0,4,4,4,6,3,3,0,0,0,0,20,0,0,0,0,0,0,0,0,0,0,5,0,0,0,7,7,3,6,0,25,57,33,21,38,28,12,5,0,0,198,3,0,0,0,0,3,9,0,0,20,73,40,30,47,47,25,30,15,0,307,0,0,0,3,7,12,3,15,0,36,5,6,0,4,4,3,0,3,0,27,0,0,0,0,0,4,0,10,0,12,0,0,0,0,0,0,0,0,0,0,0,0,0,0,0,4,0,4,0,12,0,0,0,0,0,0,0,0,3,5
SOSR831,0,0,0,0,4,4,7,0,0,13,5,4,3,4,0,3,4,0,0,25,0,0,0,0,0,0,0,0,0,9,0,0,0,0,0,0,0,0,0,0,0,0,0,0,0,0,0,0,0,10,0,0,0,0,0,0,3,0,0,6,0,0,0,0,0,0,0,0,0,0,0,0,0,0,0,0,4,0,0,5,0,3,3,4,4,0,5,0,0,18,0,0,0,0,0,0,0,0,0,0,5,5,0,3,0,0,4,0,0,20,46,55,57,18,20,11,12,0,3,219,6,20,10,0,9,7,7,0,0,62,58,85,70,30,38,30,33,6,3,360,0,0,0,0,5,6,9,0,0,22,5,6,9,0,6,10,0,0,0,33,0,0,0,0,0,0,4,0,0,5,0,0,0,0,0,0,0,0,0,0,0,0,0,0,0,3,4,0,0,4,0,0,0,0,0,0,0,0,0,7
SOSR879,0,0,0,0,0,0,0,0,0,0,0,0,0,0,0,0,0,0,0,0,0,0,0,0,0,0,0,0,0,0,0,0,0,0,0,0,0,0,0,0,0,0,0,0,0,0,0,0,0,0,0,0,0,0,0,0,0,0,0,0,0,0,0,0,0,0,0,0,0,0,0,0,0,0,0,0,0,0,0,0,0,0,0,0,0,0,0,0,0,0,0,0,0,0,0,0,0,0,0,0,0,0,0,0,0,0,0,0,0,0,0,0,0,0,0,0,0,0,0,0,0,0,0,0,0,0,0,0,0,0,0,0,0,0,0,0,0,0,0,0,0,0,0,0,0,0,0,0,0,0,0,0,0,0,0,0,0,0,0,0,0,0,0,0,0,0,0,0,0,0,0,0,0,0,0,0,0,0,0,0,0,0,0,0,0,0,0,0,0,0,0,0,0,0,0,0,0,0,0,0
SOSR915,0,0,0,7,5,8,4,0,0,23,5,4,10,3,4,6,5,0,0,47,0,0,0,6,3,0,0,0,0,10,0,0,0,0,0,0,0,0,0,0,0,0,4,0,4,4,16,0,0,30,0,0,0,0,4,3,10,6,0,14,0,0,0,0,0,0,0,0,0,9,0,0,0,0,0,6,0,0,0,3,0,3,6,0,8,5,0,0,0,19,0,0,0,0,0,0,0,0,0,0,3,0,0,7,5,4,7,3,0,30,119,40,81,62,68,73,53,5,4,500,16,20,58,37,41,21,26,5,0,222,145,66,159,110,125,117,113,24,4,867,0,0,0,0,7,4,5,0,0,22,7,4,6,12,7,4,5,0,0,43,0,0,0,3,4,7,3,0,0,18,0,0,0,0,0,0,0,0,0,0,0,0,0,5,8,8,3,0,0,20,0,0,0,0,0,0,0,0,0,9
SOSR921,0,0,0,3,3,20,19,16,5,67,3,4,0,12,12,14,5,5,0,55,0,0,0,4,0,0,12,8,0,29,0,0,0,0,0,0,0,0,0,3,0,0,0,0,4,6,14,5,0,32,0,0,0,0,0,16,19,6,5,50,0,0,0,0,0,0,0,8,0,13,0,0,0,0,0,4,10,4,0,16,4,5,0,14,4,9,0,0,0,39,0,0,0,0,0,0,0,0,0,8,9,3,0,5,7,14,7,5,3,57,105,53,44,52,75,97,47,17,9,493,20,8,12,16,19,23,17,10,0,125,138,69,59,97,113,185,124,64,13,870,0,0,0,4,10,25,28,21,8,88,5,7,6,9,17,11,12,9,0,72,0,0,0,0,5,12,8,8,0,36,0,0,0,0,0,0,0,3,6,10,0,0,0,0,0,9,7,3,0,23,0,0,0,0,3,5,17,5,5,29
SOSR922,0,0,0,3,4,7,9,0,0,22,5,3,5,0,4,0,3,0,0,27,0,0,0,0,0,0,3,0,0,9,0,0,0,0,0,0,0,0,0,0,0,0,0,0,4,5,4,4,0,13,0,0,0,0,3,3,0,6,0,12,0,0,0,0,0,0,0,0,0,4,0,0,0,0,0,0,6,0,0,3,0,0,0,0,0,0,3,0,0,12,0,0,0,0,0,0,0,0,0,0,0,0,0,6,4,3,4,3,0,16,67,59,73,43,26,45,18,11,4,341,10,9,11,9,8,23,15,10,0,100,84,72,85,60,51,84,49,31,3,525,0,0,0,0,0,0,10,3,0,19,0,11,10,0,0,3,0,0,0,29,0,0,0,0,0,4,6,0,0,10,0,0,0,0,0,0,0,0,0,0,0,0,4,0,0,6,0,4,0,16,0,0,0,0,0,0,0,4,0,3
SOSR931,0,0,0,0,5,4,8,0,7,26,7,0,0,0,6,0,4,3,0,13,0,0,0,0,0,0,3,0,0,5,0,0,0,0,0,0,3,0,0,9,0,0,0,0,5,4,11,3,0,28,0,0,0,0,0,3,17,4,7,29,0,0,0,0,0,0,6,0,0,9,0,0,0,0,0,0,4,0,0,3,0,0,0,3,3,3,7,0,0,18,0,0,0,0,4,0,7,0,0,7,0,0,0,5,6,5,3,0,0,28,52,15,27,29,39,25,33,10,0,224,13,30,118,57,42,17,11,8,0,298,67,50,139,99,95,58,70,26,9,617,0,0,0,0,6,12,10,10,0,31,0,0,4,0,7,0,4,0,0,22,0,0,0,0,7,0,6,6,0,13,0,0,0,0,0,0,0,0,0,5,0,0,0,0,7,6,9,5,0,23,0,0,0,0,5,3,3,5,0,16
SOSR979,0,0,0,0,0,0,0,0,0,0,0,0,0,0,0,0,0,0,0,0,0,0,0,0,0,0,0,0,0,0,0,0,0,0,0,0,0,0,0,0,0,0,0,0,0,0,0,0,0,0,0,0,0,0,0,0,0,0,0,0,0,0,0,0,0,0,0,0,0,0,0,0,0,0,0,0,0,0,0,0,0,0,0,0,0,0,0,0,0,0,0,0,0,0,0,0,0,0,0,0,0,0,0,0,0,0,0,0,0,0,0,0,0,0,0,0,0,0,0,0,0,0,0,0,0,0,0,0,0,0,0,0,0,0,0,0,0,0,0,0,0,0,0,0,0,0,0,0,0,0,0,0,0,0,0,0,0,0,0,0,0,0,0,0,0,0,0,0,0,0,0,0,0,0,0,0,0,0,0,0,0,0,0,0,0,0,0,0,0,0,0,0,0,0,0,0,0,0,0,0
