SUA_CODE_2021,M_PG_Deg_15_24_yr,M_PG_Deg_25_34_yr,M_PG_Deg_35_44_yr,M_PG_Deg_45_54_yr,M_PG_Deg_55_64_yr,M_PG_Deg_65_74_yr,M_PG_Deg_75_84_yr,M_PG_Deg_85_yr_over,M_PG_Deg_Tot,M_Grad_Dip_Cer_15_24,M_Grad_Dip_Cer_25_34,M_Grad_Dip_Cer_35_44,M_Grad_Dip_Cer_45_54,M_Grad_Dip_Cer_55_64,M_Grad_Dip_Cer_65_74,M_Grad_Dip_Cer_75_84,M_Grad_Dip_Cer_85_over,M_Grad_Dip_Cer_Tot,M_B_Deg_15_24_yr,M_B_Deg_25_34_yr,M_B_Deg_35_44_yr,M_B_Deg_45_54_yr,M_B_Deg_55_64_yr,M_B_Deg_65_74_yr,M_B_Deg_75_84_yr,M_B_Deg_85_yr_over,M_B_Deg_Tot,M_Adv_Dip_Dip_15_24_yr,M_Adv_Dip_Dip_25_34_yr,M_Adv_Dip_Dip_35_44_yr,M_Adv_Dip_Dip_45_54_yr,M_Adv_Dip_Dip_55_64_yr,M_Adv_Dip_Dip_65_74_yr,M_Adv_Dip_Dip_75_84_yr,M_Adv_Dip_Dip_85_yr_over,M_Adv_Dip_Dip_Total,M_Cer_III_IV_15_24_yr,M_Cer_III_IV_25_34_yr,M_Cer_III_IV_35_44_yr,M_Cer_III_IV_45_54_yr,M_Cer_III_IV_55_64_yr,M_Cer_III_IV_65_74_yr,M_Cer_III_IV_75_84_yr,M_Cer_III_IV_85_yr_over,M_Cer_III_IV_Tot,M_Cer_I_II_15_24_yr,M_Cer_I_II_25_34_yr,M_Cer_I_II_35_44_yr,M_Cer_I_II_45_54_yr,M_Cer_I_II_55_64_yr,M_Cer_I_II_65_74_yr,M_Cer_I_II_75_84_yr,M_Cer_I_II_85_yr_over,M_Cer_I_II_Tot,M_Cer_nfd_15_24_yr,M_Cer_nfd_25_34_yr,M_Cer_nfd_35_44_yr,M_Cer_nfd_45_54_yr,M_Cer_nfd_55_64_yr,M_Cer_nfd_65_74_yr,M_Cer_nfd_75_84_yr,M_Cer_nfd_85_yr_over,M_Cer_nfd_Tot,M_Cer_Tot_15_24_yr,M_Cer_Tot_25_34_yr,M_Cer_Tot_35_44_yr,M_Cer_Tot_45_54_yr,M_Cer_Tot_55_64_yr,M_Cer_Tot_65_74_yr,M_Cer_Tot_75_84_yr,M_Cer_Tot_85_yr_over,M_Cer_Tot_Tot,M_lvl_educ_inad_desc_15_24,M_lvl_educ_inad_desc_25_34,M_lvl_educ_inad_desc_35_44,M_lvl_educ_inad_desc_45_54,M_lvl_educ_inad_desc_55_64,M_lvl_educ_inad_desc_65_74,M_lvl_educ_inad_desc_75_84,M_lvl_educ_inad_desc_85ov,M_lvl_educ_inad_desc_Tot,M_lvl_educ_ns_15_24,M_lvl_educ_ns_25_34,M_lvl_educ_ns_35_44,M_lvl_educ_ns_45_54,M_lvl_educ_ns_55_64,M_lvl_educ_ns_65_74,M_lvl_educ_ns_75_84,M_lvl_educ_ns_85_yr_over,M_lvl_educ_ns_Tot,M_Tot_15_24_yr,M_Tot_25_34_yr,M_Tot_35_44_yr,M_Tot_45_54_yr,M_Tot_55_64_yr,M_Tot_65_74_yr,M_Tot_75_84_yr,M_Tot_85_yr_over,M_Tot_Tot,F_PG_Deg_15_24_yr,F_PG_Deg_25_34_yr,F_PG_Deg_35_44_yr,F_PG_Deg_45_54_yr,F_PG_Deg_55_64_yr,F_PG_Deg_65_74_yr,F_PG_Deg_75_84_yr,F_PG_Deg_85_yr_over,F_PGuate_Deg_Tot,F_Grad_Dip_Cer_15_24_yr,F_Grad_Dip_Cer_25_34_yr,F_Grad_Dip_Cer_35_44_yr,F_Grad_Dip_Cer_45_54_yr,F_Grad_Dip_Cer_55_64_yr,F_Grad_Dip_Cer_65_74_yr,F_Grad_Dip_Cer_75_84_yr,F_Grad_Dip_Cer_85_yr_over,F_Grad_Dip_Cer_Tot,F_B_Deg_15_24_yr,F_B_Deg_25_34_yr,F_B_Deg_35_44_yr,F_B_Deg_45_54_yr,F_B_Deg_55_64_yr,F_B_Deg_65_74_yr,F_B_Deg_75_84_yr,F_B_Deg_85_yr_over,F_B_Deg_Tot,F_Adv_Dip_Dip_15_24,F_Adv_Dip_Dip_25_34,F_Adv_Dip_Dip_35_44,F_Adv_Dip_Dip_45_54,F_Adv_Dip_Dip_55_64,F_Adv_Dip_Dip_65_74,F_Adv_Dip_Dip_75_84,F_Adv_Dip_Dip_85_over,F_Adv_Dip_Dip_Total,F_Cer_III_IV_15_24_yr,F_Cer_III_IV_25_34_yr,F_Cer_III_IV_35_44_yr,F_Cer_III_IV_45_54_yr,F_Cer_III_IV_55_64_yr,F_Cer_III_IV_65_74_yr,F_Cer_III_IV_75_84_yr,F_Cer_III_IV_85_yr_over,F_Cer_III_IV_Tot,F_Cer_I_II_15_24_yr,F_Cer_I_II_25_34_yr,F_Cer_I_II_35_44_yr,F_Cer_I_II_45_54_yr,F_Cer_I_II_55_64_yr,F_Cer_I_II_65_74_yr,F_Cer_I_II_75_84_yr,F_Cer_I_II_85_yr_over,F_Cer_I_II_Tot,F_Cer_nfd_15_24_yr,F_Cer_nfd_25_34_yr,F_Cer_nfd_35_44_yr,F_Cer_nfd_45_54_yr,F_Cer_nfd_55_64_yr,F_Cer_nfd_65_74_yr,F_Cer_nfd_75_84_yr,F_Cer_nfd_85_yr_over,F_Cer_nfd_Tot,F_Cer_Tot_15_24_yr,F_Cer_Tot_25_34_yr,F_Cer_Tot_35_44_yr,F_Cer_Tot_45_54_yr,F_Cer_Tot_55_64_yr,F_Cer_Tot_65_74_yr,F_Cer_Tot_75_84_yr,F_Cer_Tot_85_yr_over,F_Cer_Tot_Tot,F_lvl_educ_inad_desc_15_24,F_lvl_educ_inad_desc_25_34,F_lvl_educ_inad_desc_35_44,F_lvl_educ_inad_desc_45_54,F_lvl_educ_inad_desc_55_64,F_lvl_educ_inad_desc_65_74,F_lvl_educ_inad_desc_75_84,F_lvl_educ_inad_desc_85ov,F_lvl_educ_inad_desc_Tot,F_lvl_educ_ns_15_24_yr,F_lvl_educ_ns_25_34_yr,F_lvl_educ_ns_35_44_yr,F_lvl_educ_ns_45_54_yr,F_lvl_educ_ns_55_64_yr,F_lvl_educ_ns_65_74_yr,F_lvl_educ_ns_75_84_yr,F_lvl_educ_ns_85_yr_over,F_lvl_educ_ns_Tot,F_Tot_15_24_yr,F_Tot_25_34_yr,F_Tot_35_44_yr,F_Tot_45_54_yr,F_Tot_55_64_yr,F_Tot_65_74_yr,F_Tot_75_84_yr,F_Tot_85_yr_over,F_Tot_Tot,P_PG_Deg_15_24_yr,P_PG_Deg_25_34_yr
1000,40,1119,1727,2090,2403,2412,975,147,10921,16,313,595,900,1130,1252,288,26,4519,1014,5561,6086,6561,6272,6509,2270,416,34690,544,2499,4166,5462,5985,5133,1998,406,26194,7609,18203,18408,20620,23676,18369,8055,1732,116681,799,774,600,584,667,476,173,19,4102,322,539,765,1003,1477,1627,763,147,6643,8734,19523,19780,22206,25821,20475,8993,1902,127430,100,186,222,265,369,447,278,80,1947,6025,6188,6409,7075,7988,7854,5044,1967,48553,16480,35391,38978,44556,49974,44080,19851,4952,254260,77,2108,2922,2953,2888,2069,498,49,13565,165,1270,1910,2232,2449,2000,418,61,10498,2084,11275,12449,11474,9929,7521,2460,531,57730,1430,5432,7034,9008,10174,7353,2821,634,43884,5968,11668,11417,12046,11464,5350,1231,269,59416,1087,1216,1153,1437,1784,1176,312,65,8228,615,784,1044,2034,3027,2560,1064,265,11393,7671,13667,13609,15519,16269,9090,2608,604,79043,115,213,234,334,629,741,451,131,2849,5169,4935,5466,6349,7848,8204,6399,3388,47756,16712,38901,43628,47866,50181,36975,15654,5402,255333,121,3231
1001,18,265,264,204,180,134,49,3,1117,3,69,136,132,140,98,40,3,617,145,859,851,659,433,425,140,26,3544,102,554,587,594,527,438,156,35,2995,957,2349,1942,1736,1667,1154,565,170,10535,101,96,69,55,35,29,9,0,393,39,59,78,91,86,91,56,5,520,1100,2505,2088,1880,1788,1278,625,179,11449,12,28,21,26,16,28,20,7,167,418,448,404,373,333,332,281,130,2705,1798,4735,4341,3866,3417,2733,1310,391,22597,18,420,398,266,203,109,23,0,1436,32,256,313,281,218,169,42,5,1318,267,1604,1547,1037,698,518,200,36,5908,258,795,889,884,832,523,245,42,4469,800,1581,1274,1214,963,489,108,36,6459,117,156,117,112,104,81,15,0,704,57,82,107,163,218,171,64,35,902,971,1816,1501,1492,1279,746,192,74,8062,12,19,26,25,30,39,36,16,198,362,418,405,332,396,455,507,262,3131,1929,5320,5075,4307,3654,2551,1247,427,24525,35,685
1002,3,138,213,155,165,132,76,25,912,4,22,38,40,40,40,6,0,191,77,333,217,209,185,158,69,11,1260,27,88,106,99,103,78,43,7,550,182,383,287,265,308,210,121,42,1799,48,23,22,11,8,5,4,0,125,7,14,19,21,21,21,12,3,118,242,418,321,297,339,233,139,45,2036,10,11,4,10,7,9,5,3,54,371,170,111,107,112,58,105,43,1078,719,1184,1017,914,951,711,433,141,6081,6,233,251,181,175,109,48,12,1018,11,57,75,75,67,67,25,0,373,124,466,360,306,262,184,103,35,1836,54,125,137,183,190,136,91,26,933,148,264,175,171,143,68,26,12,1002,68,20,15,23,25,19,3,3,177,21,11,18,35,47,45,42,9,228,236,294,204,228,214,134,70,24,1403,7,11,9,3,11,12,10,3,70,471,185,125,89,113,126,147,97,1351,903,1370,1158,1063,1034,775,494,200,6988,5,367
1003,3,67,144,121,141,151,54,16,697,0,14,49,62,65,95,20,3,314,54,331,526,519,421,462,179,59,2552,36,151,249,319,288,311,158,47,1564,254,676,776,780,968,795,414,128,4786,40,25,14,27,26,25,5,4,163,4,21,40,49,59,85,33,7,312,297,725,837,855,1052,904,457,138,5264,5,8,8,19,18,20,20,8,112,165,174,191,166,180,223,190,120,1407,562,1463,2012,2059,2171,2173,1079,391,11911,10,159,203,194,184,134,36,0,925,7,61,113,140,142,138,30,4,633,97,660,846,763,575,495,201,40,3690,60,302,345,482,524,443,213,67,2427,270,397,449,497,513,299,65,26,2516,44,33,36,50,68,56,19,5,315,26,47,60,78,138,178,73,28,622,340,478,550,621,715,531,156,56,3455,4,8,8,20,31,44,45,18,167,138,181,169,194,226,315,309,253,1786,659,1853,2236,2422,2395,2093,981,435,13084,11,229
1004,0,15,29,35,59,76,45,6,266,0,0,10,15,24,34,20,0,117,14,73,71,80,110,146,70,18,582,3,42,66,83,98,123,58,19,489,96,238,271,333,386,415,209,47,2005,15,18,17,7,18,12,6,0,82,3,13,12,20,33,44,27,0,154,109,271,297,364,439,472,235,48,2246,0,4,7,10,7,18,4,0,50,90,77,55,137,117,131,96,51,750,222,486,533,720,858,1004,531,151,4504,0,24,52,36,59,60,28,3,263,0,20,36,26,63,43,18,3,215,23,118,130,130,192,176,78,21,877,18,68,140,142,196,190,74,17,853,93,197,171,230,245,129,25,10,1094,12,12,17,19,39,35,4,0,145,10,9,11,47,60,49,33,10,235,114,219,202,305,337,218,68,15,1478,0,6,4,3,13,18,12,11,72,69,66,85,91,143,162,170,82,874,235,530,646,738,1006,868,457,156,4632,5,45
1005,7,96,117,104,114,94,44,12,589,3,29,41,39,40,41,14,0,209,81,340,314,267,206,144,77,14,1439,33,147,161,208,179,137,60,18,939,327,853,720,669,616,447,232,69,3931,48,42,33,19,11,15,3,4,173,7,37,23,34,53,46,22,10,246,382,927,776,723,691,510,257,78,4349,3,5,9,19,14,11,8,5,77,294,444,375,243,154,118,113,49,1785,804,1982,1795,1602,1402,1049,573,180,9384,11,141,137,127,111,62,21,5,616,13,66,81,91,66,70,22,3,413,167,678,545,451,310,241,85,20,2504,89,257,264,304,295,188,106,41,1544,356,567,477,425,310,133,30,12,2313,47,49,40,57,45,33,4,0,279,31,34,50,68,92,99,32,17,439,436,648,569,549,451,277,68,29,3037,4,10,6,21,19,29,18,8,114,140,142,130,147,125,136,155,121,1099,868,1952,1729,1696,1375,996,478,233,9322,12,244
1006,0,128,163,199,175,226,143,48,1088,0,14,37,56,66,72,39,5,287,66,299,439,406,402,427,297,72,2405,43,154,222,276,232,250,189,53,1417,292,702,652,707,769,558,394,105,4166,31,21,26,22,19,14,8,4,149,10,23,19,59,51,80,64,8,318,326,744,699,784,839,652,465,116,4640,3,12,11,12,23,31,19,10,122,111,89,117,151,137,149,167,128,1040,553,1433,1692,1878,1876,1804,1317,437,11000,12,175,238,211,180,190,67,19,1085,15,63,90,106,126,134,47,3,587,115,538,643,649,478,505,273,63,3268,87,248,274,464,435,479,268,71,2326,195,415,381,369,346,217,84,13,2010,29,29,34,52,66,48,31,3,301,15,31,44,101,142,148,107,20,619,242,473,458,515,550,417,221,43,2922,9,10,13,15,24,58,46,17,197,108,98,115,151,165,232,306,277,1445,581,1607,1830,2125,1962,2024,1226,486,11834,14,302
1007,5,29,20,22,19,18,0,0,117,0,14,5,13,16,13,0,0,68,16,79,76,58,54,54,17,0,360,10,45,58,85,98,41,16,0,356,128,379,289,311,379,319,124,33,1961,20,21,8,10,8,13,0,0,75,6,11,11,16,17,8,3,5,86,156,407,314,340,402,336,129,29,2120,7,3,0,0,4,9,5,0,32,127,111,123,111,105,104,71,48,793,313,689,600,627,697,575,244,85,3832,5,42,39,33,36,18,4,0,169,3,35,40,24,48,17,9,0,177,54,227,129,120,117,84,30,9,757,23,108,104,125,136,66,14,9,571,97,231,216,192,213,88,16,0,1055,10,34,10,19,28,21,4,0,128,11,11,18,26,46,36,16,9,175,123,277,246,242,287,142,33,7,1357,0,8,3,7,11,8,3,0,42,92,101,107,93,117,134,128,98,875,294,792,668,641,748,466,218,124,3949,4,79
1008,0,53,51,50,55,62,15,8,287,0,7,14,13,15,21,3,0,75,9,261,205,172,130,132,37,5,966,16,113,104,72,63,47,27,0,447,31,190,150,153,174,116,41,13,869,10,12,9,3,5,3,3,0,38,4,11,11,12,12,20,4,3,80,36,217,169,167,191,136,48,10,984,4,8,6,6,4,10,0,0,46,49,128,106,85,59,53,21,7,504,125,787,658,563,525,454,161,34,3307,0,91,111,69,50,49,9,0,376,0,17,26,29,39,26,8,0,142,62,440,304,221,163,140,49,9,1393,38,143,133,111,100,88,24,4,639,48,98,76,71,72,35,9,0,408,5,13,8,9,15,11,0,0,61,7,17,18,22,27,28,5,4,124,51,126,102,108,110,66,13,12,591,5,16,10,7,8,4,4,3,61,67,144,84,60,73,52,26,23,545,218,980,773,605,552,424,136,51,3747,3,145
1009,0,6,24,32,33,47,26,4,174,0,6,8,10,25,30,11,0,87,10,62,78,103,112,159,87,11,618,12,29,61,108,100,167,79,17,574,131,212,254,399,536,609,356,111,2607,5,15,9,9,11,13,7,4,76,5,7,14,22,31,50,34,8,172,137,228,281,430,572,676,398,124,2854,0,0,12,0,7,22,15,0,56,43,32,36,49,81,123,93,39,496,207,367,489,721,932,1222,715,195,4857,0,15,36,51,46,47,22,0,217,6,15,25,37,43,56,17,0,203,18,142,175,195,187,180,78,20,997,19,63,121,156,241,192,110,20,921,86,149,207,261,311,152,67,17,1249,21,16,13,27,39,38,11,8,160,10,8,16,27,67,73,45,6,255,118,173,240,314,414,263,112,33,1667,3,0,0,13,13,27,16,9,81,28,26,35,35,120,162,155,60,632,198,428,630,799,1066,935,516,140,4710,0,25
1010,27,693,1061,911,902,754,335,60,4735,16,149,251,293,339,388,123,23,1590,587,2843,3137,2645,1946,1955,890,210,14220,355,1284,2075,2411,1993,1486,741,185,10523,2522,6102,6245,6590,6793,5140,3170,833,37390,319,254,211,184,172,148,90,9,1386,127,214,323,466,510,567,320,74,2606,2965,6572,6785,7238,7475,5858,3578,920,41382,54,76,130,128,145,161,138,36,859,1078,1194,1236,1308,1208,1343,1280,856,9509,5077,12813,14677,14928,14010,11943,7088,2293,82824,48,1052,1438,1115,877,630,165,23,5350,110,508,709,677,669,545,140,24,3383,1023,4823,5341,4010,2901,2181,799,199,21273,800,2554,3093,3696,3120,2298,1014,226,16800,2348,4235,4315,4186,3806,1688,527,177,21288,394,362,342,439,477,407,125,26,2562,257,317,474,774,992,976,462,134,4380,2992,4915,5133,5398,5284,3069,1108,339,28232,53,110,112,173,220,318,191,51,1235,1055,1198,1278,1260,1527,2034,2323,1885,12556,6075,15158,17105,16334,14596,11084,5740,2740,88831,69,1740
1011,6,125,171,191,133,184,56,13,885,0,47,59,78,88,121,41,4,437,83,574,648,625,483,531,183,44,3175,51,243,365,460,450,405,185,47,2198,483,1231,1266,1287,1470,1283,652,169,7837,71,77,45,36,46,34,9,8,330,24,56,70,81,98,123,76,25,553,583,1365,1383,1402,1611,1443,743,196,8719,10,21,20,21,21,28,38,9,166,290,363,343,334,309,341,312,192,2485,1019,2732,2983,3113,3096,3059,1554,511,18068,10,197,279,246,192,148,41,7,1124,15,123,164,165,190,188,44,5,884,192,1046,1159,909,687,604,214,34,4847,105,523,638,794,753,595,261,75,3741,475,905,892,926,842,445,119,20,4628,86,95,72,76,120,101,23,3,574,50,73,80,140,199,225,108,21,891,610,1069,1051,1139,1157,775,254,42,6095,6,27,23,29,29,43,38,5,204,269,395,346,329,377,457,483,381,3042,1205,3372,3653,3622,3400,2796,1330,560,19946,17,321
1012,4,257,188,77,64,38,14,4,643,0,33,53,35,34,30,6,0,192,67,519,367,233,161,132,38,8,1522,16,181,209,187,171,98,43,13,921,297,965,724,651,615,400,201,59,3918,33,47,26,20,13,5,0,4,150,9,36,26,34,29,39,25,7,208,347,1051,780,696,663,445,232,72,4278,6,24,13,13,10,8,11,4,86,271,329,249,227,184,168,136,61,1627,713,2390,1864,1464,1295,923,474,161,9272,11,351,189,90,66,21,7,7,742,12,101,93,81,89,50,11,0,432,167,906,657,381,280,178,71,18,2664,98,315,304,283,272,160,85,26,1540,318,611,494,445,358,164,48,5,2426,61,75,49,32,52,25,15,0,313,22,53,43,67,105,80,47,6,415,402,734,585,541,513,264,107,11,3154,4,10,16,14,14,24,14,10,112,227,334,243,216,212,196,221,132,1779,912,2751,2091,1606,1456,896,516,196,10422,18,605
1013,6,27,19,33,35,33,22,6,170,0,3,13,17,20,34,7,4,94,14,82,108,74,111,150,80,21,640,15,43,69,95,121,168,71,20,603,104,235,273,338,496,591,386,126,2546,14,8,25,3,14,18,8,0,84,10,11,11,22,25,45,43,12,174,128,253,301,366,532,654,441,139,2805,0,3,3,5,8,12,14,0,45,62,55,56,80,117,158,165,100,793,223,461,572,669,938,1214,798,284,5151,0,41,36,40,33,23,12,0,193,6,18,24,18,43,42,13,3,169,28,170,176,150,162,175,79,14,952,31,78,147,160,200,216,94,35,961,106,215,204,239,323,201,52,17,1374,11,29,21,42,42,44,20,5,206,11,11,16,35,91,107,40,18,324,136,250,245,314,456,356,113,35,1900,0,0,3,10,20,29,22,13,90,71,69,61,92,147,258,308,234,1243,279,629,699,776,1053,1095,636,336,5504,5,66
1014,0,67,61,33,52,45,25,4,280,0,14,33,27,29,20,3,0,124,60,202,136,122,97,92,53,15,773,32,149,135,121,120,97,37,9,700,242,583,456,436,437,315,170,45,2679,27,13,17,12,8,10,0,0,84,11,15,28,25,32,23,13,10,153,277,613,499,477,479,349,181,48,2920,3,8,3,11,9,11,7,5,58,165,279,199,205,135,119,91,61,1239,539,1334,1063,986,906,725,402,141,6102,4,89,71,57,56,44,9,3,326,3,53,55,37,54,34,14,3,246,64,353,249,181,151,127,62,23,1218,57,201,186,237,188,158,75,23,1118,201,396,321,285,268,121,31,10,1630,32,29,21,32,19,19,11,6,170,21,26,33,48,73,60,24,12,297,254,461,376,368,365,199,62,21,2094,4,8,8,10,11,13,4,3,58,88,114,102,98,110,148,130,109,901,469,1282,1047,985,919,720,361,188,5976,9,150
1015,0,13,27,32,22,26,13,3,133,0,6,15,15,16,16,3,0,68,10,75,84,90,72,61,18,11,421,3,38,77,71,82,71,30,9,377,169,399,310,307,344,270,149,50,1984,29,22,18,14,8,17,0,0,105,5,17,21,19,28,17,14,5,130,204,436,347,334,373,300,163,48,2221,4,5,4,0,9,7,3,0,30,111,109,94,117,106,116,84,60,793,335,682,648,659,681,588,312,131,4046,0,35,35,34,25,10,10,0,133,7,26,28,33,30,17,6,0,148,30,193,166,148,116,97,34,12,793,32,104,132,145,135,125,54,14,732,211,331,298,262,201,85,26,3,1417,39,32,31,33,33,29,6,6,207,26,18,24,26,46,48,35,3,232,275,383,345,321,285,159,64,20,1853,3,4,6,10,6,15,13,0,53,96,111,96,100,94,136,150,156,936,430,852,810,791,689,557,327,200,4655,0,48
1016,3,91,55,35,29,11,4,0,230,0,8,7,10,10,15,4,0,52,33,268,172,115,87,43,18,9,740,23,118,127,75,73,29,9,3,460,188,405,391,333,331,176,85,20,1924,12,11,9,9,3,3,0,0,54,9,22,11,23,20,13,3,0,100,211,439,413,365,352,194,92,20,2079,3,17,13,3,0,3,0,0,47,92,188,137,124,103,70,67,62,859,360,1128,932,728,658,371,200,94,4473,6,125,62,31,17,3,0,0,260,3,32,23,29,27,21,7,0,147,83,392,270,163,87,57,25,9,1086,41,170,162,120,96,53,21,6,673,109,271,234,183,135,64,12,4,1016,12,31,19,24,30,9,3,0,130,16,30,21,41,54,28,9,4,207,138,332,270,250,217,102,31,8,1351,4,14,12,4,14,9,5,3,55,88,143,104,105,102,101,101,102,849,371,1209,903,711,565,350,179,133,4415,10,216
1017,0,9,13,5,7,10,3,0,43,0,5,4,7,5,12,3,0,36,7,45,41,49,41,40,12,10,247,3,18,40,47,49,59,15,5,234,113,244,220,238,323,277,123,22,1556,16,22,7,15,14,4,4,0,77,9,9,12,11,17,18,3,4,76,138,269,238,263,343,299,130,28,1711,3,0,0,5,0,7,0,0,20,238,392,291,150,135,80,62,28,1377,386,738,626,531,591,501,234,70,3672,0,12,23,10,9,12,0,6,73,4,18,14,24,13,16,7,0,86,21,111,99,99,77,71,23,11,509,20,62,94,101,106,90,30,8,506,113,247,204,209,202,85,26,5,1085,20,28,13,27,22,21,5,0,133,7,12,26,28,50,44,8,12,188,142,285,240,262,274,154,39,13,1412,0,3,7,0,6,13,9,0,44,114,115,115,104,110,117,112,70,851,304,602,583,602,597,465,214,107,3480,0,20
1018,10,81,79,75,57,68,32,0,406,0,14,23,31,37,35,8,0,156,38,236,241,241,226,166,58,29,1231,34,87,125,159,162,123,38,18,742,208,521,496,444,495,382,179,52,2788,36,43,13,25,14,13,0,5,147,15,21,29,25,29,37,20,4,182,260,590,540,493,545,431,200,58,3117,8,8,6,9,9,12,5,0,52,168,148,151,138,150,144,125,83,1112,510,1159,1173,1142,1192,988,456,185,6807,5,108,107,94,90,50,23,0,478,10,57,85,71,63,71,21,5,388,74,400,462,389,302,243,81,25,1978,65,190,209,249,272,191,74,17,1265,246,404,372,374,317,128,28,11,1888,48,35,35,36,43,35,6,0,234,21,38,42,50,83,69,41,15,360,316,477,448,462,443,232,81,28,2484,0,3,4,14,10,27,9,5,81,179,177,160,133,150,183,174,147,1308,644,1415,1476,1410,1343,994,470,227,7983,11,186
1019,0,18,8,13,23,17,13,0,91,0,0,10,8,11,14,4,0,43,16,63,48,48,59,57,15,5,303,8,38,49,62,64,43,16,9,284,103,256,193,272,286,211,126,18,1465,15,15,5,3,14,6,0,0,61,11,8,7,0,17,16,12,4,77,133,273,204,278,315,229,137,28,1601,6,3,0,0,7,3,3,3,25,98,188,147,92,93,89,71,20,797,258,584,471,512,561,455,259,61,3150,4,16,20,23,22,17,0,0,104,0,19,18,26,25,19,4,6,111,19,120,85,86,72,72,27,8,488,14,63,68,73,92,82,39,16,448,86,188,140,134,122,59,18,0,749,24,15,16,19,24,16,4,0,112,3,19,11,22,25,26,16,3,131,111,222,171,177,170,101,38,9,988,0,0,0,4,7,10,3,0,29,49,56,49,58,66,88,102,49,527,198,490,409,452,461,386,219,89,2699,3,33
1020,0,12,35,29,12,19,9,0,109,0,4,12,5,15,9,0,0,42,18,69,76,69,56,63,24,0,381,15,42,98,128,122,81,30,0,514,124,344,386,418,372,267,141,15,2063,12,12,13,11,10,0,0,0,57,6,6,6,19,14,21,5,0,68,140,358,399,442,388,291,144,15,2189,0,3,0,5,10,11,0,0,29,57,42,38,47,63,48,49,11,360,227,525,672,729,664,523,258,32,3628,0,24,44,32,21,5,5,0,135,3,21,32,28,25,13,6,0,127,22,149,199,131,72,66,17,0,673,34,121,137,154,114,86,17,0,656,101,244,260,248,177,70,26,6,1128,25,26,19,24,20,10,3,0,125,10,14,18,21,51,32,18,5,162,133,285,298,295,248,112,44,0,1421,0,3,7,0,10,8,7,0,39,33,33,42,50,59,78,58,9,369,236,632,756,691,552,366,155,20,3410,0,32
1021,3,37,34,71,72,89,77,22,406,0,11,14,30,27,31,15,0,120,42,133,149,130,149,149,95,29,883,28,100,120,155,155,141,89,41,817,237,566,578,577,595,518,327,107,3513,40,33,18,13,13,8,4,4,133,15,17,26,30,31,49,38,13,214,292,620,622,621,639,578,373,124,3859,0,7,6,13,11,14,8,4,62,77,73,66,55,72,91,88,76,600,438,973,1017,1076,1115,1091,748,299,6752,4,62,82,89,67,59,27,8,392,5,51,29,38,53,35,31,8,258,70,311,294,246,211,227,96,39,1503,60,191,200,226,260,213,129,50,1331,201,440,359,331,332,151,41,19,1878,44,38,38,39,33,33,14,5,238,18,36,29,62,87,81,58,29,395,261,513,421,426,453,267,121,51,2518,5,12,6,15,19,27,30,9,116,82,73,77,87,101,143,213,133,912,489,1215,1115,1133,1164,971,648,302,7033,3,101
1022,0,18,35,21,10,14,3,0,105,0,7,10,9,8,12,0,0,46,20,103,95,65,56,49,29,3,429,9,35,66,84,47,34,21,8,298,150,422,317,272,233,141,76,24,1630,8,18,10,9,10,5,3,0,62,5,7,3,14,16,22,11,0,75,167,439,330,296,259,165,92,26,1764,0,7,5,0,6,4,7,0,26,46,75,70,60,55,47,40,23,414,241,680,619,533,441,325,187,57,3082,0,52,52,25,21,22,0,0,174,3,17,24,36,18,12,0,0,110,35,219,158,127,83,56,38,11,735,15,101,112,91,95,67,34,9,521,104,247,177,150,112,49,19,5,850,9,23,13,13,18,5,6,3,98,5,20,13,26,30,35,8,4,142,123,288,202,192,157,87,37,8,1090,3,3,6,8,6,10,12,3,47,30,63,51,55,63,58,69,54,447,217,749,603,532,440,306,200,81,3116,3,73
1023,0,14,16,22,8,6,3,0,66,0,4,15,0,0,4,0,0,33,11,54,46,41,34,17,17,6,221,7,39,50,55,56,31,8,0,246,128,390,322,280,262,143,62,10,1603,9,12,17,16,3,3,0,0,67,6,6,9,13,12,9,5,0,70,144,413,348,317,284,153,69,10,1734,0,0,5,4,3,0,0,0,21,89,172,147,109,74,40,28,8,671,254,702,628,546,459,255,116,22,2986,0,27,18,21,7,11,0,0,74,0,13,17,17,17,5,4,0,73,24,109,105,79,45,29,10,4,392,19,83,87,84,44,34,10,0,367,110,279,188,158,106,31,7,0,879,11,29,20,15,19,11,0,0,101,10,15,20,18,23,19,4,0,111,132,324,225,190,148,59,14,0,1089,0,0,3,4,6,5,0,0,22,54,69,63,50,58,49,37,32,417,230,625,511,436,324,196,76,42,2435,0,39
1024,0,31,40,96,82,97,57,5,419,0,6,6,25,51,50,14,0,163,19,113,170,195,229,279,143,26,1172,22,91,137,200,258,249,138,25,1116,172,347,437,575,702,694,467,112,3512,12,19,12,4,19,24,7,3,109,0,11,23,30,39,56,51,12,227,190,376,470,606,762,779,523,127,3847,4,3,9,9,8,18,14,5,71,79,52,57,91,119,165,184,85,823,314,679,886,1227,1512,1632,1084,269,7607,4,51,80,84,93,78,22,0,411,5,25,34,65,66,80,27,3,309,52,224,304,335,302,237,118,19,1603,42,142,203,289,338,327,150,45,1537,159,229,291,353,370,258,72,14,1741,21,20,29,29,58,56,17,3,231,14,18,28,63,110,137,67,15,457,191,270,342,440,536,447,162,33,2427,0,3,9,17,23,43,26,12,126,67,61,70,88,158,211,294,189,1141,366,787,1040,1313,1524,1427,796,294,7552,6,86
1025,49,1588,2232,1622,1294,1031,401,106,8319,13,348,547,534,507,500,136,19,2608,1336,6200,5425,4107,2848,2506,996,227,23646,544,2306,3110,3315,2774,1893,852,194,14992,4177,10997,9692,9467,9559,7234,3759,1072,55945,561,516,332,252,193,155,77,12,2101,214,302,371,479,586,703,377,103,3142,4948,11822,10393,10194,10334,8093,4217,1184,61192,89,133,140,149,146,168,103,42,971,1876,2425,2139,1922,1726,1658,1452,820,14021,8855,24831,23988,21853,19622,15850,8162,2593,125746,104,2275,2810,1912,1357,790,228,28,9492,183,1007,1187,1067,986,830,195,44,5500,2145,9904,8667,5947,3848,2830,1060,270,34670,1151,4020,4266,4486,4050,2610,1110,301,22002,4253,7591,6317,5971,4722,1994,509,169,31534,736,602,603,631,617,443,123,31,3781,362,488,547,1022,1308,1115,514,157,5504,5347,8684,7470,7621,6648,3544,1152,363,40817,91,141,159,187,270,315,209,83,1456,1644,1868,1650,1548,1715,2185,2423,1800,14836,10668,27885,26208,22775,18866,13110,6377,2880,128776,149,3863
1026,3,91,96,75,68,57,25,0,416,0,12,28,28,39,39,17,6,154,64,295,208,158,183,156,76,22,1166,23,152,216,225,233,164,83,26,1118,369,880,700,665,660,560,333,107,4280,48,42,28,22,23,19,4,0,181,23,17,28,29,39,52,27,14,220,438,939,756,713,722,625,361,122,4680,11,9,10,14,12,20,9,0,92,292,514,433,330,225,162,128,59,2144,822,2015,1751,1553,1485,1221,692,234,9773,7,130,135,88,65,40,17,0,471,15,79,82,59,82,70,20,0,412,86,467,423,301,250,189,81,24,1830,67,269,279,314,319,241,102,29,1625,323,643,509,466,425,195,49,20,2623,59,61,50,55,56,40,8,6,335,24,46,49,76,94,111,46,16,468,404,751,614,591,573,349,106,44,3425,5,12,12,11,14,35,15,9,117,207,217,195,203,177,200,212,103,1522,786,1930,1737,1584,1481,1127,544,210,9400,7,216
1027,6,141,191,135,116,85,32,16,710,3,20,46,44,35,38,16,5,219,86,499,458,328,197,233,77,17,1899,28,184,209,254,201,150,72,18,1113,356,947,760,691,603,390,218,70,4052,28,37,29,30,18,18,12,0,175,10,36,31,36,36,39,41,3,226,394,1021,819,760,659,448,266,79,4449,10,11,7,17,24,10,12,3,92,161,191,179,174,151,141,118,72,1193,685,2071,1912,1710,1387,1102,596,205,9670,17,248,215,146,81,60,9,0,783,9,109,105,104,81,57,24,3,486,152,842,751,503,354,250,90,30,2975,84,298,356,371,304,256,118,35,1820,335,655,541,454,347,159,29,22,2552,47,56,44,39,58,48,13,4,307,31,46,53,84,107,98,61,12,486,415,761,642,572,514,304,108,36,3345,9,7,15,13,10,28,21,6,110,166,191,171,170,176,210,210,141,1421,854,2450,2253,1873,1523,1155,581,251,10936,21,392
1028,5,123,170,173,127,145,60,14,819,0,22,55,64,68,89,24,3,325,74,411,476,404,349,369,185,56,2330,32,151,298,329,310,309,174,58,1664,358,759,737,849,941,888,570,186,5285,55,37,22,34,15,22,16,3,202,28,23,42,54,54,107,64,12,390,437,819,800,937,1015,1019,650,206,5882,9,10,17,15,21,24,17,13,124,160,168,170,173,200,250,236,155,1509,714,1715,1989,2095,2084,2197,1347,506,12649,6,187,223,208,125,101,24,9,880,6,73,105,136,112,113,35,9,578,145,785,730,677,479,384,190,59,3447,99,240,423,528,542,444,229,74,2583,382,572,576,622,608,334,117,44,3239,64,51,59,64,102,78,26,7,446,37,30,57,99,146,195,112,40,711,485,652,688,785,854,607,246,82,4400,9,7,15,19,37,50,36,11,186,139,141,150,189,237,342,407,356,1961,883,2090,2342,2534,2381,2042,1160,601,14032,8,312
1029,0,39,28,26,19,11,4,0,125,0,5,6,10,13,3,3,0,40,43,153,88,64,62,46,12,0,469,23,59,78,105,83,43,10,3,414,225,586,481,435,376,177,78,26,2375,37,22,11,6,10,7,0,0,99,3,11,8,13,16,19,3,5,83,264,626,504,453,395,198,84,24,2557,0,0,3,3,3,6,8,0,27,198,128,76,72,73,57,31,11,650,532,1020,781,741,647,365,150,41,4280,0,41,30,34,16,5,3,0,134,3,28,30,21,14,10,0,0,107,35,192,187,103,64,62,25,9,671,41,136,125,128,73,51,15,6,591,178,372,279,269,162,61,8,3,1323,25,28,23,25,25,19,0,0,144,12,26,20,43,55,27,11,3,196,210,422,317,332,236,107,27,11,1661,4,7,3,3,17,0,0,0,32,60,69,53,63,55,68,46,22,436,351,902,747,688,477,299,113,48,3625,3,78
1030,0,17,29,54,52,61,30,3,245,0,14,12,19,12,28,10,0,93,12,74,98,102,113,141,54,7,602,4,44,109,114,145,113,52,9,590,150,376,361,354,454,508,269,65,2538,7,13,16,9,7,22,7,0,90,3,12,15,22,34,43,27,4,160,155,403,389,380,496,580,302,74,2786,6,4,5,10,5,9,3,5,39,77,65,71,83,87,106,113,30,624,248,626,711,754,908,1041,562,129,4985,0,41,56,61,59,61,7,0,282,4,27,43,30,47,46,10,0,207,45,196,214,180,162,156,50,16,1012,30,112,147,161,195,186,77,14,923,105,275,253,277,273,131,40,11,1353,23,31,29,42,39,24,5,0,194,17,19,21,31,60,90,33,0,272,139,320,293,347,372,248,85,20,1819,4,4,3,12,10,19,10,3,68,79,79,76,64,95,162,122,81,753,290,774,832,849,934,878,363,132,5059,3,59
1031,1866,47317,59695,36358,24850,15120,5999,1275,192479,430,5518,7746,6934,5337,3934,1298,250,31444,28916,117236,99502,66324,47925,31578,13207,3628,408326,12594,32619,37923,33299,25045,15163,6813,2091,165545,23453,56128,52015,52985,47955,31636,18272,5707,288147,2250,2367,2200,1907,1704,1136,503,111,12189,1850,3465,4725,5501,5822,4849,2522,712,29437,27558,61960,58940,60385,55481,37623,21297,6529,329776,1056,2930,3084,2510,2129,1815,1192,447,15168,18719,29913,25327,18636,15653,12877,10425,6487,138043,91133,297495,292214,224447,176425,118117,60239,20705,1280785,2963,60891,63099,33795,19320,10106,3079,532,193772,1530,10616,12519,11030,8670,6314,1932,359,52978,38000,146853,120811,79333,49346,28618,10748,3238,476948,15382,39762,44424,45136,34311,21648,9698,3221,213572,17196,31866,30811,29036,22447,10445,3657,1264,146712,3163,3092,3772,4547,4224,2554,818,235,22406,2342,3938,5839,9777,10522,8182,3969,1487,46050,22703,38896,40417,43357,37189,21176,8447,2978,215165,1002,2771,3071,2746,2961,2934,1743,581,17811,15969,27026,22688,17403,15902,15670,14861,13200,142721,97545,326815,307032,232798,167687,106464,50506,24104,1312956,4825,108209
1032,4,124,99,79,63,47,21,0,442,0,27,39,43,36,39,10,0,191,55,387,299,238,164,158,61,14,1393,19,166,196,206,180,120,71,19,978,341,894,770,687,679,523,314,84,4293,54,55,31,27,13,15,0,0,196,22,35,32,31,42,39,30,4,230,410,983,832,750,733,577,347,86,4722,10,22,13,4,7,15,6,4,86,267,327,249,241,194,169,188,108,1743,778,2035,1718,1564,1386,1121,718,236,9559,9,206,152,104,53,22,15,0,566,18,78,102,73,64,63,17,5,425,177,721,525,379,285,206,110,39,2442,51,298,321,332,339,211,115,36,1704,382,682,600,511,394,205,45,14,2826,49,84,49,53,54,51,20,4,362,25,49,46,78,105,121,62,17,515,459,814,696,642,556,374,125,33,3699,8,22,8,6,17,29,20,8,117,264,277,268,213,210,241,324,185,1976,974,2416,2074,1758,1526,1151,725,310,10933,17,331
1033,0,26,43,24,25,25,17,0,156,0,4,12,7,16,23,8,0,80,15,92,81,89,95,111,43,20,549,15,58,76,92,93,108,45,20,500,192,444,367,434,515,426,261,63,2704,39,35,30,14,17,17,0,0,153,13,12,17,26,35,26,21,4,156,241,492,414,470,560,475,291,69,3014,6,8,6,7,12,6,9,4,42,168,138,151,135,176,185,192,93,1236,442,819,781,825,978,928,604,202,5582,4,46,64,30,38,26,7,0,204,0,33,21,38,26,26,13,0,167,53,190,179,166,167,144,58,14,982,45,147,166,216,217,144,77,23,1028,227,409,328,326,338,141,51,11,1834,31,49,26,36,48,27,13,3,237,9,25,34,50,71,66,33,17,303,270,482,388,409,456,235,98,33,2374,0,9,3,3,17,28,10,8,85,132,162,128,138,198,228,261,205,1459,509,1069,953,998,1126,830,524,284,6299,4,68
1034,0,22,39,30,50,65,25,3,232,0,7,13,12,18,36,11,0,97,9,87,112,110,113,155,62,19,660,10,31,73,83,84,112,53,12,459,119,279,321,306,418,426,228,70,2172,10,14,11,7,8,13,5,0,58,11,19,22,22,22,42,29,3,165,141,306,350,335,450,481,264,72,2399,0,0,3,0,6,13,9,0,44,58,59,58,69,97,96,71,31,541,210,513,653,641,818,953,494,151,4437,5,44,46,28,63,55,11,0,256,3,27,43,33,51,41,16,0,207,17,187,218,163,193,157,62,13,1011,17,96,117,140,194,176,78,26,839,89,170,171,194,193,134,28,12,989,10,9,31,15,39,31,6,0,143,5,18,22,24,55,75,37,16,243,104,195,220,231,286,233,76,30,1379,0,0,4,3,15,17,8,4,55,64,53,58,70,113,121,119,59,659,204,601,707,671,916,798,375,129,4410,3,65
1035,12,171,197,174,160,100,40,13,872,0,45,76,92,64,48,17,5,342,121,618,552,432,295,218,84,21,2338,70,233,259,310,266,179,80,30,1429,631,1340,1020,884,919,667,299,96,5853,70,81,43,29,24,22,7,0,271,20,36,46,47,58,55,36,7,310,723,1457,1107,956,1007,739,343,104,6429,14,16,19,14,7,12,13,3,95,249,276,231,221,186,177,164,93,1599,1180,2827,2441,2195,1981,1477,741,267,13114,14,262,247,205,132,74,25,3,958,18,136,153,149,114,79,20,5,673,308,1140,950,632,432,295,135,37,3926,156,427,398,446,427,285,132,53,2337,540,821,671,592,542,213,51,14,3431,104,105,60,69,65,41,15,5,450,32,47,57,102,151,126,52,29,598,672,975,785,756,758,376,121,46,4484,19,32,21,25,37,31,22,13,199,222,254,216,213,234,274,257,215,1886,1403,3219,2765,2422,2139,1421,718,371,14461,22,438
1036,101,1578,1545,1190,1086,806,305,51,6662,16,255,374,320,344,325,90,24,1740,1175,4091,3066,2615,1941,1583,584,135,15186,474,1445,2080,2255,1814,1183,458,114,9824,2748,6099,5607,5698,5891,4230,2265,700,33233,274,215,181,131,140,102,52,12,1107,117,202,238,277,400,445,228,48,1962,3141,6522,6023,6104,6426,4778,2546,760,36298,41,64,111,96,104,124,83,23,649,1074,1092,1013,971,918,893,956,596,7513,6010,15053,14212,13554,12633,9693,5025,1690,77879,109,1925,1871,1390,1036,681,148,20,7178,105,749,820,680,624,522,127,21,3661,1762,5803,4904,3520,2405,1596,577,144,20703,874,2388,2751,2906,2466,1670,601,188,13848,2226,3779,3527,3395,2746,1111,342,98,17233,373,315,335,386,450,274,71,29,2239,227,251,388,797,1010,774,343,116,3919,2833,4350,4248,4588,4209,2156,756,245,23383,45,89,99,126,195,209,113,39,909,1021,1092,1005,972,1088,1181,1378,1132,8872,6758,16406,15697,14175,12025,8011,3705,1781,78561,206,3506
2000,48,879,1168,1389,1575,1583,594,91,7334,23,296,634,835,1019,1130,278,25,4237,800,3900,4515,4389,4327,4462,1554,251,24203,537,2136,3247,3966,4348,4434,1769,310,20751,5071,12866,13158,14985,16577,11985,5124,1130,80900,544,487,405,323,356,287,102,20,2518,174,346,472,594,866,906,389,87,3835,5793,13703,14035,15897,17798,13175,5621,1235,87256,43,114,144,147,184,257,166,42,1090,3504,3138,3514,4263,5066,5160,3614,1421,29675,10755,24160,27260,30889,34322,30199,13589,3375,174544,92,1776,2115,2096,2105,1482,326,37,10028,187,1332,1963,2250,2283,1662,399,53,10126,1574,7902,8846,7976,6969,5575,1922,405,41167,1172,4380,5588,6811,7222,5418,2028,488,33106,3253,7389,7379,7894,7683,3773,889,186,38446,643,699,839,785,978,610,159,40,4749,298,459,679,991,1193,998,404,121,5142,4197,8552,8896,9668,9858,5386,1450,340,48344,56,150,160,197,280,379,269,91,1578,3241,2863,3314,3980,5099,5728,4563,2566,31341,10520,26943,30878,32972,33812,25630,10959,3973,175683,147,2650
2001,0,64,78,55,44,28,9,0,280,0,16,27,17,20,31,3,0,115,44,242,224,137,87,78,33,6,858,34,153,186,157,112,104,44,9,801,206,663,588,487,388,281,113,27,2757,25,18,21,10,4,4,0,0,81,9,10,22,22,21,15,8,3,111,237,692,636,515,412,303,119,25,2948,0,7,12,0,7,3,4,4,36,66,91,80,82,68,58,50,11,502,386,1256,1245,963,757,612,265,63,5543,6,135,128,73,35,13,10,0,401,17,87,92,83,36,34,3,0,355,98,407,392,253,123,89,47,9,1415,71,271,307,242,176,110,50,14,1248,125,388,329,260,228,93,21,4,1444,20,28,40,26,27,17,9,0,162,14,19,37,38,43,30,13,0,192,164,432,401,321,292,141,36,6,1797,0,10,5,9,8,0,4,4,47,78,91,83,82,81,103,81,30,632,437,1437,1406,1065,759,493,238,67,5903,6,200
2002,0,27,23,18,13,14,9,0,107,0,3,15,14,11,26,9,0,71,8,96,65,78,70,64,31,4,416,12,51,72,69,72,88,50,17,429,111,294,258,277,275,246,137,39,1636,16,13,15,4,6,8,0,0,53,7,5,11,11,21,10,11,3,81,131,313,284,292,299,262,147,41,1774,0,8,5,4,5,10,4,0,36,73,69,75,70,75,75,77,54,573,224,565,535,546,547,535,324,119,3399,6,51,38,28,28,19,3,0,169,0,34,43,35,43,28,7,0,188,32,181,139,126,116,97,63,15,761,21,119,119,151,135,119,64,26,749,99,236,181,189,142,86,34,0,966,16,24,22,16,22,17,4,0,124,0,6,24,20,20,12,17,4,103,114,268,228,227,189,119,47,3,1191,4,5,3,0,3,4,13,3,41,64,70,77,76,101,126,132,110,762,239,723,640,646,609,515,326,159,3856,10,73
2003,32,483,500,402,300,242,108,23,2091,4,120,188,202,203,198,54,8,969,320,1393,1330,994,649,556,240,39,5518,134,573,654,706,534,505,204,44,3355,935,2370,1820,1690,1609,1086,609,176,10300,119,121,67,50,42,24,10,4,440,28,63,77,72,95,81,47,15,481,1084,2562,1960,1816,1744,1197,671,192,11224,14,30,27,30,24,31,20,10,181,448,452,374,400,356,385,340,201,2954,2037,5608,5036,4553,3807,3111,1631,515,26298,50,648,634,481,377,236,65,5,2492,33,337,452,426,351,265,78,20,1955,476,2115,2005,1417,897,714,286,68,7973,293,871,961,911,862,608,282,91,4875,730,1497,1346,1175,896,505,85,39,6269,143,159,123,101,78,82,14,10,710,52,91,100,147,140,121,68,22,744,922,1741,1573,1433,1114,705,168,65,7723,22,26,29,33,32,44,34,16,232,471,485,399,415,402,521,552,415,3656,2260,6222,6054,5108,4033,3101,1455,679,28910,80,1130
2004,33,285,307,249,207,203,90,13,1376,12,104,166,170,157,136,32,5,775,241,1142,1023,760,510,455,181,48,4361,113,474,570,551,550,503,240,49,3061,750,2219,1874,1745,1607,1137,636,199,10167,109,91,74,50,36,34,6,0,398,32,64,74,74,77,92,44,18,476,886,2375,2018,1866,1721,1263,685,222,11035,3,31,18,25,20,34,19,13,174,357,466,391,401,358,348,358,224,2908,1649,4880,4501,4018,3527,2947,1602,568,23694,67,545,404,296,231,146,37,3,1739,47,352,428,353,288,212,58,9,1751,445,1863,1712,1179,808,605,236,72,6925,259,822,846,865,749,614,269,78,4496,680,1476,1226,1142,959,467,133,25,6110,120,124,131,99,125,92,16,0,716,70,70,104,147,156,117,59,24,748,867,1670,1459,1387,1239,675,212,50,7569,3,34,19,27,36,31,26,15,195,359,473,412,390,457,501,590,462,3648,2052,5764,5291,4502,3810,2781,1425,701,26326,98,831
2005,0,23,63,68,62,71,38,4,333,0,6,28,30,49,28,12,0,153,5,70,150,147,104,129,68,10,686,4,27,60,74,82,88,59,11,398,41,120,110,128,180,145,70,18,818,9,9,4,3,4,0,0,0,31,0,6,0,8,18,11,9,3,58,52,139,119,140,199,156,78,22,907,0,0,0,6,0,7,0,0,16,52,49,56,64,39,61,62,65,456,119,316,474,528,531,538,323,119,2947,4,42,101,104,90,87,38,0,465,0,24,58,82,72,71,27,3,331,12,117,216,209,166,172,86,12,991,9,55,72,90,125,111,67,7,544,30,76,79,81,76,55,11,9,418,4,7,3,5,13,13,5,0,52,5,0,3,12,18,13,12,4,73,41,87,89,103,104,80,29,16,546,6,4,0,3,0,10,5,0,27,26,32,44,56,51,103,125,149,585,97,363,572,646,617,624,375,190,3481,0,63
2006,0,13,15,18,10,11,9,0,75,0,10,10,10,10,15,4,0,51,4,85,57,45,35,51,17,8,312,8,44,51,56,56,47,18,8,284,117,304,253,203,211,146,85,19,1329,8,21,9,3,3,0,0,0,53,3,12,8,8,15,6,3,0,56,125,334,272,220,230,152,83,23,1434,0,9,8,4,0,6,5,0,31,37,63,54,44,45,54,50,31,373,170,547,466,397,385,335,182,70,2561,5,25,18,21,12,18,7,0,104,3,24,13,15,10,17,10,0,102,22,148,126,88,67,58,38,11,548,18,96,79,95,101,84,33,8,519,101,200,180,149,141,62,17,8,852,15,15,11,12,8,12,0,0,71,10,17,9,17,14,21,0,0,87,123,231,192,179,158,98,19,8,1011,0,3,3,0,3,0,3,5,20,27,45,57,43,60,93,73,39,444,203,580,502,436,406,366,182,77,2740,3,40
2007,6,40,31,36,25,14,6,0,157,0,10,23,18,16,18,11,0,96,17,167,157,127,105,82,33,7,707,13,57,98,99,107,94,43,5,517,180,467,405,483,465,382,193,48,2627,6,13,15,10,7,3,3,0,59,3,11,13,22,15,27,8,3,107,194,489,436,513,494,414,209,46,2793,6,0,3,6,3,8,4,5,32,86,108,72,108,115,127,130,64,806,322,877,816,911,870,762,427,132,5113,10,78,60,44,27,7,0,0,227,4,55,58,62,55,24,10,0,269,73,316,308,213,163,107,37,9,1231,37,158,170,207,179,122,69,14,960,128,248,245,274,224,139,23,4,1293,19,31,14,20,18,8,4,0,114,8,15,19,34,40,29,6,0,157,160,291,281,320,285,170,36,3,1555,0,3,6,6,11,11,17,0,55,71,95,77,84,125,176,184,143,965,353,1007,965,939,849,622,355,182,5262,16,119
2008,177,1867,1371,1031,810,626,292,39,6214,16,361,470,436,443,398,125,13,2258,1090,4249,4002,2864,2020,1724,644,168,16767,590,1706,1950,1946,1580,1519,699,152,10146,2013,5579,4974,4585,4309,3142,1613,529,26739,237,200,177,114,93,64,28,5,918,76,160,202,227,223,265,154,31,1339,2325,5941,5358,4933,4624,3465,1788,564,29000,46,74,108,71,65,81,83,37,561,1041,1216,981,1001,916,875,811,447,7286,5300,15415,14233,12278,10463,8684,4437,1425,72231,105,2071,1790,1162,809,471,138,7,6556,115,1024,1223,1063,828,631,169,20,5075,1553,6447,5801,3883,2646,2000,764,168,23253,766,2479,2768,2856,2441,1826,858,239,14227,1690,3302,3098,2873,2471,1182,329,93,15044,265,221,276,247,205,180,53,9,1469,158,234,298,376,395,374,159,72,2061,2115,3761,3671,3503,3068,1737,548,171,18570,39,73,71,81,102,129,121,40,654,917,1059,1068,953,966,1280,1377,964,8592,5607,16921,16393,13502,10849,8070,3972,1611,76925,288,3937
2009,4,39,98,110,107,60,26,3,441,0,12,48,54,60,44,7,0,225,38,149,289,279,230,130,70,11,1204,32,82,171,193,159,172,63,8,883,130,325,488,499,425,257,131,19,2273,12,5,8,8,5,9,7,0,56,10,13,24,25,35,17,10,0,128,150,344,514,533,473,287,149,24,2465,0,7,3,9,3,9,7,0,39,68,37,53,74,75,59,47,39,457,291,666,1182,1254,1107,750,368,86,5700,5,96,154,139,104,43,12,0,547,3,35,123,147,98,60,15,3,485,73,279,545,418,236,162,61,9,1783,44,122,241,250,233,136,64,8,1091,67,133,205,213,159,75,20,4,876,8,14,25,13,21,14,4,0,98,12,13,22,39,40,40,16,5,185,84,150,252,269,219,127,40,9,1160,0,4,3,10,8,17,17,3,67,67,27,67,98,73,95,74,57,559,283,727,1382,1332,966,638,275,86,5691,8,131
2010,5,51,41,34,23,10,4,3,167,0,16,11,16,17,9,8,0,67,23,149,105,93,61,48,20,4,497,12,58,86,105,95,64,32,11,462,148,424,333,298,315,184,73,21,1789,22,13,7,7,3,4,0,0,62,8,7,15,10,21,20,8,0,82,177,448,353,312,334,210,84,22,1935,4,5,6,0,5,9,4,0,31,70,86,63,56,55,61,63,47,504,288,808,655,610,589,408,213,82,3660,11,81,55,31,15,7,5,0,210,10,49,49,38,41,28,5,3,222,62,251,197,145,105,98,40,20,928,25,146,158,160,147,94,46,20,797,134,245,218,172,152,103,22,11,1061,25,33,23,19,17,8,3,0,124,3,14,17,28,23,19,3,4,111,165,287,254,226,192,128,28,12,1295,0,7,3,7,4,3,4,7,30,80,71,48,70,59,90,100,64,591,368,888,767,674,579,449,231,114,4068,18,129
2011,3220,50153,51451,28948,18989,11782,4985,927,170462,564,6612,9370,8775,7272,5119,1515,272,39498,27665,108216,96251,62795,41196,26980,10890,2994,376980,12537,37138,40720,32092,23874,16920,8308,2331,173914,26079,66542,58225,58463,51492,32446,18419,5731,317398,3291,3027,2329,1810,1382,798,286,62,12988,1574,3362,4366,4642,4323,3250,1659,497,23666,30942,72928,64917,64919,57203,36492,20365,6289,354050,901,2427,2680,1768,1536,1380,936,363,11997,16844,26926,21699,17064,13885,11612,9831,5670,123526,92665,304402,287085,216362,163948,110289,56838,18844,1250427,4032,62474,56279,28318,15974,8375,2515,481,178444,1898,15852,18869,17198,12486,7613,2327,363,76605,37290,138111,116266,75265,43653,26680,10296,2926,450485,14532,43401,47694,44583,32852,20490,8921,2929,215395,17603,37119,34603,33434,25970,11964,3869,1336,165901,3173,3373,3560,3423,3149,1982,628,142,19433,2180,4039,5427,7669,7426,5161,2674,1063,35642,22956,44534,43590,44532,36548,19108,7171,2531,220975,840,2348,2409,1860,1857,1954,1283,592,13150,14939,24672,20491,16418,14723,15481,14948,11641,133311,96494,331388,305597,228172,158083,99699,47455,21467,1288358,7254,112629
2012,4,103,101,63,61,43,13,3,387,0,36,35,66,42,45,5,4,232,45,406,331,286,218,128,48,16,1477,60,207,266,270,267,174,73,16,1336,407,1108,899,896,837,586,255,64,5052,60,70,36,31,22,12,8,0,239,28,24,41,51,36,36,22,9,254,500,1206,980,980,899,633,282,71,5543,7,15,13,15,12,16,15,4,88,331,358,337,343,349,321,241,105,2386,946,2327,2059,2019,1856,1369,679,210,11462,16,173,117,83,78,23,11,0,497,17,124,121,140,109,52,11,0,567,145,797,642,482,333,212,84,17,2716,118,391,414,461,433,273,100,17,2201,324,751,600,593,469,200,50,15,3003,63,86,70,66,62,34,9,0,392,25,44,53,95,79,48,23,0,362,411,889,729,752,608,279,79,17,3760,5,22,22,9,15,9,11,6,108,294,381,346,326,316,373,305,200,2551,1006,2763,2394,2256,1895,1219,600,262,12400,20,278
2013,0,20,10,17,19,15,11,0,84,0,6,9,8,14,17,5,0,62,21,90,72,56,60,72,23,3,404,18,59,90,82,109,90,43,10,501,210,585,462,493,563,404,184,61,2973,31,16,20,5,5,0,4,0,79,5,15,10,14,15,28,13,0,93,245,615,489,509,589,431,197,63,3151,0,0,0,0,5,8,7,4,35,123,130,106,111,126,131,78,40,847,403,920,775,789,923,771,367,124,5073,0,29,40,32,23,21,3,0,153,10,39,39,31,34,22,8,0,181,55,174,163,123,132,95,41,5,787,34,185,155,177,157,95,36,6,852,148,389,329,291,245,102,24,9,1537,21,27,37,17,21,20,4,0,146,11,15,18,29,26,28,12,9,146,176,436,388,344,285,144,39,12,1830,4,8,3,0,3,5,11,0,40,100,104,113,127,151,192,115,65,965,384,983,899,831,796,576,254,91,4816,0,47
2014,0,13,14,9,14,12,5,0,69,0,4,3,8,12,11,0,0,42,11,63,45,53,54,47,15,0,292,5,19,47,41,43,56,15,5,229,72,193,208,265,255,188,82,21,1282,12,3,13,0,4,0,0,0,38,4,4,11,22,13,14,5,3,69,87,200,228,281,265,208,88,22,1382,0,0,5,8,4,4,3,0,19,49,47,61,67,72,69,47,28,444,157,348,405,473,460,412,172,52,2481,3,24,19,15,11,9,5,0,94,6,19,27,26,33,22,3,0,135,22,115,105,87,70,57,20,3,485,16,69,108,91,108,76,27,7,502,69,139,132,150,150,81,4,0,731,14,16,14,21,4,4,4,0,75,4,6,14,27,15,9,8,0,83,89,160,159,195,179,96,15,0,890,0,0,4,0,5,8,4,0,20,36,34,51,37,64,67,58,39,390,166,424,464,453,469,332,141,52,2505,3,31
2015,5,35,52,32,17,22,3,0,176,3,13,23,25,14,13,3,4,103,24,164,121,106,77,61,23,4,572,9,78,90,102,100,70,39,5,491,124,311,261,254,278,210,110,27,1573,21,21,16,9,12,5,3,0,78,5,13,12,11,9,14,6,4,68,147,345,287,269,303,226,117,30,1707,3,7,4,0,0,7,3,0,18,56,73,71,51,48,55,44,44,451,245,708,638,589,564,447,238,86,3521,6,70,57,36,31,20,0,0,231,5,47,43,44,26,20,0,0,194,48,233,212,164,94,103,37,9,901,27,124,136,154,127,81,53,14,712,74,186,207,189,125,84,23,3,896,21,23,11,15,17,8,0,0,99,12,17,11,24,18,21,7,0,105,98,225,234,229,164,110,23,9,1096,0,3,4,0,12,4,11,4,31,57,63,68,66,63,81,94,93,586,242,764,743,704,516,425,222,124,3743,10,108
2016,8,172,166,95,69,44,14,4,571,0,50,66,63,58,35,17,4,291,95,471,366,242,226,152,54,10,1619,52,284,293,238,220,184,87,16,1371,435,1005,826,844,742,521,275,74,4722,54,50,31,30,19,9,5,0,196,22,37,41,52,35,25,13,0,226,519,1081,897,932,797,555,299,76,5151,9,18,16,12,13,7,3,5,88,310,366,310,327,279,241,229,118,2182,1002,2442,2110,1909,1667,1218,694,239,11278,33,264,173,97,68,40,12,0,685,14,160,160,149,102,70,16,5,666,190,874,662,422,299,217,71,18,2756,149,470,498,448,357,241,96,26,2281,352,634,556,513,455,184,50,11,2751,73,51,52,59,30,34,6,0,309,25,49,48,83,68,48,27,7,353,456,736,654,649,550,267,83,18,3407,9,28,26,13,11,18,4,8,106,260,359,303,252,297,292,318,276,2361,1105,2889,2477,2027,1684,1134,593,355,12257,45,430
2017,3,17,12,11,7,13,0,0,62,0,10,13,10,16,6,0,0,56,11,85,95,54,36,29,5,0,326,14,74,68,58,60,20,18,3,322,89,277,200,165,168,115,48,11,1067,17,12,10,3,0,0,0,0,38,4,13,14,8,10,5,3,0,62,110,294,218,177,180,125,49,16,1169,0,4,4,7,4,0,0,3,11,53,68,61,57,57,49,48,34,421,198,542,472,374,359,245,131,50,2363,0,52,28,20,5,8,0,0,114,0,28,20,26,29,16,3,0,128,36,182,146,73,57,40,22,7,568,20,87,99,64,78,58,31,12,450,80,177,129,111,92,43,17,4,643,19,11,13,8,6,5,0,0,73,8,8,19,18,11,8,3,0,82,109,193,167,136,113,57,19,3,798,0,0,3,4,0,3,0,5,25,56,68,52,44,54,51,73,49,454,238,614,514,364,345,235,158,83,2538,6,69
2018,9,91,100,69,63,35,19,0,379,0,20,27,42,37,36,7,0,173,68,359,286,231,165,114,65,9,1304,25,175,185,202,208,157,88,13,1051,352,1013,864,829,870,647,315,86,4969,30,50,36,25,14,9,8,5,169,6,28,23,26,28,44,13,8,176,388,1085,920,877,915,703,329,93,5312,0,11,15,14,16,10,3,0,74,212,284,268,253,285,267,261,169,1994,709,2027,1798,1683,1681,1321,772,291,10289,11,158,142,89,59,45,0,0,512,20,96,96,92,79,42,17,0,455,132,636,441,318,250,174,66,9,2027,77,371,356,358,297,184,76,18,1733,322,713,556,463,411,167,48,15,2697,34,60,69,52,39,28,5,0,296,12,36,43,51,48,57,13,6,268,371,808,674,566,504,254,72,18,3262,9,11,6,12,6,21,11,5,78,230,284,288,227,277,326,339,316,2280,852,2360,2007,1663,1477,1041,582,366,10347,27,255
2019,0,60,37,26,31,18,8,0,180,0,10,25,29,22,32,8,0,123,19,172,149,115,84,89,29,12,682,16,95,82,91,106,95,39,14,536,156,375,363,365,334,247,150,44,2040,18,9,11,13,8,11,4,0,63,11,10,12,21,8,15,14,7,100,183,394,384,402,348,271,167,50,2205,0,7,6,6,0,3,6,0,33,60,79,72,78,85,112,106,69,659,277,811,759,746,689,620,357,155,4416,5,102,61,52,34,30,4,0,285,5,55,65,64,59,51,19,6,315,87,294,263,194,136,101,67,14,1154,46,145,185,198,179,121,67,28,966,137,269,249,237,188,108,14,16,1224,21,19,23,34,23,9,8,4,142,10,10,23,17,28,25,14,4,131,171,297,292,291,235,139,39,19,1496,9,0,0,6,6,10,6,3,48,84,87,67,93,91,119,192,137,858,400,985,929,900,751,565,384,208,5121,5,159
2020,0,66,101,81,81,65,39,5,431,4,23,46,36,62,72,16,0,257,56,354,305,252,203,188,92,18,1464,38,224,256,178,211,193,92,23,1220,351,1079,852,849,760,576,297,89,4852,37,27,16,15,14,15,5,0,135,18,33,40,33,44,48,29,10,243,404,1137,909,900,818,640,327,104,5234,7,13,22,9,8,11,18,3,96,125,177,176,171,139,149,127,45,1112,634,1989,1811,1641,1522,1310,703,196,9800,13,165,144,127,88,58,19,0,601,16,102,124,104,119,102,33,3,605,129,683,548,390,342,257,102,22,2468,92,429,424,423,350,256,107,26,2105,267,705,536,479,445,194,59,11,2689,66,54,45,44,41,51,4,0,301,24,47,40,73,77,51,28,5,352,356,804,612,595,563,294,95,18,3343,3,12,11,11,17,29,22,3,116,148,229,167,167,184,210,214,74,1395,751,2415,2033,1818,1657,1208,584,158,10628,10,227
2021,5,103,84,85,93,67,35,0,465,0,25,49,57,56,59,6,0,249,58,355,297,270,210,176,56,8,1432,24,159,188,188,192,182,75,12,1022,280,756,734,652,538,351,174,59,3542,38,33,17,14,11,8,3,0,126,12,18,20,19,38,30,16,0,154,325,804,767,685,594,388,193,65,3821,3,15,5,4,4,10,8,6,55,163,153,189,151,133,141,125,85,1137,587,1619,1580,1428,1276,1022,489,178,8174,8,156,160,101,86,56,11,3,572,6,92,131,125,107,61,21,3,561,103,621,585,426,325,248,91,34,2431,75,281,315,323,322,226,107,29,1678,280,443,447,434,365,146,43,12,2166,36,41,30,39,39,21,3,6,214,22,25,39,65,52,30,20,4,262,340,510,509,537,452,200,72,17,2640,0,5,6,3,12,8,8,5,53,125,159,155,139,175,213,238,206,1406,651,1833,1860,1667,1479,1005,544,298,9340,18,261
3000,28,616,787,891,1122,1142,415,54,5049,17,278,352,523,653,655,143,19,2635,791,3507,3410,3448,3377,3397,1080,155,19166,444,1759,2785,3933,4554,3733,1295,170,18681,5949,15133,15985,16929,18284,15038,5572,848,93750,1517,762,506,502,434,308,97,9,4145,309,433,608,884,960,1025,410,70,4699,7777,16332,17100,18314,19682,16374,6081,926,102586,85,168,169,231,283,330,224,56,1555,5780,7952,8015,9000,8849,7000,3735,1126,51460,14916,30610,32616,36337,38520,32641,12987,2511,201128,61,1053,1361,1423,1473,931,205,7,6507,110,890,1160,1359,1450,1023,243,15,6254,1839,7680,7672,6582,5848,4371,1319,239,35544,1123,3745,4990,6269,6872,4536,1467,247,29249,5055,8975,9016,8986,8614,4060,779,99,45583,1638,1058,991,886,935,595,144,13,6255,452,641,884,1221,1437,1115,357,49,6155,7150,10678,10895,11090,10978,5767,1278,160,57993,84,181,176,209,318,396,197,54,1618,4836,5421,4986,5669,6539,6381,4066,1583,39486,15200,29649,31238,32601,33481,23403,8776,2307,176653,85,1664
3001,0,43,25,20,36,51,12,0,186,0,14,17,8,23,19,4,0,75,42,257,122,93,106,120,23,0,761,35,129,121,141,126,97,28,5,684,174,440,408,363,377,260,79,11,2108,38,32,19,16,16,15,0,0,130,4,12,24,13,24,26,9,0,116,214,487,451,392,418,299,86,11,2359,7,10,9,6,8,6,8,0,54,129,310,183,183,260,189,70,6,1316,423,1258,919,841,964,779,231,25,5438,0,77,57,36,33,22,0,0,227,0,26,35,22,32,30,6,0,151,110,432,237,142,155,87,15,6,1179,68,213,190,143,151,96,25,0,881,143,260,206,187,164,68,19,5,1048,51,27,24,17,24,14,0,0,147,13,19,19,28,29,28,4,0,145,203,302,254,236,219,106,22,5,1340,0,7,14,11,4,6,5,0,43,147,306,196,163,262,183,51,4,1315,523,1358,990,758,849,528,127,17,5145,4,122
3002,680,12370,18162,13463,9195,5803,2301,451,62433,268,3224,4149,4350,3252,2001,642,104,17996,11685,41602,38395,28801,17650,11999,4989,1132,156253,6318,14479,17509,17141,13458,8662,3772,832,82169,21594,43468,39364,35893,31202,22257,11568,3049,208399,5045,2283,1540,1019,694,440,189,37,11246,1501,1919,2541,2477,2087,1938,1094,253,13810,28137,47673,43446,39388,33993,24635,12850,3331,233450,441,944,1115,948,767,781,513,180,5692,9268,11952,9987,8550,6597,5860,4841,2607,59654,56804,132239,132765,112629,84913,59736,29909,8639,617630,1026,16822,20726,13061,7670,3927,1083,155,64467,926,7449,8343,7828,5241,3247,897,164,34101,17424,58216,53232,36621,20696,12724,4932,1231,205079,9360,21707,23783,23474,17558,10397,4298,1163,111748,19595,27488,24763,22917,17405,7906,1988,469,122531,4674,2865,2246,1939,1694,1248,366,62,15102,1841,2384,3249,4218,4087,3114,1312,407,20616,26114,32738,30268,29075,23180,12277,3666,947,158250,504,863,1009,988,964,980,678,243,6231,8683,11916,9923,8107,7121,7416,7228,5651,66042,64039,149705,147275,119162,82435,50967,22787,9546,645910,1708,29196
3003,8,87,121,115,114,95,41,14,589,3,32,48,57,65,52,19,5,285,83,434,451,391,312,290,130,24,2118,33,181,234,307,369,349,169,29,1676,596,1318,1197,1251,1453,1535,851,197,8402,195,114,50,43,24,27,18,0,466,57,36,59,59,68,95,52,10,443,850,1468,1310,1356,1547,1654,923,207,9318,7,25,19,24,16,25,33,6,151,254,326,255,322,327,364,340,158,2348,1243,2546,2432,2582,2752,2827,1653,447,16486,5,119,135,148,95,78,19,0,607,12,105,163,131,133,79,26,0,647,177,854,878,692,551,432,174,42,3802,120,373,465,595,602,434,195,33,2827,629,962,940,894,870,451,116,20,4886,199,137,101,89,66,71,25,3,697,64,80,96,100,133,109,73,12,676,891,1174,1137,1087,1073,634,217,32,6256,12,16,16,12,27,41,37,9,174,256,326,268,280,322,482,529,258,2716,1480,2972,3061,2937,2796,2188,1203,388,17028,12,203
3004,17,324,463,452,433,273,95,13,2071,7,136,178,213,187,132,33,4,894,265,1502,1561,1311,971,697,281,61,6655,137,750,1047,1269,1044,696,266,51,5256,1225,2919,2916,3073,2860,2040,883,201,16114,357,152,124,109,65,44,19,4,875,90,134,142,143,152,156,79,17,916,1674,3201,3185,3329,3073,2238,985,219,17904,14,42,54,63,62,63,52,3,363,1143,1530,1211,1236,1078,1069,623,196,8089,3267,7489,7691,7873,6848,5177,2338,544,41226,31,579,747,626,464,227,63,9,2744,34,394,413,494,334,207,42,5,1919,527,2883,2750,2221,1387,861,286,44,10971,301,1153,1661,1747,1392,807,286,47,7392,1233,1937,1919,1869,1375,587,141,26,9094,318,177,175,149,154,81,16,7,1077,106,122,203,280,275,208,71,23,1289,1651,2240,2302,2295,1802,881,231,57,11462,27,32,67,76,70,89,41,7,409,1049,1499,1127,1086,1059,992,667,332,7814,3621,8786,9062,8555,6512,4068,1612,504,42719,48,900
3005,5,23,23,28,23,4,0,0,101,0,5,10,11,13,6,6,0,53,26,92,89,72,46,25,4,0,362,9,60,74,75,72,19,6,0,315,157,442,466,378,247,122,29,3,1848,41,18,10,7,6,4,0,0,94,12,7,19,17,12,13,0,0,77,211,472,498,405,266,133,32,3,2016,0,9,0,4,8,0,4,0,23,116,145,147,106,132,87,37,16,788,369,805,847,697,551,287,79,18,3660,0,45,43,23,15,3,0,0,135,9,34,42,25,26,10,0,0,146,72,264,211,117,65,28,8,0,762,18,86,135,119,84,26,8,4,475,125,218,233,132,90,29,0,0,830,56,33,30,12,9,4,0,0,147,9,13,17,19,14,11,5,0,92,195,267,280,167,114,39,0,0,1063,4,3,7,4,4,4,0,0,19,66,91,100,83,94,80,20,21,553,366,790,806,534,402,186,46,25,3159,3,67
3006,4,57,84,90,59,33,3,0,336,0,22,38,47,44,18,10,0,188,67,284,319,264,191,128,32,11,1298,21,103,204,319,226,133,32,5,1046,429,1290,1305,1202,1074,572,219,55,6143,157,67,50,20,16,12,0,0,323,23,37,33,41,46,34,14,5,237,612,1392,1390,1268,1135,617,239,57,6702,8,20,12,25,17,13,7,5,102,163,229,271,250,242,198,103,36,1488,875,2108,2327,2272,1920,1134,420,109,11159,7,87,117,98,36,20,0,0,365,15,71,71,106,65,22,9,0,366,141,573,625,417,254,103,59,7,2184,51,263,314,356,263,117,46,16,1418,412,813,703,647,466,122,23,5,3186,191,97,72,43,46,31,3,0,482,32,54,68,79,66,42,16,0,354,631,963,845,765,575,196,40,9,4019,7,6,11,20,13,12,8,4,79,172,230,215,197,178,178,117,84,1368,1013,2195,2201,1963,1385,648,281,107,9791,11,143
3007,169,2644,2985,2307,1853,1379,576,88,12000,71,617,737,822,632,572,180,38,3677,2346,8586,8032,6295,4310,3753,1596,366,35285,2159,4065,5091,5192,4227,3056,1443,327,25560,5743,12020,12481,12659,11412,8878,5120,1236,69547,1066,497,343,293,238,219,82,13,2749,411,528,816,815,758,767,481,125,4703,7218,13047,13644,13765,12406,9859,5682,1377,76998,130,233,261,277,242,301,227,92,1767,2795,4048,3430,3161,2785,2845,2524,1408,22986,14886,33236,34177,31815,26469,21761,12235,3694,178266,218,3771,3941,2657,1770,1057,262,32,13699,238,1616,1825,1705,1260,865,239,42,7784,3905,13829,12955,9092,5723,3799,1421,289,51010,3393,6843,7809,8221,6407,4109,1593,393,38760,5296,7263,7309,7632,6202,3377,1019,264,38357,958,625,599,606,636,497,163,25,4098,558,778,1108,1443,1552,1368,664,159,7625,6816,8663,9010,9675,8387,5238,1841,451,50080,143,261,344,291,408,440,292,113,2287,2864,4090,3583,3312,3325,3629,3690,2747,27235,17565,39074,39465,34953,27281,19134,9334,4056,190858,384,6411
3008,0,22,10,29,16,22,10,0,115,0,8,8,13,19,11,5,0,74,18,87,107,99,85,71,30,3,498,16,48,76,103,97,78,41,14,468,217,482,425,405,433,338,149,51,2490,73,29,20,23,6,3,0,0,164,17,16,10,20,23,26,19,4,134,302,534,458,447,469,364,171,51,2789,10,4,3,4,4,6,4,4,38,96,129,98,100,109,97,94,40,763,443,829,759,796,809,654,344,114,4745,0,32,40,32,23,19,8,0,158,4,23,36,44,38,36,6,0,183,40,188,193,173,139,121,46,16,919,35,131,170,200,197,120,63,10,936,230,355,344,325,295,124,31,6,1706,69,45,29,27,20,18,3,0,208,17,25,32,46,46,41,13,0,219,311,420,403,404,365,177,43,8,2138,0,3,3,7,10,9,8,3,42,93,82,95,101,102,126,127,81,801,480,883,937,964,868,615,303,119,5165,0,51
3009,0,83,108,87,96,100,43,9,525,0,22,28,41,56,86,29,5,269,56,234,323,291,276,297,120,29,1631,34,126,228,286,398,448,176,35,1727,390,807,833,984,1275,1585,876,168,6908,101,49,40,26,36,40,20,0,326,23,29,45,50,69,87,59,22,393,519,881,920,1069,1382,1718,951,196,7628,7,4,12,16,18,37,39,5,138,207,174,195,236,264,424,472,168,2151,824,1526,1821,2032,2492,3103,1833,445,14072,3,91,128,126,133,108,38,8,622,15,58,100,110,116,105,33,6,536,135,576,656,589,516,427,152,30,3079,54,256,405,535,667,527,190,45,2679,374,631,697,811,787,530,151,28,4022,100,60,63,64,58,79,23,0,453,31,56,69,93,125,147,61,12,604,502,752,835,971,977,756,236,49,5077,4,7,15,20,27,45,32,7,155,172,185,197,277,383,569,621,311,2702,890,1925,2327,2623,2822,2534,1291,449,14855,6,174
3010,0,13,22,10,9,7,5,0,72,5,3,6,8,0,10,6,0,36,21,73,63,42,41,21,15,0,274,6,33,41,51,52,40,21,4,251,94,243,185,165,174,141,65,16,1090,16,22,8,4,9,7,0,0,70,12,12,10,5,6,14,4,0,62,122,282,201,181,189,160,65,19,1218,0,0,3,3,4,6,0,0,26,63,63,44,50,43,39,40,13,364,223,470,386,344,343,277,159,33,2239,3,20,26,15,14,13,0,0,94,0,16,17,14,5,6,5,0,69,48,128,121,92,55,50,11,7,513,14,79,57,94,78,63,20,3,407,120,183,137,110,113,48,6,4,724,27,26,21,12,13,12,0,0,116,11,11,12,7,15,16,0,0,79,156,219,173,134,143,79,7,5,920,0,0,3,9,7,5,5,0,29,47,50,45,45,53,53,50,41,382,273,506,437,404,360,275,99,60,2416,3,31
3011,4,137,188,151,116,68,21,6,689,7,37,64,87,77,29,15,0,317,159,602,602,446,333,207,61,19,2428,33,208,370,447,413,246,96,22,1833,724,2230,2192,1980,1847,1198,456,100,10732,191,78,48,30,18,16,7,0,388,45,50,60,78,69,69,31,4,404,961,2356,2301,2093,1931,1285,486,107,11518,12,25,25,27,16,18,19,3,149,414,540,505,482,474,338,272,145,3175,1586,3918,4050,3739,3372,2183,969,295,20115,11,192,210,159,133,52,3,0,764,34,166,169,167,131,58,8,0,724,320,1280,1266,874,537,288,102,24,4687,136,515,672,697,568,286,119,34,3031,646,1305,1162,1014,770,288,64,10,5257,171,119,126,78,58,40,12,4,609,74,82,118,136,128,68,33,4,653,890,1510,1408,1226,960,392,103,24,6518,15,20,22,28,23,17,15,6,147,440,551,496,418,386,384,364,232,3264,1844,4226,4247,3572,2738,1466,719,327,19135,17,327
3012,0,7,21,27,27,25,11,3,120,0,5,8,23,13,18,5,0,79,16,63,82,89,99,97,39,3,497,17,50,95,116,165,138,58,11,648,265,473,464,526,559,623,283,61,3254,87,41,21,17,11,4,3,0,183,10,14,18,21,33,36,24,0,157,360,525,508,565,597,662,312,64,3594,6,9,5,6,3,7,12,4,49,148,109,137,126,159,140,137,66,1017,551,768,857,959,1070,1087,573,144,6007,0,15,25,25,32,26,7,0,133,3,18,32,44,37,35,3,0,177,49,144,205,180,178,141,55,11,963,32,104,144,192,242,199,57,18,991,236,328,398,401,400,186,46,4,1993,86,54,45,31,35,20,4,0,282,19,31,25,40,54,41,17,3,242,337,416,474,472,488,253,69,9,2516,3,0,3,5,8,16,5,5,44,93,91,106,103,141,197,172,101,1010,522,798,987,1032,1126,859,373,138,5840,0,22
3013,0,54,62,19,38,7,0,0,177,0,22,14,13,14,6,3,0,74,53,184,120,56,55,30,10,4,499,14,53,84,72,69,33,6,0,330,184,582,506,468,440,176,65,10,2430,48,19,10,8,0,4,0,0,84,5,18,9,19,7,12,0,0,61,236,615,525,495,451,185,68,10,2581,0,3,3,3,8,3,0,0,35,231,253,233,254,250,189,73,13,1492,541,1180,1038,908,884,463,168,19,5189,3,68,68,35,30,7,0,0,219,4,54,53,22,24,3,0,0,168,116,396,246,136,93,51,14,0,1057,32,125,142,123,119,42,8,0,594,155,279,226,182,118,40,11,0,1022,50,39,21,10,15,3,0,0,140,18,26,25,24,16,9,5,0,115,223,343,275,216,146,51,12,0,1279,0,3,4,9,3,9,0,0,28,174,201,185,174,185,124,52,20,1120,563,1198,988,724,607,283,88,22,4464,7,123
3014,8,149,198,172,135,76,30,9,778,0,53,64,84,75,46,9,0,337,157,551,593,429,316,205,72,17,2342,49,211,324,354,344,246,58,14,1604,727,1902,1635,1324,1335,902,393,107,8325,242,101,62,47,19,16,5,0,494,63,63,78,62,54,57,34,4,413,1028,2061,1780,1427,1410,969,433,113,9227,10,9,25,23,20,22,10,8,122,398,454,410,403,326,333,243,153,2731,1661,3503,3386,2882,2633,1905,864,321,17141,16,193,205,195,120,60,14,0,802,26,141,154,142,130,60,13,4,669,335,1090,1115,772,514,293,122,24,4263,148,518,576,551,492,274,110,32,2694,703,1290,1056,818,692,239,42,13,4857,241,165,121,81,57,34,3,0,706,67,59,96,97,99,59,29,4,515,1015,1512,1273,990,848,340,79,21,6078,14,22,15,26,30,12,21,6,143,376,382,385,318,317,305,363,261,2701,1924,3866,3723,2995,2448,1335,713,349,17351,28,341
3015,38,768,1148,1243,1126,1126,552,92,6089,19,242,378,552,593,535,184,23,2519,693,3450,4091,3707,2906,2809,1333,271,19264,491,1506,2340,2894,2682,2454,1215,304,13881,3236,6526,7313,7669,7397,5932,3145,866,42089,703,245,153,140,139,114,63,12,1564,236,250,333,412,447,555,295,93,2630,4174,7016,7793,8221,7985,6607,3504,972,46283,42,79,119,150,167,176,178,52,967,1224,1471,1487,1504,1400,1542,1508,790,10917,6682,14528,17362,18267,16858,15249,8470,2503,99916,61,1260,1722,1540,1258,880,210,22,6934,91,630,1075,1196,1040,787,244,42,5105,1411,6319,7080,6019,4254,3021,1278,279,29667,979,2838,3970,4628,4231,2970,1305,335,21259,2944,3931,4230,4577,4284,2178,629,127,22895,720,348,378,351,388,353,99,24,2652,288,345,514,759,867,860,368,125,4132,3946,4624,5119,5688,5539,3396,1092,282,29679,50,86,138,191,231,273,194,70,1235,1244,1544,1585,1612,1793,2009,2133,1502,13424,7785,17297,20695,20867,18351,13324,6462,2528,107314,102,2027
3016,32,536,546,468,409,313,134,15,2463,6,134,165,172,197,129,46,10,855,351,1400,1397,1074,821,723,270,64,6101,188,589,750,879,781,513,250,59,4005,1549,3032,2476,2189,1996,1463,774,190,13680,364,190,91,60,40,25,6,0,780,82,94,116,132,106,118,62,26,732,1998,3316,2685,2385,2140,1601,846,221,15195,22,34,28,44,32,35,30,7,240,558,605,510,483,454,463,383,198,3648,3163,6613,6079,5503,4834,3769,1960,571,32500,37,560,652,543,418,212,63,0,2487,63,345,371,386,327,232,75,10,1801,738,2567,2411,1771,1220,884,391,97,10083,421,1037,1111,1245,1079,768,350,95,6105,1559,2089,1684,1531,1265,571,142,25,8871,390,240,156,137,94,85,27,3,1128,126,126,143,230,215,191,92,35,1156,2076,2454,1981,1901,1569,850,261,65,11152,33,42,44,46,39,54,45,15,320,526,551,510,478,505,527,642,383,4113,3888,7555,7077,6367,5156,3521,1833,669,36063,67,1099
3017,28,453,585,506,400,265,101,12,2348,10,131,155,195,151,115,25,7,793,470,1868,1471,1253,870,589,230,39,6796,185,722,913,1154,1007,650,217,34,4888,1775,4200,3601,3248,3053,2054,903,175,19007,431,240,94,79,46,22,17,3,935,90,139,159,167,159,137,71,14,936,2295,4582,3862,3491,3262,2212,990,186,20879,43,49,38,56,34,42,34,3,290,1488,1275,928,802,762,630,427,185,6490,4514,9079,7947,7455,6487,4507,2025,474,42481,39,669,769,620,425,212,67,4,2810,96,468,567,424,319,167,34,6,2086,930,3362,2900,2177,1390,788,317,51,11924,429,1355,1510,1590,1211,649,257,52,7047,1631,2486,2347,1983,1603,627,129,26,10844,476,261,185,161,128,80,20,4,1318,153,171,197,257,245,164,62,25,1261,2256,2914,2734,2395,1976,874,212,58,13420,30,47,32,51,45,56,36,11,307,989,1070,912,831,713,688,527,366,6094,4768,9894,9428,8092,6081,3438,1440,554,43692,66,1125
3018,0,9,10,19,24,10,6,3,83,0,8,7,13,14,9,5,0,64,15,69,71,73,58,61,32,0,382,7,39,48,59,69,64,32,11,316,174,310,232,222,252,235,119,26,1579,32,29,16,8,0,4,0,0,93,9,17,9,14,13,14,6,4,83,222,355,253,245,264,252,122,33,1749,0,6,7,3,5,9,10,0,43,76,79,64,77,94,81,89,34,603,322,561,451,487,530,497,298,85,3233,0,17,32,28,20,16,3,0,118,3,17,14,28,23,23,11,0,125,45,131,125,108,99,82,41,10,642,17,70,90,97,110,87,36,6,528,139,242,199,203,180,91,19,0,1075,40,30,17,20,12,15,3,0,134,12,12,24,32,25,31,17,5,156,191,287,231,256,227,129,37,6,1362,0,0,0,6,3,7,4,0,22,65,61,65,83,87,108,118,70,651,318,579,566,605,574,454,252,101,3447,0,27
3019,0,16,29,42,51,42,6,0,196,6,16,22,29,26,26,3,0,128,28,106,130,122,116,109,41,9,663,12,48,80,114,134,104,39,10,538,171,438,427,447,420,426,171,41,2541,39,12,13,6,11,5,13,0,97,14,16,14,24,30,31,17,3,140,225,466,451,476,451,460,191,46,2773,0,6,4,8,8,8,13,0,43,64,81,65,90,110,123,85,25,638,332,740,786,883,898,866,381,92,4979,0,44,61,60,57,35,4,0,266,4,39,35,73,53,31,7,0,252,62,259,286,255,208,129,58,13,1268,29,110,162,171,188,128,49,13,843,160,218,277,237,219,109,21,6,1252,36,21,20,15,19,13,0,0,147,9,12,23,20,43,34,16,3,168,211,260,324,282,282,158,41,10,1566,0,6,0,8,7,9,7,0,40,71,72,69,73,108,131,114,44,678,386,788,937,923,910,616,284,77,4922,6,56
4000,22,277,320,308,382,356,144,9,1819,3,67,131,167,273,265,50,7,977,295,1369,1401,1339,1209,1292,452,69,7422,132,574,995,1380,1557,1539,487,76,6737,2191,5329,5287,5572,6080,4677,1783,392,31307,326,369,261,211,181,124,35,3,1511,86,179,242,374,438,423,181,31,1945,2605,5876,5790,6155,6696,5227,2001,429,34768,26,64,100,96,123,121,78,15,631,1337,1571,1604,1951,2206,1956,1337,488,12451,4423,9793,10338,11398,12453,10757,4551,1101,64808,28,513,515,465,457,298,69,12,2352,40,314,468,500,566,428,96,11,2434,695,2910,2989,2356,2086,1639,564,121,13355,227,1216,1747,2318,2706,1922,653,128,10921,1723,3152,3199,3311,3189,1513,318,74,16478,302,425,447,338,339,219,44,4,2121,152,216,330,510,510,385,144,41,2280,2176,3793,3982,4154,4036,2119,505,118,20887,24,57,59,95,97,138,98,33,604,1081,1117,1133,1465,1824,2054,1602,843,11118,4278,9918,10901,11353,11773,8600,3585,1263,61663,50,782
4001,587,8184,9282,6123,4434,3398,1528,366,33912,136,1538,2002,2035,1883,1548,517,81,9744,6130,22278,19650,13849,9877,8226,3440,836,84295,2223,6887,8747,8842,7996,6280,2769,673,44413,9518,22304,20159,20326,19232,14416,7914,2571,116440,1622,1720,1074,722,569,378,141,37,6260,486,839,1188,1403,1478,1506,789,251,7939,11626,24865,22422,22447,21277,16301,8843,2861,130636,288,554,589,501,431,447,386,145,3353,3839,4885,4458,4137,3779,3466,2891,1775,29227,24824,69183,67163,57941,49680,39674,20375,6739,335575,608,11294,10792,6074,4133,2585,767,120,36360,330,3168,4174,3749,3293,2469,711,105,17996,8837,30625,27000,18254,12050,8621,3469,994,109849,2198,8616,10961,11987,11059,7791,3067,955,56634,9015,15264,14010,12876,10742,5247,1608,514,69284,1469,1916,1636,1330,1102,737,226,62,8486,762,1173,1635,2431,2336,1939,973,369,11625,11245,18354,17283,16640,14188,7926,2810,950,89398,249,510,532,496,567,585,411,152,3495,3650,4503,4059,3837,3876,4593,4966,3504,32985,27116,77060,74802,61026,49155,34577,16206,6773,346720,1195,19473
4002,9,41,44,34,30,22,9,0,184,0,16,20,32,32,17,11,0,121,21,173,138,143,101,89,36,5,704,6,63,73,128,118,118,49,15,584,267,693,639,537,493,359,169,31,3189,31,43,26,17,9,16,4,0,152,8,14,15,29,28,37,8,8,155,309,751,681,580,534,408,183,37,3492,4,6,5,3,4,16,3,3,47,113,140,114,126,122,120,100,50,889,460,1194,1074,1050,945,793,389,112,6016,8,60,65,44,30,14,0,0,224,9,55,59,49,46,38,3,0,265,82,373,326,245,159,112,67,9,1368,23,151,186,242,206,150,45,15,1016,247,511,410,410,301,135,28,9,2056,41,68,58,48,33,25,10,0,279,29,22,45,60,40,35,21,0,245,322,603,513,516,378,190,51,11,2576,6,6,9,7,21,6,0,0,50,98,108,111,114,120,155,167,121,988,547,1358,1267,1215,953,657,337,156,6493,10,105
4003,0,15,27,13,18,16,8,0,88,0,4,3,4,13,4,3,0,49,13,77,69,41,36,46,18,0,306,12,56,30,74,75,68,26,8,344,155,344,295,280,286,239,143,39,1784,28,37,23,7,11,0,6,0,106,7,9,14,20,17,8,14,0,97,192,383,341,310,308,251,154,43,1985,4,9,11,13,8,0,0,0,51,81,97,83,90,96,88,71,35,633,304,640,561,542,557,471,289,90,3452,3,28,16,18,18,9,6,0,90,7,23,23,16,28,23,3,4,124,36,146,123,98,75,65,28,11,582,21,88,84,114,132,83,31,5,558,188,288,241,241,212,107,28,4,1308,38,29,29,31,20,26,0,0,178,8,20,30,37,28,24,8,4,151,234,340,298,305,259,149,42,12,1639,6,0,3,4,5,6,4,6,37,69,77,67,89,94,97,94,67,663,371,714,605,645,608,428,215,103,3687,3,40
4004,0,38,20,19,14,8,3,0,109,0,3,7,7,13,9,0,0,45,12,86,49,42,31,35,9,0,265,11,49,48,38,65,58,11,3,282,89,302,210,275,305,187,90,14,1485,16,21,20,10,12,4,0,0,67,4,16,13,13,20,7,4,0,86,108,336,239,301,339,205,93,15,1636,5,12,16,9,5,3,0,0,43,101,110,108,115,115,101,74,16,738,243,637,492,529,576,414,196,30,3120,10,50,26,12,7,4,0,0,110,6,27,17,15,18,17,8,0,104,41,163,102,99,58,35,6,0,506,5,54,71,87,101,68,10,5,398,68,178,160,145,100,49,14,4,709,16,29,25,19,15,4,5,0,110,8,18,10,18,8,9,0,0,73,95,227,196,178,125,60,10,4,892,0,5,9,10,3,4,0,0,25,71,84,91,86,95,81,71,20,595,224,608,506,489,413,266,102,26,2637,5,95
4005,0,19,13,19,15,16,0,0,91,0,8,7,6,10,4,9,0,45,19,82,102,81,52,43,18,0,401,8,31,65,77,75,69,27,5,364,124,368,323,312,289,216,98,38,1763,19,27,10,10,16,6,0,0,84,12,13,22,19,13,18,11,0,103,156,402,353,338,314,242,108,36,1950,0,3,18,10,12,7,0,0,53,80,92,84,97,97,87,47,26,613,263,648,644,632,573,457,219,73,3518,3,47,32,23,17,12,3,0,133,0,17,23,29,25,22,0,0,119,54,202,190,123,101,63,33,11,777,15,75,113,141,122,78,38,8,589,134,230,216,216,159,83,12,6,1048,23,27,43,31,25,15,4,0,164,12,24,30,24,33,16,6,0,140,159,281,287,271,216,108,19,7,1353,0,4,5,9,5,7,5,3,32,73,74,84,68,84,77,77,41,577,318,701,735,661,555,371,174,66,3571,9,64
4006,5,21,16,19,16,9,0,0,80,0,9,3,4,10,6,6,0,32,6,68,43,39,30,26,7,3,220,3,20,38,51,67,36,8,0,222,118,285,196,256,269,197,103,26,1459,23,29,19,3,6,5,4,0,88,3,4,3,15,11,7,9,0,53,146,321,215,274,286,212,112,28,1598,0,3,3,0,4,0,0,0,18,73,81,67,79,98,81,53,23,568,234,522,397,470,518,367,187,57,2747,8,20,17,10,4,3,0,0,67,3,14,21,17,17,8,4,0,83,54,134,77,75,68,49,12,0,470,16,57,65,74,91,41,16,3,363,111,187,183,181,145,60,16,4,897,24,33,26,21,13,12,6,0,129,7,10,12,14,17,10,5,0,82,140,237,226,222,171,80,25,4,1111,3,0,4,4,3,3,0,0,20,58,73,50,75,66,103,95,27,550,277,542,459,478,427,289,154,41,2666,9,42
4007,0,22,43,34,44,97,63,11,314,0,10,14,17,44,70,30,0,178,23,95,148,142,189,322,165,40,1124,6,47,75,101,184,319,194,32,965,107,295,369,440,575,689,488,122,3090,27,20,15,21,11,16,11,3,117,4,4,22,28,29,98,47,14,246,134,323,413,488,621,803,546,135,3455,9,9,8,14,5,22,33,12,99,48,46,51,66,102,144,171,73,703,226,536,742,868,1182,1777,1198,308,6838,3,40,56,53,86,106,29,6,374,4,13,36,56,85,124,25,8,354,44,179,236,254,290,382,166,43,1597,13,89,134,206,364,464,202,30,1510,105,255,302,288,366,324,98,29,1761,38,27,35,34,37,41,16,10,235,8,16,34,52,77,104,55,15,359,148,299,373,374,476,473,168,51,2360,0,5,0,8,11,20,26,8,84,47,40,58,77,123,256,248,166,1013,266,670,891,1028,1437,1825,863,316,7291,4,60
4008,0,36,36,29,25,16,4,0,140,0,11,10,16,13,8,3,0,59,17,137,117,114,67,36,9,0,500,18,45,60,107,91,51,27,5,400,152,514,406,538,598,369,202,58,2836,33,54,18,19,16,6,0,0,155,11,8,14,20,17,20,8,3,94,196,579,440,572,634,394,213,61,3092,0,4,7,5,0,6,0,0,33,101,110,105,153,144,91,62,36,800,334,927,770,997,974,594,324,107,5028,0,57,40,32,25,9,8,0,172,3,17,29,32,31,12,4,5,134,53,240,218,149,102,52,19,5,844,19,81,102,165,147,61,28,0,603,150,307,260,290,206,77,25,9,1323,40,56,56,40,30,18,0,0,234,10,16,23,31,37,19,10,0,150,199,381,335,356,275,121,43,9,1711,4,5,3,11,4,3,9,0,42,91,106,101,106,125,116,132,71,845,370,888,825,855,701,376,240,90,4346,3,95
5000,46,519,544,509,526,447,167,24,2790,7,148,219,289,310,240,48,5,1271,426,2343,2319,2044,1706,1447,437,62,10782,199,997,1598,1943,1970,1643,552,70,8974,2477,7670,7915,7709,7595,5011,1575,251,40197,727,392,270,195,197,109,25,7,1930,99,188,270,307,385,398,153,35,1843,3307,8244,8465,8221,8171,5513,1753,292,43962,39,95,98,138,133,157,66,15,739,2870,6336,6599,6665,5276,2936,1363,392,32440,6892,18692,19846,19809,18100,12382,4384,866,100959,43,591,697,503,545,352,78,4,2814,40,478,560,565,626,431,75,11,2779,692,3613,3591,2859,2521,1665,512,111,15574,303,1443,1829,2184,2692,1885,546,109,10989,1750,3195,3248,2993,2674,1288,270,37,15446,751,539,430,401,362,223,53,3,2758,146,236,350,496,606,461,136,28,2463,2644,3963,4030,3892,3641,1970,465,66,20666,36,76,117,107,146,190,98,26,800,2106,2854,2606,2811,2942,2636,1525,588,18066,5864,13017,13429,12921,13110,9129,3291,918,71678,86,1117
5001,5,47,56,57,51,65,26,4,303,3,19,27,42,41,26,6,3,173,38,164,201,227,197,195,73,18,1114,27,110,159,180,226,196,89,14,997,344,704,630,621,635,450,237,89,3711,146,44,30,16,24,8,6,0,267,9,13,17,30,37,51,20,7,187,498,758,679,671,694,514,258,100,4172,0,15,10,11,14,18,12,3,80,120,137,112,144,142,140,116,75,976,686,1249,1243,1323,1365,1162,581,218,7822,10,79,82,70,80,44,12,6,382,9,42,67,98,90,69,15,4,396,81,358,424,422,355,269,126,30,2069,62,191,269,324,338,246,137,36,1600,282,480,430,424,347,179,49,17,2206,161,61,48,47,44,20,8,0,404,17,31,37,89,98,64,22,8,364,467,574,511,557,485,266,79,27,2967,3,8,14,14,18,30,19,12,125,106,106,125,116,177,194,218,155,1197,742,1364,1494,1607,1549,1115,613,261,8736,9,124
5002,3,56,53,42,40,46,10,0,254,0,20,28,21,18,21,3,0,113,18,236,208,131,148,126,57,0,927,18,74,138,118,107,144,43,0,646,109,327,382,389,334,316,89,10,1949,36,12,8,7,6,8,0,0,81,12,12,19,18,21,32,10,3,129,154,357,403,414,363,360,97,13,2154,6,3,4,14,8,15,10,0,61,166,233,216,233,246,177,94,15,1376,367,981,1051,981,932,886,310,29,5535,3,117,102,56,71,35,6,0,393,5,66,95,58,69,42,3,0,339,79,501,377,260,204,152,23,7,1609,37,157,187,147,203,158,24,0,916,89,191,188,171,130,90,7,0,863,49,44,39,17,17,15,0,0,183,3,19,31,25,41,32,9,0,167,146,259,255,214,187,135,20,0,1211,3,4,9,4,12,13,7,0,53,171,354,250,244,289,208,81,15,1607,442,1458,1267,989,1030,743,172,25,6127,9,172
5003,3,80,162,154,109,89,22,10,624,0,29,68,80,75,48,9,4,316,73,430,527,515,400,287,106,22,2361,62,249,417,408,367,279,131,27,1929,717,1727,1742,1589,1448,990,427,103,8739,289,108,47,31,24,21,6,0,527,31,37,62,65,84,64,27,9,383,1037,1872,1853,1682,1556,1070,462,104,9644,6,21,32,27,34,32,24,4,186,235,289,281,271,261,241,169,111,1860,1414,2979,3341,3136,2796,2046,932,283,16925,15,137,175,151,109,61,18,0,667,12,115,185,184,135,81,21,0,745,174,920,1076,858,559,345,144,46,4114,100,479,595,583,601,384,149,52,2930,927,1250,1166,1009,725,329,78,14,5496,277,195,133,113,85,52,18,6,869,58,68,134,185,175,104,48,9,779,1254,1510,1428,1300,988,487,142,30,7148,6,22,32,29,32,44,20,9,205,212,292,279,270,288,302,308,214,2170,1767,3473,3776,3385,2711,1709,804,360,17984,19,216
5004,0,28,57,81,67,83,42,3,374,0,23,48,38,31,42,12,0,187,22,228,317,334,279,298,122,35,1626,15,127,215,239,263,268,146,23,1287,296,688,840,804,726,657,306,73,4387,111,43,19,23,10,12,9,0,223,11,19,29,49,46,52,23,3,227,421,748,891,874,779,721,338,79,4845,7,15,12,11,21,23,16,4,102,117,160,157,173,186,172,131,64,1144,578,1317,1697,1759,1618,1598,799,204,9571,4,70,119,101,59,61,15,0,431,6,62,127,140,100,70,17,6,520,75,452,734,588,415,320,140,36,2758,56,237,370,421,410,312,136,32,1973,243,444,537,509,397,215,62,13,2413,109,45,51,55,51,43,12,3,370,22,35,61,85,95,101,35,12,453,377,520,649,648,548,357,109,25,3238,8,18,11,19,21,37,21,7,146,134,178,179,159,233,253,205,127,1471,652,1543,2186,2082,1784,1409,647,235,10538,4,103
5005,0,15,14,16,14,11,3,0,69,0,0,14,8,6,0,0,0,33,13,59,44,69,51,34,20,9,287,6,26,51,48,46,38,27,8,249,118,271,258,240,231,125,65,12,1321,29,12,10,4,5,0,0,0,62,5,7,3,11,9,10,5,0,49,154,290,275,254,243,131,76,13,1427,4,0,0,4,7,0,0,4,24,101,87,86,135,95,90,79,10,682,271,480,493,534,466,302,202,40,2780,0,14,15,22,9,5,0,0,70,3,14,24,25,21,13,3,0,107,21,150,137,109,73,54,32,3,585,10,57,75,94,97,62,35,9,432,89,148,130,136,95,50,17,0,665,42,26,25,14,15,10,3,0,127,9,5,17,27,25,9,6,3,88,136,182,169,173,124,65,29,3,879,0,6,0,0,8,3,4,4,26,68,72,99,85,82,98,97,34,629,248,491,523,498,409,306,201,59,2725,3,33
5006,5,33,65,61,48,33,6,7,260,0,17,28,37,33,19,6,0,140,23,166,220,197,139,109,29,5,885,17,112,182,190,216,144,44,10,918,349,865,733,791,728,513,215,57,4259,115,57,39,25,30,13,4,0,285,5,15,36,35,39,42,13,0,188,471,933,806,852,800,570,233,62,4731,4,10,11,18,21,10,12,6,97,221,237,268,233,221,162,152,79,1573,751,1514,1588,1588,1481,1041,478,165,8606,9,69,95,68,49,26,3,0,311,9,84,95,92,64,39,7,0,391,120,448,460,412,229,139,55,13,1881,96,241,293,311,287,192,66,15,1507,292,501,489,491,366,166,43,8,2352,163,103,69,63,43,24,5,0,479,26,33,49,78,58,46,23,7,323,481,637,611,627,471,237,70,15,3156,4,12,5,17,13,17,11,7,94,221,234,272,241,227,235,207,149,1779,931,1722,1836,1772,1348,883,423,204,9116,8,99
5007,13,114,101,68,42,8,10,0,350,4,18,27,25,20,12,0,0,97,55,277,260,154,108,62,8,3,919,12,95,169,123,120,51,7,0,576,308,914,835,755,592,268,72,6,3750,98,38,19,17,6,8,0,0,181,17,23,25,31,23,15,6,0,140,417,975,877,804,621,284,79,6,4072,5,7,9,10,7,6,4,0,56,221,355,346,288,325,211,78,19,1843,730,1845,1792,1463,1238,637,190,29,7921,15,114,112,58,31,10,3,0,335,9,54,69,42,38,5,3,0,229,112,443,372,217,136,46,24,0,1352,36,188,205,204,149,52,12,3,845,224,440,340,268,175,46,10,3,1511,126,68,39,31,12,5,0,0,286,12,43,40,53,38,24,3,0,210,365,548,420,351,227,72,14,3,2004,3,25,9,14,11,4,6,0,70,175,274,234,218,236,175,49,53,1412,714,1650,1414,1097,830,368,110,61,6249,26,228
5008,0,65,77,39,23,6,0,0,217,5,15,28,24,14,3,0,0,86,21,202,194,148,78,35,3,0,672,3,76,193,154,114,30,5,0,583,188,694,751,569,354,136,27,0,2723,58,27,18,13,8,0,0,0,122,4,18,22,22,14,7,5,0,90,248,734,792,605,376,141,33,0,2937,3,6,12,10,4,4,0,0,38,213,426,521,436,328,108,30,6,2055,490,1526,1826,1413,931,326,71,4,6587,0,85,79,45,10,5,0,0,228,9,54,60,44,21,3,0,0,190,64,380,336,160,62,32,7,0,1049,27,149,172,131,74,34,6,0,599,101,282,257,159,70,19,4,0,887,51,40,34,23,14,5,0,0,170,8,16,30,34,23,8,5,0,117,156,345,316,216,106,38,7,0,1180,0,7,9,10,0,3,0,0,31,149,298,249,193,132,69,19,9,1110,410,1324,1217,794,407,183,38,9,4380,0,158
5009,786,10343,14258,10119,7139,4715,1964,411,49736,182,2396,3345,3324,2701,1681,578,87,14291,8662,31695,32905,23982,16306,11542,4495,1067,130648,4142,12088,15422,13941,11387,8996,4192,994,71163,15610,35678,33510,30670,29299,21007,10394,2829,178995,5231,2089,1145,808,573,394,147,25,10410,889,1316,1688,1905,1781,1613,882,237,10314,21729,39082,36346,33382,31652,23016,11419,3091,199721,492,968,1267,1123,910,891,667,233,6550,6463,8875,8402,7033,5727,5138,4474,2765,48884,42457,105445,111946,92907,75819,55988,27786,8643,520989,865,13875,15723,9457,5577,2921,781,141,49338,626,5726,7021,6201,4653,2642,782,144,27795,12141,47331,45972,30596,18497,11711,4688,1271,172209,5650,16316,19196,18672,15994,10004,4278,1324,91433,14993,23349,20628,18079,13555,6526,1900,529,99567,5167,2526,2191,1891,1646,1085,418,87,15013,1290,1821,2922,4164,4049,3001,1523,547,19304,21450,27686,25737,24137,19255,10615,3847,1166,133887,430,1010,1232,1154,1177,1326,888,313,7528,6108,8883,8078,6769,6446,7162,7160,5535,56138,47264,120824,122957,96992,71593,46378,22423,9892,538327,1649,24212
5010,0,40,41,30,21,8,0,0,148,3,14,20,13,12,7,0,0,69,11,156,158,84,56,26,9,0,504,5,98,173,143,100,38,7,0,564,133,679,738,474,368,112,25,7,2536,35,17,18,4,5,3,0,0,88,6,18,22,14,15,5,0,0,91,174,721,782,500,390,122,25,7,2714,3,5,14,9,10,3,0,0,41,201,509,555,492,391,128,32,9,2316,401,1546,1738,1269,985,330,68,11,6355,4,50,43,27,25,9,4,0,156,5,36,35,21,13,6,0,0,125,53,309,253,111,71,26,11,0,829,17,139,153,95,76,28,3,0,508,77,273,199,119,83,25,0,0,775,47,43,38,15,9,0,0,0,166,6,22,23,27,11,11,3,0,100,131,341,267,162,101,33,5,0,1040,6,4,4,6,6,0,0,0,29,160,325,225,211,156,71,25,5,1172,373,1206,977,633,450,177,40,9,3864,5,89
6000,8,352,282,306,406,387,162,21,1928,0,52,74,126,181,188,45,5,671,160,864,959,900,1012,1023,344,54,5319,74,333,575,853,1116,1004,349,63,4378,1149,3205,3069,3496,4008,2818,1124,202,19076,191,180,122,96,111,71,16,0,799,36,75,94,140,220,233,94,17,915,1375,3465,3289,3736,4345,3123,1235,228,20789,16,41,44,43,52,85,45,12,342,746,733,756,900,1087,1184,716,243,6359,2379,5849,5992,6869,8191,6992,2890,624,39782,13,443,444,428,496,327,83,5,2242,20,190,233,333,392,279,75,17,1537,271,1549,1765,1553,1679,1277,402,66,8558,118,654,978,1284,1632,1148,411,95,6314,916,2197,2049,1984,1812,773,155,24,9908,287,343,297,229,259,135,42,11,1596,83,153,178,268,383,290,97,26,1468,1276,2683,2521,2481,2455,1193,293,62,12972,21,35,35,53,85,76,52,9,371,642,728,725,822,1156,1237,948,354,6619,2365,6282,6711,6955,7899,5530,2269,604,38615,22,795
6001,0,61,53,40,39,29,23,0,248,0,14,25,24,18,21,13,0,110,33,202,146,129,133,89,35,9,784,6,62,99,114,142,94,58,10,582,212,534,489,499,560,360,200,47,2899,51,41,27,14,8,10,3,0,158,10,15,17,15,28,29,24,0,143,274,591,535,526,600,395,229,50,3194,0,15,10,5,4,11,7,5,63,108,106,103,143,126,125,125,47,894,427,1054,973,983,1061,766,489,129,5874,0,89,59,53,60,23,11,0,298,8,57,46,42,51,30,6,5,241,68,280,306,186,183,140,62,12,1239,32,121,168,229,210,153,92,27,1033,200,431,395,349,312,122,25,9,1847,71,84,47,54,35,23,9,3,321,29,18,33,43,69,46,23,5,254,301,530,470,440,417,190,57,19,2427,12,13,6,8,14,16,7,6,89,120,103,107,135,121,168,178,92,1031,542,1198,1172,1096,1059,716,407,155,6347,3,152
6002,5,133,67,36,24,33,15,5,323,0,11,15,23,25,22,8,0,113,34,220,168,138,117,128,45,12,847,15,93,114,153,148,120,73,18,723,269,674,530,615,581,439,226,69,3402,49,57,28,15,18,10,5,0,194,16,15,17,32,28,44,19,3,176,339,749,578,661,625,493,250,70,3768,0,3,11,8,9,10,14,0,57,93,136,102,132,138,147,150,59,960,492,1345,1058,1155,1083,953,548,161,6797,0,151,56,48,51,28,5,0,344,4,40,39,52,41,35,12,0,232,74,378,299,239,190,188,66,16,1441,34,167,204,266,219,186,72,28,1172,223,559,476,398,348,176,33,14,2231,86,88,51,63,53,33,5,0,382,30,33,36,52,73,62,17,10,314,341,676,569,521,473,266,56,22,2919,5,18,13,12,11,19,17,4,91,109,114,98,91,151,230,197,122,1105,566,1546,1272,1227,1130,942,426,194,7304,5,288
6003,78,3362,1646,1088,878,686,325,83,8146,19,319,365,458,394,297,93,16,1950,949,4578,3152,2246,1764,1579,613,180,15048,267,1149,1187,1250,1195,980,516,133,6671,1312,3836,3364,3194,3117,2238,1232,359,18656,288,277,162,94,97,50,15,12,998,81,140,173,175,180,213,114,41,1116,1683,4260,3694,3466,3391,2501,1362,416,20768,34,117,98,71,77,61,62,13,533,681,1053,761,686,646,707,601,273,5416,3707,14840,10904,9258,8357,6806,3558,1111,58543,139,3929,2176,1296,905,614,156,31,9254,56,689,842,707,675,493,136,24,3628,1299,5362,4071,2997,2347,1797,723,203,18808,320,1320,1485,1799,1601,1306,620,226,8672,1298,2625,2328,2020,1655,769,232,70,10990,352,356,281,218,221,130,54,12,1618,124,185,194,275,417,369,164,85,1822,1779,3164,2800,2518,2288,1267,445,168,14427,44,101,98,75,97,123,85,39,656,673,950,734,657,734,958,1004,590,6297,4310,15525,12212,10054,8649,6554,3165,1280,61745,218,7290
6004,28,837,411,247,224,173,107,17,2047,0,81,120,110,114,81,28,6,530,248,1315,870,751,561,413,156,41,4359,87,357,431,520,461,372,165,43,2436,644,1733,1453,1485,1435,941,584,184,8454,140,149,65,45,43,13,11,0,471,34,59,67,66,59,78,49,19,433,825,1943,1582,1598,1530,1035,644,203,9354,17,48,26,36,26,29,21,4,199,400,469,294,303,295,281,284,137,2464,1610,5046,3730,3550,3216,2376,1415,452,21394,26,779,451,311,252,177,44,0,2039,18,171,237,197,164,141,42,9,976,362,1716,1456,1137,857,592,236,65,6413,120,474,583,744,624,467,274,83,3372,677,1215,1065,1050,777,386,80,19,5273,196,212,140,105,107,55,22,7,850,65,93,91,146,145,165,75,28,809,934,1520,1295,1303,1031,615,173,60,6934,22,36,34,46,39,42,46,13,278,330,365,270,284,335,398,462,263,2708,1807,5058,4327,4026,3305,2423,1275,492,22717,46,1616
6005,3,29,21,19,18,24,10,0,126,0,11,10,16,15,20,9,0,71,16,80,78,58,83,75,27,4,423,3,32,52,73,83,80,18,5,346,104,271,264,300,323,225,150,31,1666,18,17,11,8,3,4,0,0,67,4,8,10,9,16,24,8,3,86,132,301,284,322,337,253,158,34,1819,0,4,0,7,5,7,4,0,23,54,43,43,49,46,74,60,34,409,211,495,493,538,590,522,284,78,3213,0,53,27,28,30,17,5,4,170,6,19,22,31,34,17,10,0,128,32,147,188,151,135,109,34,9,799,19,62,79,121,128,92,64,15,585,107,198,191,185,207,89,16,6,999,26,36,25,23,21,11,6,0,148,12,17,20,30,43,35,16,6,166,141,256,232,239,268,137,35,11,1319,6,4,0,5,3,10,6,0,40,56,38,39,48,65,109,104,42,501,260,572,592,626,667,496,253,86,3545,0,80
7000,5,214,173,108,144,153,26,0,823,3,42,52,59,86,76,7,0,325,86,631,409,322,419,358,68,3,2292,71,243,352,397,444,341,71,0,1929,540,1474,1499,1484,1484,1043,231,15,7765,186,139,110,78,57,33,10,0,612,45,105,104,97,99,92,17,0,554,770,1713,1716,1663,1640,1164,252,15,8941,3,6,16,17,11,8,3,0,67,1067,1448,1241,1302,1206,843,224,27,7364,2009,4300,3953,3870,3948,2946,656,49,21737,17,330,254,166,222,117,12,0,1111,7,154,174,175,201,118,7,0,837,187,1103,760,599,669,384,56,0,3752,85,388,414,513,603,358,43,4,2409,398,726,644,674,589,260,17,0,3315,143,174,150,142,100,48,12,0,773,52,100,104,135,107,85,13,0,599,598,1003,895,952,796,395,46,4,4689,7,23,18,11,18,17,9,0,93,905,1148,873,906,992,720,149,19,5702,1809,4141,3388,3324,3492,2097,314,25,18587,24,547
7001,0,190,202,94,115,67,15,3,696,0,35,42,45,38,20,5,0,185,36,469,397,209,173,137,37,0,1454,30,186,215,171,182,87,21,0,895,172,535,475,473,446,289,74,12,2474,23,19,14,9,12,3,0,0,92,5,23,30,31,24,25,5,0,146,202,576,524,513,483,322,86,12,2715,7,12,14,11,4,10,0,3,60,147,269,223,197,249,206,45,14,1346,425,1733,1619,1242,1246,849,209,24,7352,5,295,252,163,139,63,16,0,924,5,111,120,97,99,47,11,0,496,120,869,525,377,295,188,35,6,2417,22,193,201,221,226,129,37,8,1037,148,331,288,238,187,97,21,4,1312,42,45,27,17,26,6,0,0,166,21,30,35,36,52,27,3,0,195,208,402,345,291,264,125,26,6,1671,3,17,4,10,9,11,4,0,71,161,267,242,232,277,205,60,29,1481,529,2153,1697,1399,1316,762,184,52,8091,8,486
7002,40,1310,1016,528,455,290,85,10,3737,3,202,215,233,226,107,28,3,1019,474,2486,1868,1140,845,627,190,30,7660,203,900,1030,1102,786,504,147,16,4692,1162,2875,2566,2233,2010,1311,424,59,12641,302,148,91,64,31,31,7,0,680,78,96,142,141,111,113,43,4,737,1544,3120,2799,2445,2153,1451,470,65,14059,19,71,77,54,35,56,24,8,347,939,1526,1277,1199,1079,803,287,78,7196,3214,9614,8288,6711,5589,3843,1241,212,38706,46,1607,1195,696,524,264,59,3,4396,54,512,570,464,357,211,33,0,2201,703,3977,2872,1661,1176,722,195,30,11335,244,1109,1216,1124,909,493,156,24,5265,823,1703,1493,1117,852,350,60,14,6413,263,228,172,106,83,71,7,3,937,63,121,142,207,174,128,54,9,906,1145,2046,1808,1434,1114,551,129,23,8248,31,97,68,52,46,41,6,5,349,864,1554,1253,1107,1023,732,326,98,6953,3083,10910,8972,6534,5150,3010,893,190,38748,86,2918
8000,0,6,6,5,3,6,0,0,29,0,0,3,4,0,0,0,0,14,3,9,17,16,10,13,4,0,69,0,3,13,11,3,6,0,0,33,11,24,22,24,16,15,4,0,114,0,0,0,0,0,0,0,0,0,0,0,0,0,0,0,0,0,7,7,25,22,24,17,13,4,0,117,0,0,0,0,0,0,0,0,0,4,3,3,3,10,13,0,0,44,19,48,63,63,47,52,14,4,296,0,5,6,6,9,3,0,0,31,0,0,3,4,5,4,0,0,22,9,32,34,18,12,4,0,0,107,0,13,9,16,10,4,6,0,60,10,7,3,5,3,3,0,0,37,0,0,0,0,0,0,0,0,3,0,0,0,0,0,5,0,0,5,7,9,7,13,4,11,0,0,48,0,0,0,0,0,0,0,0,0,8,7,0,9,12,4,0,0,42,24,60,63,63,60,33,11,0,314,0,6
8001,240,7054,7699,5596,3994,2630,1160,302,28677,74,1209,1423,1384,1288,974,294,24,6675,3519,12057,9452,6719,4599,3672,1764,518,42306,792,3015,3957,3603,2586,1585,704,198,16440,2642,6789,5618,4895,3963,2509,1490,497,28403,562,408,255,164,113,73,33,11,1625,178,266,414,353,377,351,193,62,2202,3380,7467,6295,5409,4456,2941,1713,574,32233,96,241,234,176,138,122,93,37,1143,1864,2494,1883,1376,1129,873,695,395,10699,9967,33534,30945,24271,18184,12800,6422,2045,138176,330,8148,7792,4832,2935,1613,567,95,26315,247,2190,2621,2289,1685,1271,439,59,10801,4525,15138,12231,8168,5529,3851,1782,465,51684,1288,3659,4325,4215,3394,2283,1125,371,20662,2291,3912,3379,3019,2233,1065,370,129,16392,544,384,339,317,305,238,84,33,2240,220,288,379,738,866,851,431,160,3929,3059,4579,4096,4069,3406,2160,886,314,22560,88,187,210,132,172,197,134,58,1180,1769,2140,1610,1206,1084,1216,1054,735,10812,11311,36037,32893,24912,18194,12584,5984,2100,144005,571,15202
9000,3,13,8,12,11,15,6,0,65,0,7,7,5,6,3,0,0,30,14,48,35,31,34,33,7,0,206,3,21,21,35,31,27,7,3,144,37,76,92,97,136,83,28,9,551,12,11,0,8,7,3,0,0,40,0,5,4,3,3,6,6,0,18,46,90,98,112,140,92,27,9,612,0,0,0,0,4,6,4,0,16,63,193,118,104,92,66,38,6,686,134,372,297,296,317,237,87,14,1755,0,21,23,13,15,7,0,0,75,0,12,9,21,24,4,0,0,61,14,57,63,57,34,33,10,0,269,8,34,40,32,47,28,12,3,205,28,34,36,48,36,13,5,0,204,24,4,3,10,12,5,0,0,56,3,0,8,0,12,10,5,0,44,58,43,53,59,61,27,9,0,302,0,0,4,4,4,12,4,0,25,50,70,69,78,86,51,37,11,452,121,238,260,257,262,172,77,14,1399,3,33
