SUA_CODE_2021,M_15_19_yr_VWOG_Volunteer,M_15_19_yr_VWOG_Not_vol,M_15_19_yr_VWOG_NS,M_15_19_yr_Oseas_visitors,M_15_19_yr_Total,M_20_24_yr_VWOG_Volunteer,M_20_24_yr_VWOG_Not_vol,M_20_24_yr_VWOG_NS,M_20_24_yr_Oseas_visitors,M_20_24_yr_Total,M_25_34_yr_VWOG_Volunteer,M_25_34_yr_VWOG_Not_vol,M_25_34_yr_VWOG_NS,M_25_34_yr_Oseas_visitors,M_25_34_yr_Total,M_35_44_yr_VWOG_Volunteer,M_35_44_yr_VWOG_Not_vol,M_35_44_yr_VWOG_NS,M_35_44_yr_Oseas_visitors,M_35_44_yr_Total,M_45_54_yr_VWOG_Volunteer,M_45_54_yr_VWOG_Not_vol,M_45_54_yr_VWOG_NS,M_45_54_yr_Oseas_visitors,M_45_54_yr_Total,M_55_64_yr_VWOG_Volunteer,M_55_64_yr_VWOG_Not_vol,M_55_64_yr_VWOG_NS,M_55_64_yr_Oseas_visitors,M_55_64_yr_Total,M_65_74_yr_VWOG_Volunteer,M_65_74_yr_VWOG_Not_vol,M_65_74_yr_VWOG_NS,M_65_74_yr_Oseas_visitors,M_65_74_yr_Total,M_75_84_yr_VWOG_Volunteer,M_75_84_yr_VWOG_Not_vol,M_75_84_yr_VWOG_NS,M_75_84_yr_Oseas_visitors,M_75_84_yr_Total,M_85_yr_over_VWOG_Volunteer,M_85_yr_over_VWOG_Not_vol,M_85_yr_over_Voluntary_wk_ns,M_85_yr_over_Oseas_visitors,M_85_yr_over_Tot,M_Tot_VWOG_Volunteer,M_Tot_VWOG_Not_vol,M_Tot_VWOG_NS,M_Tot_Overseas_visitors,M_Tot_Tot,F_15_19_yr_VWOG_Volunteer,F_15_19_yr_VWOG_Not_vol,F_15_19_yr_VWOG_NS,F_15_19_yr_Oseas_visitors,F_15_19_yr_Total,F_20_24_yr_VWOG_Volunteer,F_20_24_yr_VWOG_Not_vol,F_20_24_yr_VWOG_NS,F_20_24_yr_Oseas_visitors,F_20_24_yr_Total,F_25_34_yr_VWOG_Volunteer,F_25_34_yr_VWOG_Not_vol,F_25_34_yr_VWOG_NS,F_25_34_yr_Oseas_visitors,F_25_34_yr_Total,F_35_44_yr_VWOG_Volunteer,F_35_44_yr_VWOG_Not_vol,F_35_44_yr_VWOG_NS,F_35_44_yr_Oseas_visitors,F_35_44_yr_Total,F_45_54_yr_VWOG_Volunteer,F_45_54_yr_VWOG_Not_vol,F_45_54_yr_VWOG_NS,F_45_54_yr_Oseas_visitors,F_45_54_yr_Total,F_55_64_yr_VWOG_Volunteer,F_55_64_yr_VWOG_Not_vol,F_55_64_yr_VWOG_NS,F_55_64_yr_Oseas_visitors,F_55_64_yr_Total,F_65_74_yr_VWOG_Volunteer,F_65_74_yr_VWOG_Not_vol,F_65_74_yr_VWOG_NS,F_65_74_yr_Oseas_visitors,F_65_74_yr_Total,F_75_84_yr_VWOG_Volunteer,F_75_84_yr_VWOG_Not_vol,F_75_84_yr_VWOG_NS,F_75_84_yr_Oseas_visitors,F_75_84_yr_Total,F_85_yr_over_VWOG_Volunteer,F_85_yr_over_VWOG_Not_vol,F_85_yr_over_Voluntary_wk_ns,F_85yr_over_Oseas_visitors,F_85_yr_over_Tot,F_Tot_VWOG_Volunteer,F_Tot_VWOG_Not_vol,F_Tot_VWOG_NS,F_Tot_Overseas_visitors,F_Tot_Tot,P_15_19_yr_VWOG_Volunteer,P_15_19_yr_VWOG_Not_vol,P_15_19_yr_VWOG_NS,P_15_19_yr_Oseas_visitors,P_15_19_yr_Total,P_20_24_yr_VWOG_Volunteer,P_20_24_yr_VWOG_Not_vol,P_20_24_yr_VWOG_NS,P_20_24_yr_Oseas_visitors,P_20_24_yr_Total,P_25_34_yr_VWOG_Volunteer,P_25_34_yr_VWOG_Not_vol,P_25_34_yr_VWOG_NS,P_25_34_yr_Oseas_visitors,P_25_34_yr_Total,P_35_44_yr_VWOG_Volunteer,P_35_44_yr_VWOG_Not_vol,P_35_44_yr_VWOG_NS,P_35_44_yr_Oseas_visitors,P_35_44_yr_Total,P_45_54_yr_VWOG_Volunteer,P_45_54_yr_VWOG_Not_vol,P_45_54_yr_VWOG_NS,P_45_54_yr_Oseas_visitors,P_45_54_yr_Total,P_55_64_yr_VWOG_Volunteer,P_55_64_yr_VWOG_Not_vol,P_55_64_yr_VWOG_NS,P_55_64_yr_Oseas_visitors,P_55_64_yr_Total,P_65_74_yr_VWOG_Volunteer,P_65_74_yr_VWOG_Not_vol,P_65_74_yr_VWOG_NS,P_65_74_yr_Oseas_visitors,P_65_74_yr_Total,P_75_84_yr_VWOG_Volunteer,P_75_84_yr_VWOG_Not_vol,P_75_84_yr_VWOG_NS,P_75_84_yr_Oseas_visitors,P_75_84_yr_Total,P_85_yr_over_VWOG_Volunteer,P_85_yr_over_VWOG_Not_vol,P_85_yr_over_Voluntary_wk_ns,P_85_yr_over_Oseas_visitors,P_85_yr_over_Tot,P_Tot_VWOG_Volunteer,P_Tot_VWOG_Not_vol,P_Tot_VWOG_NS,P_Tot_Overseas_visitors,P_Tot_Total
1000,3753,22659,3365,14,29789,2384,18720,2652,72,23827,5436,38866,5777,299,50376,8999,38449,5814,175,53436,11731,46346,6161,94,64336,14557,56702,6589,79,77920,15756,51527,5836,62,73179,7170,26608,3411,27,37217,984,7890,1325,13,10206,70770,307763,40933,829,420300,4300,20607,2974,14,27903,2547,17352,1979,71,21945,6892,39994,4470,203,51563,12758,38339,4818,99,56015,14312,47220,5165,65,66765,16901,56090,5618,78,78676,17880,45753,4985,46,68669,8019,25307,3689,27,37036,1318,11235,2064,5,14622,84922,301894,35768,604,423194,8053,43269,6340,27,57693,4932,36069,4631,136,45772,12325,78858,10253,507,101942,21759,76791,10633,272,109452,26046,93568,11330,158,131105,31457,112788,12206,147,156603,33635,97279,10823,109,141852,15186,51911,7098,52,74249,2300,19119,3391,15,24831,155697,609660,76702,1430,843489
1001,387,2520,209,3,3119,292,2600,184,0,3075,628,5436,425,14,6497,823,4622,346,0,5792,941,4354,307,0,5604,913,4260,245,3,5419,926,3556,222,9,4706,417,1901,157,4,2476,79,655,77,0,811,5404,29895,2169,33,37499,448,2321,180,0,2952,347,2435,170,0,2952,673,5626,388,16,6700,1066,4937,338,4,6346,1074,4696,248,0,6023,1031,4724,250,10,6011,1072,3898,228,7,5208,554,2385,248,0,3193,89,1165,146,0,1407,6363,32194,2203,42,40791,835,4846,389,5,6072,637,5029,360,0,6029,1300,11058,809,26,13196,1889,9553,684,6,12136,2013,9059,557,0,11629,1943,8979,493,13,11432,2003,7456,443,12,9913,975,4289,407,4,5666,166,1821,226,0,2220,11761,62082,4370,75,78292
1002,133,610,167,0,909,133,687,200,4,1024,207,1201,168,11,1586,210,981,101,4,1301,227,880,96,4,1204,268,953,91,3,1308,297,665,50,0,1016,166,427,68,0,665,25,157,35,0,223,1666,6563,980,24,9235,183,659,252,0,1096,179,688,221,0,1090,256,1254,182,4,1700,301,953,114,0,1368,308,958,79,5,1341,344,988,87,0,1424,367,711,74,0,1155,218,546,89,0,848,30,268,76,0,370,2177,7023,1184,18,10394,318,1266,422,0,2008,313,1376,424,0,2114,464,2457,349,14,3281,507,1934,221,3,2670,530,1835,177,6,2552,613,1941,182,5,2733,662,1371,128,7,2167,380,972,159,0,1512,54,428,112,0,592,3844,13580,2167,41,19624
1003,161,1012,99,0,1271,96,824,65,4,980,170,1695,152,4,2021,373,1992,161,9,2535,478,2133,143,6,2761,534,2390,135,3,3060,687,2340,145,6,3179,361,1352,115,0,1831,69,529,86,0,686,2925,14275,1100,22,18323,166,922,69,3,1160,101,788,56,0,946,272,1865,154,8,2293,503,2062,142,3,2710,617,2351,151,10,3128,642,2618,136,4,3404,915,2408,171,3,3498,471,1522,147,0,2136,83,889,164,0,1137,3761,15424,1194,34,20414,330,1932,167,3,2433,193,1607,115,3,1923,445,3559,304,11,4319,876,4056,302,7,5242,1093,4490,294,16,5885,1171,5010,270,9,6465,1604,4752,317,6,6677,833,2879,261,0,3971,155,1426,247,0,1822,6686,29706,2293,57,38732
1004,29,383,46,0,458,24,281,41,0,342,61,611,60,0,733,95,610,56,0,765,112,852,101,0,1069,190,1003,93,7,1286,297,1148,87,0,1536,148,635,67,0,854,21,210,27,0,267,974,5737,577,15,7307,36,333,38,0,403,22,269,29,0,321,74,620,66,0,766,128,644,68,0,849,138,850,67,0,1066,271,1174,84,0,1536,385,1118,85,3,1583,185,668,87,0,944,23,318,69,0,407,1279,6003,591,7,7872,62,716,82,0,868,46,549,66,0,662,138,1235,130,0,1502,228,1255,119,3,1609,254,1705,166,0,2137,464,2176,177,7,2819,686,2266,174,4,3121,328,1308,158,4,1798,48,534,95,0,669,2252,11740,1167,18,15176
1005,177,1128,96,0,1404,144,1084,200,3,1426,234,2035,431,3,2702,266,1682,362,7,2320,311,1677,223,0,2208,320,1604,119,0,2044,340,1299,76,0,1720,199,733,69,4,995,35,269,27,0,335,2020,11506,1609,20,15154,203,985,62,0,1243,154,1049,66,4,1269,268,2117,124,0,2514,392,1677,118,0,2186,380,1810,116,5,2307,343,1726,96,3,2168,397,1366,65,0,1833,214,850,78,3,1144,27,558,50,0,634,2372,12137,775,15,15302,378,2116,159,0,2649,290,2132,266,6,2695,506,4147,558,6,5216,663,3361,481,8,4510,690,3485,340,7,4520,657,3327,214,6,4211,744,2664,141,3,3547,414,1579,146,3,2142,63,830,78,0,973,4397,23639,2379,39,30458
1006,150,984,56,0,1193,90,770,54,0,921,178,1679,84,3,1944,284,1727,101,3,2116,422,1923,118,5,2465,419,2016,91,4,2532,540,1917,102,4,2564,404,1357,115,4,1874,80,443,98,0,625,2574,12821,812,19,16227,201,877,54,0,1138,87,751,57,4,898,223,1718,78,9,2022,409,1741,91,4,2244,584,2077,123,0,2784,494,2249,105,9,2852,784,2295,129,6,3206,484,1632,155,4,2275,73,638,169,0,880,3332,13970,958,31,18293,355,1858,109,3,2325,180,1526,103,6,1819,400,3393,161,13,3968,695,3467,190,4,4358,1007,4003,242,4,5253,914,4266,197,7,5388,1322,4207,231,10,5767,883,2989,271,3,4149,151,1086,264,0,1502,5906,26794,1767,52,34524
1007,52,400,63,0,515,29,397,60,0,489,107,857,106,3,1062,111,701,107,0,921,131,806,84,0,1020,183,1012,77,0,1276,229,824,77,3,1132,82,403,52,0,539,12,158,39,0,204,936,5560,662,7,7160,42,359,45,0,446,45,348,44,0,440,105,930,100,0,1135,145,744,95,0,983,148,788,76,0,1009,219,1062,79,4,1359,252,821,75,0,1156,104,520,90,0,723,19,280,76,0,377,1096,5854,674,10,7629,93,764,109,0,967,81,749,100,3,930,212,1783,204,6,2199,256,1438,199,0,1898,278,1590,161,0,2029,406,2068,154,4,2633,482,1644,157,3,2282,189,930,149,0,1268,27,437,117,0,583,2030,11408,1338,15,14788
1008,24,175,26,0,224,14,185,28,16,248,97,805,110,31,1047,117,641,89,4,846,146,491,74,5,715,144,516,56,3,719,153,429,38,6,629,69,161,15,0,249,4,39,5,0,56,764,3442,450,61,4719,28,162,14,0,206,43,255,49,13,361,167,873,122,18,1189,176,635,74,0,891,174,496,54,5,730,154,512,58,0,726,178,415,31,4,630,63,164,16,0,242,9,93,20,0,118,989,3611,444,48,5093,50,333,38,0,429,59,445,80,27,605,267,1681,238,52,2230,286,1280,164,4,1742,317,991,128,11,1445,300,1027,114,3,1448,326,840,73,7,1257,133,326,33,0,492,10,137,28,0,174,1755,7058,901,112,9817
1009,78,372,30,0,481,45,256,13,0,311,54,439,34,0,524,109,500,28,0,632,187,783,32,6,1005,220,1068,57,4,1349,389,1393,76,3,1860,217,934,55,0,1203,33,282,37,0,350,1328,6039,346,11,7725,103,300,24,0,427,31,211,15,0,257,79,453,16,0,548,161,597,28,4,790,215,840,29,0,1091,300,1279,57,3,1638,465,1371,56,0,1893,235,916,77,0,1231,39,386,34,0,463,1625,6365,339,9,8332,185,675,50,0,907,73,472,23,0,570,129,893,51,6,1081,273,1098,52,4,1428,404,1625,62,8,2095,516,2347,115,9,2985,847,2765,131,3,3751,450,1848,130,0,2433,65,673,66,0,807,2948,12400,686,17,16055
1010,1163,8677,572,3,10418,777,8022,469,16,9284,1372,15911,1101,12,18396,2242,16347,1036,28,19652,2619,17324,1087,26,21047,2493,17382,906,25,20809,2629,14959,912,23,18523,1534,9259,903,11,11705,234,2996,662,9,3896,15073,110867,7642,148,133730,1251,7877,512,7,9644,955,7569,482,4,9008,1699,16652,1078,20,19458,3130,17069,1094,17,21307,3351,18210,951,27,22536,3137,19185,938,41,23302,3491,16811,1128,31,21463,1696,10695,1300,8,13707,263,4895,1424,4,6590,18979,118968,8897,160,147007,2411,16548,1079,11,20056,1734,15596,949,12,18294,3079,32559,2182,32,37848,5381,33413,2126,38,40964,5971,35527,2034,49,43584,5634,36572,1847,65,44108,6121,31767,2037,58,39986,3230,19956,2204,22,25414,499,7893,2084,14,10482,34057,229834,16536,308,280740
1011,242,1791,143,0,2175,153,1512,113,28,1801,346,3390,319,49,4112,563,3326,293,19,4201,677,3392,279,18,4367,708,3621,270,8,4604,922,3569,234,10,4736,406,1967,228,9,2606,68,691,142,0,909,4078,23266,2032,135,29511,277,1721,136,0,2137,184,1407,100,28,1724,471,3598,322,37,4428,827,3515,297,19,4656,833,3765,246,10,4860,857,4113,240,21,5229,1145,3710,247,6,5112,544,2211,297,0,3051,68,1042,279,0,1391,5214,25082,2167,129,32583,520,3509,278,0,4314,340,2916,214,54,3525,814,6992,643,87,8535,1388,6842,588,40,8858,1509,7156,526,29,9221,1562,7738,510,31,9839,2070,7278,482,16,9847,944,4179,532,4,5656,137,1735,419,0,2291,9290,48347,4194,265,62100
1012,129,995,137,0,1257,91,927,130,0,1146,264,2655,307,15,3243,341,1861,221,7,2432,309,1658,198,0,2164,276,1643,160,3,2078,276,1257,128,0,1659,155,748,92,0,998,18,271,43,0,334,1866,12016,1412,29,15315,160,861,108,0,1128,124,1064,111,0,1297,332,2821,319,11,3476,466,1913,227,3,2604,370,1763,184,0,2318,369,1825,144,3,2345,406,1321,131,3,1862,260,900,133,0,1296,47,464,72,0,574,2538,12926,1408,26,16897,285,1851,248,0,2383,214,1993,237,0,2441,599,5478,623,15,6715,811,3769,445,7,5038,681,3422,377,6,4487,643,3475,305,4,4425,682,2582,251,6,3528,425,1650,219,0,2292,67,735,111,0,908,4405,24949,2821,51,32217
1013,37,392,41,0,472,32,299,29,0,363,61,600,47,0,709,114,681,45,4,843,135,807,65,0,1010,211,1165,72,0,1446,367,1520,108,0,1998,240,1043,93,0,1373,37,398,82,0,521,1240,6915,572,10,8742,50,382,43,0,470,43,310,15,0,368,64,695,59,0,821,158,694,50,0,906,164,926,53,0,1143,294,1340,60,5,1702,439,1646,122,7,2209,244,1149,162,0,1561,38,601,193,0,832,1490,7739,764,12,9999,89,773,80,0,942,75,613,40,0,727,122,1293,107,4,1527,272,1378,88,4,1743,302,1736,116,3,2155,506,2506,130,6,3146,802,3164,234,5,4206,490,2187,252,0,2930,70,1002,274,0,1358,2726,14655,1337,23,18738
1014,64,579,60,3,699,73,730,96,4,908,141,1426,281,9,1855,154,1162,185,0,1490,177,1102,182,0,1462,193,1220,106,0,1520,234,937,80,3,1246,125,561,52,0,737,21,214,28,0,266,1176,7932,1068,18,10193,70,513,49,0,640,74,584,39,0,694,173,1435,103,5,1717,202,1143,94,0,1441,216,1186,76,0,1481,230,1224,66,4,1520,316,1041,78,4,1440,151,711,62,0,927,17,414,34,0,465,1458,8250,606,9,10330,135,1092,110,4,1339,143,1316,140,3,1601,320,2861,390,9,3574,353,2300,279,3,2937,388,2281,259,7,2940,424,2439,174,4,3037,554,1982,150,9,2694,275,1280,112,0,1667,41,628,63,0,731,2631,16183,1673,31,20522
1015,68,493,55,0,609,42,434,53,5,542,78,851,88,21,1037,151,721,82,11,964,143,815,83,0,1047,175,923,76,0,1168,186,863,61,0,1110,105,544,49,0,701,27,222,21,0,265,969,5864,569,41,7447,56,381,45,0,483,52,464,51,0,566,120,942,110,0,1172,183,796,82,0,1067,181,896,88,3,1167,221,962,72,0,1248,275,859,60,0,1195,177,647,76,0,900,40,397,74,0,500,1306,6346,640,7,8298,128,877,94,0,1089,95,899,106,4,1107,200,1792,199,24,2207,333,1519,166,11,2025,318,1714,169,7,2213,391,1882,145,0,2419,461,1721,126,0,2305,282,1195,123,0,1598,58,617,99,0,775,2278,12211,1213,46,15741
1016,69,494,45,0,609,49,534,51,5,636,146,1380,160,37,1723,168,1132,117,29,1443,151,1011,114,6,1286,149,969,80,0,1196,133,596,52,0,785,67,370,50,0,491,17,155,49,0,226,950,6634,731,85,8397,79,480,27,0,587,44,488,57,5,595,178,1380,129,15,1693,196,1052,80,3,1330,178,1004,81,5,1271,153,934,76,10,1165,186,630,51,3,874,131,425,64,0,619,24,267,91,0,379,1173,6654,655,34,8518,153,970,73,0,1196,92,1021,100,13,1227,325,2759,289,51,3417,354,2180,198,37,2768,330,2013,196,14,2556,298,1894,159,10,2364,318,1231,112,5,1662,201,795,118,0,1112,50,416,139,0,604,2123,13285,1382,119,16911
1017,42,403,79,0,527,28,327,154,0,513,55,603,370,3,1031,95,484,283,0,866,97,646,148,0,889,117,766,108,0,990,152,743,61,0,949,63,416,44,0,523,10,124,16,0,149,653,4510,1259,4,6427,52,366,65,0,475,24,339,39,0,396,90,634,105,0,832,110,611,93,0,822,129,686,86,0,899,173,806,66,0,1039,194,730,65,0,987,84,459,73,0,619,14,231,63,0,311,872,4862,647,3,6393,98,765,135,0,1001,52,668,192,0,912,143,1241,472,5,1866,210,1097,374,0,1686,221,1331,230,0,1784,285,1571,169,5,2030,346,1468,130,0,1942,150,873,117,3,1141,22,355,83,0,462,1533,9374,1909,10,12821
1018,102,743,74,0,916,91,703,81,9,886,182,1422,149,8,1762,241,1237,127,0,1599,262,1346,120,7,1732,293,1464,138,5,1903,317,1133,104,0,1560,153,580,81,0,812,34,235,65,0,329,1672,8868,942,34,11516,112,656,86,0,860,92,663,85,0,846,214,1465,164,9,1854,329,1353,142,3,1826,331,1461,91,0,1887,367,1513,112,9,2007,453,1190,99,0,1740,216,791,116,0,1122,38,462,106,0,608,2157,9569,1014,15,12754,215,1401,163,0,1774,189,1368,175,9,1735,391,2893,312,15,3618,568,2589,265,7,3428,594,2808,213,3,3619,665,2982,251,10,3907,772,2333,208,0,3309,366,1371,199,0,1934,75,691,166,4,938,3832,18431,1953,52,24267
1019,33,264,42,0,343,29,262,55,0,347,62,561,181,0,815,74,469,128,0,672,96,587,76,0,762,113,672,77,0,864,111,616,62,0,788,67,378,42,0,478,12,117,7,0,133,603,3934,665,0,5207,39,247,25,0,312,27,229,16,0,278,78,543,44,0,676,92,484,44,0,626,104,599,42,0,753,147,708,41,0,885,163,608,41,0,808,106,438,47,0,596,14,217,13,0,252,781,4081,318,0,5182,77,517,64,0,652,59,492,71,0,623,148,1107,228,0,1488,167,955,171,0,1293,204,1188,122,0,1516,259,1379,113,0,1749,275,1218,98,0,1600,172,819,89,0,1077,26,341,23,0,388,1384,8017,986,0,10389
1020,43,426,26,0,495,26,368,21,0,417,67,645,39,0,751,113,729,31,0,877,131,821,43,0,997,120,801,44,0,964,125,671,39,0,832,48,364,26,4,438,3,63,7,0,73,677,4888,275,14,5839,46,380,16,0,442,38,290,16,0,341,92,679,29,3,805,168,754,34,0,953,150,811,32,0,1001,139,772,29,0,940,126,651,35,0,816,47,335,26,0,408,6,82,4,0,92,814,4757,226,3,5802,86,810,47,0,943,59,655,40,0,764,155,1327,66,3,1553,282,1483,68,0,1828,279,1637,77,3,1994,260,1568,72,3,1906,258,1315,76,0,1650,97,702,50,4,850,9,142,16,0,167,1485,9645,505,11,11644
1021,93,632,36,0,756,70,716,38,0,825,133,1278,66,0,1477,204,1165,61,0,1438,228,1280,51,0,1560,244,1329,62,0,1634,293,1262,59,0,1604,217,869,56,0,1145,49,361,34,0,445,1540,8890,464,4,10897,99,592,44,0,741,88,617,37,0,742,200,1321,56,3,1579,270,1114,66,0,1446,265,1267,63,0,1599,310,1492,62,4,1864,354,1318,86,0,1762,233,1066,88,0,1389,37,586,49,0,678,1859,9385,546,10,11797,190,1227,80,0,1498,159,1335,75,0,1574,334,2589,127,4,3057,477,2277,127,0,2880,496,2551,112,0,3158,551,2821,115,3,3501,645,2576,145,0,3367,446,1938,147,0,2532,86,949,78,0,1122,3396,18274,1017,15,22694
1022,49,311,24,0,377,26,308,31,0,366,75,765,65,0,903,110,625,67,0,800,112,596,50,0,758,102,542,42,0,686,114,398,37,0,543,71,259,27,0,357,11,104,14,0,125,665,3906,346,0,4920,47,277,12,0,331,30,270,17,0,314,96,798,52,0,952,157,583,39,0,778,141,582,36,0,759,114,558,34,0,708,139,441,36,0,611,79,351,36,0,466,10,179,31,0,231,810,4042,301,4,5159,90,589,35,0,709,54,580,49,0,679,172,1565,115,0,1859,266,1208,108,0,1578,246,1182,94,0,1520,218,1100,77,0,1396,254,839,70,0,1158,154,613,67,0,832,19,283,47,0,353,1476,7951,654,4,10080
1023,23,367,33,0,429,17,306,46,0,368,53,782,166,4,1007,82,677,138,0,901,77,626,98,0,803,74,618,61,0,754,61,409,35,0,504,39,182,16,0,241,3,43,5,0,59,442,4010,607,7,5061,30,304,25,0,352,17,294,23,0,337,78,765,59,0,903,122,584,57,0,762,86,618,38,0,741,76,558,35,0,672,68,411,33,0,505,46,209,19,0,273,13,95,19,0,124,529,3832,312,4,4681,54,670,62,0,782,39,595,71,0,710,131,1548,230,4,1909,205,1259,193,3,1663,160,1245,140,0,1543,148,1174,99,0,1425,130,815,64,0,1009,84,393,38,0,513,22,141,26,0,183,972,7844,923,8,9746
1024,94,660,50,0,802,40,482,33,0,561,79,887,50,0,1013,157,941,45,0,1143,251,1284,58,4,1594,315,1661,93,4,2064,452,1794,108,0,2352,296,1215,116,0,1625,45,334,63,0,439,1717,9247,615,8,11591,94,547,32,0,679,45,463,33,0,536,123,877,50,0,1057,275,1003,52,0,1325,334,1401,61,0,1791,396,1874,84,0,2349,560,1901,112,0,2583,337,1273,136,0,1742,23,494,136,4,659,2180,9836,693,9,12720,192,1205,79,0,1476,90,944,61,0,1096,202,1770,98,0,2074,432,1943,97,4,2470,586,2681,122,7,3390,705,3530,175,4,4417,1008,3698,217,0,4932,633,2485,250,0,3367,67,825,202,6,1100,3901,19083,1307,19,24315
1025,1449,12897,806,8,15162,1470,14335,1042,21,16864,2662,29418,2247,52,34377,3897,25593,1897,41,31426,4118,24735,1562,25,30433,3413,23925,1276,34,28650,3726,19301,1164,29,24218,1907,10729,996,11,13642,265,3608,606,0,4480,22908,164536,11605,212,199254,1811,11999,724,7,14544,2002,13693,834,14,16545,3551,29964,1600,40,35155,5405,25932,1358,31,32724,4772,25966,1122,27,31884,4121,25653,1014,44,30823,4463,20999,1132,49,26643,1997,12911,1316,10,16242,303,6338,1305,5,7956,28428,173450,10415,234,212516,3261,24891,1532,12,29704,3475,28023,1878,41,33411,6212,59383,3854,90,69537,9299,51523,3254,67,64149,8887,50700,2683,52,62319,7532,49581,2290,76,59476,8196,40297,2300,77,50858,3906,23642,2308,29,29882,563,9944,1914,7,12432,51336,337979,22018,443,411773
1026,107,963,116,0,1191,80,963,175,0,1217,212,2045,491,5,2753,239,1675,409,0,2327,273,1641,294,4,2212,318,1775,189,6,2292,378,1521,114,6,2018,192,968,66,0,1233,38,354,40,0,429,1839,11899,1898,23,15666,114,875,108,0,1091,118,892,85,3,1090,250,2036,195,4,2487,330,1748,175,0,2252,323,1779,163,0,2268,399,1853,111,3,2361,469,1671,103,0,2246,212,1045,90,3,1350,60,528,49,0,630,2268,12423,1078,15,15782,220,1836,222,4,2281,197,1850,258,3,2308,459,4074,691,11,5231,568,3426,581,3,4581,594,3425,457,8,4482,722,3619,301,11,4648,845,3195,213,9,4262,405,2010,164,5,2582,93,880,86,0,1060,4110,24320,2973,40,31447
1027,178,1101,74,0,1356,98,1039,92,6,1233,283,2326,179,7,2793,367,2024,163,4,2561,370,1922,149,3,2446,281,1765,119,9,2179,368,1364,96,0,1828,199,803,79,0,1079,36,311,45,0,393,2178,12657,991,35,15856,242,991,80,0,1312,167,1022,84,0,1268,346,2524,180,7,3055,478,2177,157,0,2811,463,1940,131,5,2534,362,1909,108,5,2381,500,1532,117,4,2144,238,974,117,5,1337,42,487,110,0,635,2829,13551,1067,23,17468,419,2094,153,3,2669,263,2060,176,4,2499,626,4853,354,10,5845,843,4203,314,7,5367,833,3855,280,12,4982,640,3675,229,14,4558,861,2890,209,6,3971,439,1778,193,3,2409,82,796,156,0,1031,5008,26201,2061,57,33323
1028,220,1167,81,3,1474,154,1012,77,0,1250,247,1984,149,3,2384,370,2066,155,7,2596,473,2217,139,10,2838,469,2361,157,5,2996,643,2480,170,4,3295,359,1759,170,0,2283,62,650,143,0,856,3001,15698,1238,37,19969,287,1121,69,0,1477,212,1042,74,0,1328,264,2164,124,0,2557,495,2204,123,10,2835,599,2538,133,11,3287,606,2814,137,4,3564,838,2729,190,5,3760,445,2033,238,3,2724,66,1006,262,0,1336,3823,17648,1365,37,22870,511,2288,147,8,2954,365,2060,156,0,2578,514,4146,280,10,4948,864,4275,273,14,5427,1078,4759,275,18,6123,1081,5177,295,7,6555,1482,5212,358,10,7056,807,3791,408,3,5007,127,1651,406,0,2191,6824,33352,2598,68,42841
1029,90,632,93,0,813,55,599,103,0,759,116,1154,118,0,1385,152,809,74,5,1039,130,906,57,0,1093,118,799,63,0,982,114,522,35,0,672,62,242,28,0,325,13,104,4,0,116,848,5761,571,10,7183,48,411,31,0,486,48,408,27,0,486,124,1020,71,0,1218,218,777,43,4,1045,201,865,43,0,1102,163,710,35,3,918,162,490,28,0,686,63,299,21,0,380,19,166,8,0,197,1052,5150,302,5,6511,139,1036,121,0,1298,106,1006,134,0,1244,243,2170,185,3,2600,371,1589,122,0,2088,328,1768,97,0,2196,285,1513,95,3,1892,275,1017,65,0,1351,125,539,44,0,704,29,268,13,0,309,1896,10908,875,16,13697
1030,42,401,46,0,488,34,369,26,0,426,58,781,55,0,901,131,776,69,0,974,145,878,66,3,1091,193,1077,64,0,1337,295,1242,73,0,1613,109,806,59,0,979,11,236,18,0,261,1016,6565,482,9,8072,43,391,39,0,477,47,336,27,0,410,106,804,66,0,975,167,844,70,0,1082,161,981,48,0,1196,271,1176,59,0,1509,319,1360,73,0,1757,130,835,60,0,1026,25,317,40,0,383,1266,7050,485,10,8808,85,797,87,0,968,76,705,55,3,836,166,1585,120,4,1869,298,1622,133,3,2054,309,1862,119,4,2292,457,2258,128,0,2850,615,2599,146,0,3365,243,1638,121,0,2002,33,557,57,0,645,2282,13615,964,19,16884
1031,16314,115595,7246,194,139353,16084,137628,11181,429,165319,29758,320882,27574,1238,379449,35526,303689,22255,923,362385,38317,246710,15738,789,301547,30188,214066,12473,879,257608,23984,152566,9080,986,186606,12012,82320,7390,309,102022,2018,29336,5151,77,36583,204198,1602794,118077,5821,1930889,19281,104735,6350,185,130550,21462,124402,8926,441,155232,36094,325750,24146,1074,387058,46579,300454,19285,701,367020,47079,251971,13632,723,313407,33836,223044,10927,1514,269315,27505,167555,9416,1234,205710,13020,96074,9193,347,118635,2345,45057,10286,91,57783,247207,1639040,112163,6316,2004719,35598,220334,13594,374,269904,37542,262030,20100,877,320555,65852,646628,51723,2310,766512,82100,604145,41540,1625,729410,85395,498678,29371,1513,614960,64027,437115,23396,2388,526927,51493,320117,18495,2223,392320,25035,178391,16583,651,220656,4363,74393,15440,176,94370,451407,3241830,230239,12138,3935613
1032,200,1250,134,0,1584,103,1064,126,3,1298,290,2490,292,20,3094,318,1992,221,11,2542,342,1803,220,0,2367,334,1757,152,0,2247,375,1495,132,0,1997,237,908,145,0,1291,49,305,100,0,453,2243,13064,1525,39,16873,187,1032,129,0,1342,127,1099,119,0,1349,343,2654,249,0,3257,412,2050,234,5,2705,399,1972,166,0,2543,379,2052,150,0,2577,481,1613,149,3,2253,305,1130,199,0,1634,51,578,149,0,779,2699,14172,1551,18,18440,385,2277,260,0,2921,235,2160,243,3,2648,634,5147,548,23,6353,732,4041,454,14,5245,745,3771,390,0,4909,706,3808,303,3,4821,858,3103,281,9,4244,540,2037,345,0,2925,103,879,248,0,1239,4946,27229,3078,54,35308
1033,49,640,76,0,763,55,567,73,0,690,94,1129,126,6,1352,149,970,123,0,1239,166,1094,121,3,1381,247,1304,138,0,1693,273,1287,128,0,1685,156,881,119,0,1158,18,309,71,0,397,1211,8176,974,6,10365,86,576,65,0,732,78,521,53,0,659,130,1211,140,0,1489,203,1054,112,0,1370,217,1243,103,0,1564,336,1461,119,0,1918,374,1347,133,0,1856,180,997,135,0,1315,43,548,110,0,703,1649,8966,972,6,11592,138,1219,141,0,1494,136,1089,126,0,1345,225,2344,271,3,2837,354,2023,231,0,2607,380,2333,224,3,2947,582,2769,254,0,3609,640,2633,263,0,3543,338,1871,256,0,2470,66,856,183,0,1100,2854,17141,1947,10,21954
1034,40,362,36,0,437,20,272,23,0,314,59,606,49,0,718,96,690,59,0,843,148,690,56,0,897,178,916,81,0,1171,299,1068,63,0,1436,169,637,43,0,851,21,188,30,0,243,1022,5436,443,5,6903,39,324,41,0,402,19,239,16,0,277,96,622,50,0,766,156,682,51,0,888,162,762,60,0,982,299,1039,72,0,1413,392,1132,68,0,1587,187,642,52,3,885,34,322,36,0,387,1373,5764,447,3,7583,75,688,76,0,840,39,508,39,0,585,154,1226,101,0,1485,247,1378,105,0,1733,310,1450,119,0,1883,480,1957,153,0,2584,691,2201,128,0,3023,350,1277,99,3,1732,52,519,61,0,630,2399,11202,886,9,14494
1035,288,1711,114,0,2109,255,1781,119,12,2163,416,3416,238,38,4109,542,2591,201,27,3361,566,2372,192,6,3127,495,2335,135,0,2974,507,1786,131,3,2415,263,1015,124,0,1405,43,423,61,0,525,3372,17422,1316,87,22191,341,1577,104,0,2021,375,1909,116,0,2403,510,3472,215,0,4208,609,2795,184,3,3588,622,2527,156,3,3310,551,2646,143,0,3344,594,1975,150,0,2720,343,1274,134,3,1755,56,758,141,0,956,4005,18934,1344,23,24305,626,3285,214,0,4134,632,3688,235,19,4566,922,6891,463,42,8316,1142,5384,386,37,6951,1190,4896,343,6,6438,1052,4979,277,8,6311,1096,3761,277,0,5141,609,2292,259,3,3165,97,1182,202,3,1481,7374,36356,2654,112,46499
1036,1167,7742,486,3,9398,1039,8909,536,16,10506,1663,16793,964,24,19443,2171,15315,864,12,18355,2544,15210,812,20,18586,2246,15376,656,17,18296,2392,11620,615,26,14657,1099,7013,604,6,8716,162,2430,505,0,3100,14474,100414,6046,125,121061,1292,7309,482,5,9090,1413,8289,478,14,10192,2046,16721,960,24,19745,2914,15579,833,26,19345,2797,16068,703,13,19580,2532,16213,626,27,19399,2693,12710,641,27,16070,1179,8266,777,5,10230,188,3827,891,7,4908,17036,104981,6401,142,128561,2460,15051,973,8,18488,2445,17201,1020,28,20696,3700,33514,1925,47,39187,5076,30896,1700,35,37703,5337,31277,1515,34,38165,4776,31585,1285,45,37688,5079,24338,1257,47,30721,2282,15280,1376,12,18946,350,6260,1401,4,8012,31510,205401,12445,265,249617
2000,2742,15222,2118,14,20091,1882,12717,1432,33,16064,4087,26422,3426,131,34061,6799,26524,3716,50,37084,9242,32266,3910,51,45468,11433,39116,4102,30,54672,12659,35541,3816,29,52057,5798,18096,2407,14,26309,858,5487,998,5,7343,55487,211382,25930,356,293155,3013,13602,1896,7,18519,2059,11037,1163,35,14295,4921,26772,2632,94,34419,9123,26695,2987,28,38829,11006,32985,3235,35,47264,12564,39895,3496,39,55995,13385,32832,3299,36,49549,6073,17315,2524,17,25921,947,8198,1563,7,10713,63083,209332,22795,306,295512,5753,28826,4012,27,38608,3944,23753,2595,69,30364,9001,53195,6058,219,68477,15916,53213,6702,79,75914,20241,65254,7149,89,92734,23998,79005,7601,69,110674,26046,68374,7124,67,101603,11873,35408,4925,33,52236,1801,13684,2558,15,18060,118573,420709,48722,663,588667
2001,53,610,32,0,695,43,612,29,0,682,114,1504,81,0,1702,194,1415,70,0,1685,169,1268,62,0,1501,161,1026,45,0,1235,170,880,44,3,1094,76,399,29,0,506,8,122,10,0,146,1004,7836,410,10,9252,94,556,39,0,688,74,589,24,0,692,157,1590,77,4,1832,234,1446,75,0,1757,242,1314,59,0,1614,184,1147,59,3,1391,236,919,50,0,1201,119,489,39,0,646,20,248,28,0,291,1349,8292,449,10,10105,154,1164,68,0,1379,113,1200,54,0,1370,269,3094,166,4,3533,428,2863,147,3,3444,411,2585,122,5,3117,347,2170,109,3,2630,407,1799,92,3,2294,194,884,69,0,1151,27,369,31,0,431,2354,16125,854,15,19355
2002,66,355,41,0,460,42,336,36,0,413,92,715,64,0,868,94,595,62,0,751,150,620,56,0,831,167,688,62,0,918,215,682,56,0,961,133,436,72,0,637,22,158,44,0,228,976,4584,499,5,6060,49,310,37,0,398,51,323,35,0,405,114,774,59,0,947,152,635,64,0,849,186,717,58,0,967,188,844,72,0,1103,286,719,79,0,1089,176,536,72,0,783,36,202,107,0,346,1235,5053,584,0,6875,115,663,79,0,856,90,656,71,0,819,202,1486,122,0,1817,247,1233,124,0,1597,335,1343,122,0,1796,351,1527,130,0,2016,506,1407,136,0,2049,310,969,147,0,1421,59,358,148,0,572,2213,9638,1082,6,12937
2003,467,2821,191,0,3484,357,2963,230,0,3548,730,6460,425,11,7628,922,5290,329,13,6550,1084,5012,331,9,6425,922,4834,263,4,6025,1041,3850,262,6,5162,520,2150,221,4,2895,78,788,150,0,1020,6113,34173,2402,49,42744,605,2576,232,0,3410,539,2899,219,3,3663,884,6479,433,3,7798,1230,5773,344,0,7351,1233,5587,305,6,7132,1079,5419,271,9,6788,1238,4627,262,7,6136,594,2714,295,3,3608,90,1460,272,0,1822,7494,37540,2634,40,47708,1066,5401,430,0,6900,898,5864,446,3,7213,1618,12938,856,16,15427,2156,11063,670,17,13900,2311,10600,639,13,13558,2007,10255,535,15,12812,2284,8478,525,19,11297,1115,4867,516,3,6499,170,2249,424,0,2839,13618,71712,5034,92,90447
2004,345,2498,173,0,3020,354,2713,172,9,3258,656,5668,429,13,6765,814,4855,348,6,6019,952,4484,342,4,5778,824,4437,295,4,5562,1038,3709,248,9,5002,505,2149,196,0,2847,97,817,163,0,1080,5592,31327,2369,40,39329,458,2374,179,0,3021,474,2717,155,0,3344,821,6057,408,4,7280,1114,5151,341,4,6609,1113,4945,308,0,6375,984,5208,307,4,6500,1196,4215,252,8,5673,517,2597,281,4,3394,87,1338,300,7,1729,6766,34605,2533,35,43939,808,4879,354,0,6039,836,5430,332,10,6601,1474,11723,832,18,14048,1925,10006,691,13,12628,2065,9430,652,7,12157,1811,9649,602,6,12066,2233,7925,507,12,10678,1023,4741,476,3,6246,187,2153,467,6,2808,12352,65929,4906,72,83269
2005,34,200,31,0,267,27,132,43,0,198,65,314,232,0,616,120,404,176,0,700,171,437,126,5,742,168,529,67,0,767,228,508,60,0,800,116,276,56,0,450,23,89,62,0,172,957,2883,860,10,4716,38,191,17,0,246,22,114,13,0,146,82,337,32,0,446,196,434,34,0,663,232,503,39,0,776,244,566,34,0,849,315,575,62,5,948,139,389,81,0,609,12,150,138,0,308,1278,3260,450,5,4994,73,388,49,0,513,52,242,52,0,347,147,658,260,0,1065,313,836,211,0,1362,397,942,168,5,1514,420,1100,104,0,1622,541,1078,117,0,1749,254,669,142,0,1059,38,245,200,0,476,2237,6147,1314,13,9709
2006,41,311,17,0,370,32,308,14,0,361,85,711,56,5,863,119,557,38,0,720,110,578,36,0,721,107,581,37,0,726,137,489,42,0,669,75,362,34,0,468,11,130,24,0,168,724,4019,302,7,5055,53,269,20,0,346,37,281,10,0,324,84,674,40,3,807,127,529,34,5,697,109,618,25,0,757,115,650,38,0,803,179,554,55,0,796,103,378,45,0,530,28,270,25,0,323,832,4230,293,9,5371,95,577,39,0,714,70,592,26,0,683,172,1387,99,7,1663,245,1086,69,5,1415,219,1191,63,0,1475,221,1224,74,0,1526,321,1043,94,0,1464,175,737,79,0,995,44,404,44,0,492,1559,8250,594,13,10422
2007,67,557,49,0,671,53,437,36,0,530,96,985,107,11,1192,161,853,72,0,1080,218,1004,102,0,1322,203,1174,82,0,1458,258,1114,88,0,1456,126,707,82,0,911,27,203,58,0,282,1204,7027,665,15,8908,89,490,32,0,613,57,452,33,0,543,113,1060,86,0,1265,209,966,66,0,1241,258,1121,68,0,1447,244,1293,68,0,1609,321,1178,88,0,1578,156,733,116,0,1004,26,313,121,0,466,1470,7601,682,6,9758,156,1050,82,0,1280,109,889,71,0,1065,208,2041,197,11,2452,367,1815,136,0,2321,484,2119,164,0,2770,449,2463,154,0,3067,579,2291,176,0,3041,284,1441,194,0,1916,49,521,182,0,753,2670,14628,1346,19,18671
2008,1078,6871,445,12,8404,1021,7530,629,6,9193,1819,16661,1469,19,19971,2316,14653,1161,23,18158,2691,13493,962,10,17154,2273,12552,758,21,15605,2631,10471,628,14,13739,1388,5689,500,9,7586,209,2178,313,5,2699,15419,90103,6867,118,112509,1266,6304,411,16,7996,1378,7041,452,5,8873,2201,16912,950,19,20082,3253,15334,880,26,19493,3177,14555,748,18,18494,2725,14274,604,26,17627,3016,11912,715,21,15660,1468,7117,691,5,9285,237,3598,561,0,4397,18721,97036,6008,150,121911,2337,13171,859,31,16398,2400,14568,1075,17,18065,4019,33574,2421,38,40055,5568,29984,2039,50,37652,5871,28047,1710,27,35650,4998,26824,1366,43,33227,5647,22383,1337,34,29402,2856,12810,1191,13,16879,445,5778,869,3,7099,34144,187138,12875,268,234415
2009,96,687,54,0,840,61,418,19,0,505,87,705,30,0,824,222,1136,44,4,1408,365,1142,64,3,1579,280,1109,55,3,1436,234,781,41,0,1056,133,410,31,0,568,14,89,29,0,124,1484,6482,368,10,8344,118,555,45,0,723,68,354,29,0,452,79,772,20,0,873,329,1236,54,0,1621,427,1254,76,0,1757,292,1092,44,0,1432,246,854,47,3,1153,136,407,28,0,575,12,133,41,0,188,1716,6659,389,4,8774,215,1242,102,0,1559,135,768,47,0,950,165,1473,55,0,1690,546,2381,104,4,3032,794,2400,140,3,3333,572,2203,98,3,2872,478,1638,88,0,2209,264,815,60,0,1141,27,224,67,0,317,3198,13142,759,14,17111
2010,77,400,44,0,517,69,383,25,0,473,142,896,82,0,1122,192,677,55,0,921,219,667,48,0,932,202,758,44,0,1009,228,559,45,0,829,149,351,33,0,532,27,178,27,0,231,1296,4869,395,4,6556,83,316,35,0,432,68,402,39,0,509,165,929,59,0,1155,229,727,47,0,1007,246,703,50,0,999,211,861,37,0,1109,279,624,44,4,948,186,451,50,0,691,32,297,36,0,364,1499,5308,398,8,7210,161,716,78,0,952,130,785,64,0,979,304,1826,141,3,2270,423,1408,102,0,1928,466,1369,93,0,1929,417,1620,78,0,2118,502,1182,90,0,1774,332,799,85,0,1221,61,477,55,0,594,2796,10179,794,7,13771
2011,13227,117560,6839,188,137813,17603,137991,10243,408,166248,31454,326980,25930,922,385283,36600,300346,19921,718,357590,39750,244234,14626,771,299384,29585,207406,10730,819,248544,25654,147088,7918,816,181476,13512,82815,6469,269,103068,2373,31391,3855,73,37693,209765,1595806,106528,4992,1917091,16933,107524,6230,173,130858,24069,124546,8262,362,157240,39376,329300,22268,820,391764,48796,297527,17312,512,364149,46997,254342,12892,655,314892,34124,219318,10000,1363,264795,30790,165417,8867,1137,206208,15094,100267,8099,338,123801,2656,50478,7228,82,60442,258837,1648724,101156,5437,2014159,30160,225078,13068,361,268673,41675,262531,18502,773,323488,70831,656277,48201,1741,777044,85401,597876,37228,1234,721741,86744,498578,27521,1426,614269,63712,426725,20726,2177,513338,56444,312508,16781,1953,387683,28605,183082,14565,606,226869,5030,81870,11081,155,98134,468603,3244532,207683,10429,3931246
2012,166,1256,190,3,1615,138,1271,134,22,1566,309,2879,327,35,3549,350,2361,305,14,3032,456,2449,305,11,3216,469,2615,277,0,3360,480,2136,226,0,2847,238,1211,143,0,1598,36,421,66,0,520,2645,16599,1974,84,21305,199,1154,154,0,1505,162,1187,113,12,1477,368,2984,337,21,3705,526,2453,302,13,3289,548,2679,265,5,3496,546,2772,219,8,3548,526,2175,221,7,2927,269,1345,176,0,1795,36,737,107,0,878,3172,17499,1896,63,22626,368,2404,345,3,3120,297,2464,248,29,3042,677,5864,666,52,7254,877,4814,605,27,6325,1004,5126,569,9,6715,1014,5385,498,10,6904,1001,4317,451,7,5782,510,2556,322,0,3386,71,1155,171,0,1400,5814,34098,3872,148,43933
2013,50,522,60,0,633,57,499,43,3,603,124,1111,104,19,1358,135,901,92,0,1139,152,1000,102,5,1249,223,1208,101,4,1530,202,1065,85,0,1360,108,528,42,0,681,12,200,19,0,236,1062,7036,653,34,8787,51,477,51,0,574,52,492,39,0,587,157,1093,96,7,1358,195,956,98,4,1251,182,1120,100,0,1405,259,1182,89,0,1530,286,1017,103,0,1398,121,592,69,0,779,26,303,31,0,361,1319,7233,674,13,9246,101,1002,109,0,1209,103,985,83,3,1184,282,2207,202,27,2713,331,1861,189,7,2387,335,2117,200,4,2653,481,2397,187,3,3063,488,2079,184,0,2754,225,1121,116,0,1461,38,503,53,0,590,2388,14266,1324,47,18026
2014,37,266,31,0,333,35,235,17,0,289,50,428,40,0,521,89,446,49,0,585,112,574,49,0,739,135,686,58,0,879,178,550,47,0,775,89,253,25,0,372,16,102,15,0,133,744,3538,329,8,4614,51,232,12,0,295,25,205,13,0,248,65,469,39,0,576,111,471,49,0,630,146,566,31,0,743,190,642,40,0,869,181,551,32,0,757,70,303,37,0,404,11,180,22,0,215,853,3615,268,0,4735,90,498,37,0,623,59,442,35,0,535,118,897,80,0,1092,200,915,101,0,1212,260,1136,85,0,1484,326,1330,96,0,1744,356,1101,81,0,1535,161,558,54,0,773,32,280,32,0,344,1592,7155,592,4,9349
2015,48,374,25,0,450,40,339,29,0,411,102,769,68,8,947,132,659,56,11,852,142,641,54,4,837,153,693,43,4,882,178,578,32,0,789,73,363,28,0,471,9,135,23,0,171,878,4544,362,29,5812,52,356,36,0,443,44,327,26,0,395,109,798,48,3,963,177,687,66,0,936,177,817,54,0,1053,202,739,35,0,980,202,665,44,0,914,106,441,47,0,594,15,238,37,0,300,1087,5074,399,11,6572,102,733,62,0,895,89,671,58,0,809,212,1570,117,13,1907,313,1341,120,11,1784,320,1458,108,3,1892,348,1434,73,3,1862,379,1240,85,0,1705,186,799,74,0,1062,27,378,65,0,470,1969,9618,759,37,12382
2016,178,1348,154,0,1684,131,1344,155,3,1639,318,2893,322,8,3540,409,2485,269,6,3167,449,2506,276,5,3239,399,2405,235,7,3037,454,1836,170,0,2459,233,1149,143,0,1527,44,436,66,0,543,2624,16406,1792,34,20850,201,1252,125,0,1579,187,1255,131,3,1580,376,3132,319,5,3840,480,2632,269,3,3383,486,2544,209,8,3248,443,2546,216,0,3204,546,2040,164,5,2752,265,1290,179,5,1735,58,706,102,0,865,3039,17393,1716,36,22183,380,2603,275,0,3263,318,2603,284,7,3219,697,6025,643,18,7380,894,5119,536,9,6556,938,5055,486,16,6491,840,4946,450,7,6250,997,3876,338,5,5215,497,2438,320,4,3261,104,1138,167,3,1408,5658,33801,3505,71,43034
2017,40,241,34,0,316,40,282,14,0,336,71,654,63,0,791,128,485,47,0,661,126,414,46,0,582,116,515,52,0,674,124,375,25,0,520,65,224,36,0,328,8,116,22,0,148,719,3301,330,5,4355,67,178,25,0,267,44,268,38,0,344,113,678,66,0,863,130,525,43,0,710,128,441,26,0,600,141,483,43,0,673,158,379,39,0,582,109,329,31,0,474,26,219,31,0,275,927,3504,338,9,4781,107,418,53,0,578,83,547,52,0,683,183,1330,128,3,1654,262,1017,89,4,1368,251,849,72,0,1176,260,992,94,0,1348,282,752,59,0,1103,179,555,66,0,802,38,329,51,0,425,1648,6804,673,12,9135
2018,97,1062,96,0,1254,103,1029,111,0,1235,247,2327,253,7,2834,331,1963,231,14,2542,346,1978,219,3,2549,316,2093,211,9,2628,381,1765,201,0,2350,215,950,181,0,1350,33,339,120,0,493,2054,13514,1630,36,17236,116,997,101,0,1217,124,1033,112,0,1266,275,2514,262,4,3054,395,2006,257,9,2662,331,2119,181,4,2635,393,2314,198,0,2907,465,1855,191,3,2510,232,1131,222,0,1581,26,596,200,0,824,2362,14562,1716,16,18655,208,2061,200,0,2467,225,2058,218,0,2506,520,4841,515,5,5890,722,3972,492,20,5208,677,4100,398,5,5180,706,4405,406,12,5538,844,3623,394,3,4858,449,2080,403,0,2930,62,938,316,0,1322,4420,28079,3349,52,35893
2019,68,510,32,0,604,44,399,22,0,465,114,917,70,0,1108,159,844,58,3,1058,190,870,58,0,1112,200,884,64,0,1149,211,785,69,0,1066,127,558,51,0,734,18,223,49,0,295,1129,5985,473,7,7597,84,454,40,0,579,53,441,30,0,531,152,981,74,0,1207,212,896,54,0,1164,246,979,76,0,1296,227,1004,66,0,1296,282,900,57,0,1237,175,673,95,0,948,38,412,75,0,526,1474,6735,570,6,8783,151,965,71,0,1188,100,838,61,0,996,266,1900,145,4,2311,366,1736,117,6,2232,434,1849,124,0,2403,424,1884,131,0,2440,487,1685,126,0,2301,305,1228,150,0,1675,62,631,127,0,821,2599,12718,1048,12,16376
2020,121,997,69,0,1182,100,913,58,0,1074,265,2252,146,4,2665,342,1860,152,6,2360,394,1813,151,4,2361,357,1925,103,4,2393,429,1741,102,0,2265,254,1007,84,0,1343,51,319,31,0,400,2313,12828,886,21,16051,155,960,79,0,1198,140,909,54,5,1103,331,2468,188,7,2998,495,1908,143,3,2549,440,2068,128,0,2636,474,2175,121,0,2766,524,1810,106,0,2440,279,1105,106,0,1488,49,535,41,0,629,2878,13940,968,23,17809,271,1955,147,0,2380,238,1817,114,5,2176,598,4719,336,14,5666,839,3768,293,16,4910,838,3882,272,3,4997,833,4104,226,0,5166,949,3547,206,0,4706,533,2114,186,0,2830,98,860,75,0,1026,5199,26771,1852,44,33858
2021,128,866,85,0,1080,104,758,71,0,934,254,1874,139,17,2277,343,1559,160,7,2073,434,1562,130,9,2122,369,1647,110,7,2129,452,1307,103,0,1863,221,711,77,0,1010,34,302,53,0,393,2341,10590,929,42,13897,141,851,67,0,1060,127,779,50,5,958,301,1883,132,5,2322,447,1644,136,13,2244,456,1812,114,0,2380,475,1879,104,3,2459,496,1483,129,0,2105,243,936,121,0,1303,40,525,159,0,726,2723,11795,1008,26,15551,267,1712,154,0,2141,230,1538,123,7,1899,550,3759,268,25,4596,789,3207,305,19,4315,887,3372,242,4,4506,842,3529,210,7,4587,946,2792,229,0,3971,468,1649,197,0,2317,79,831,211,0,1120,5058,22382,1941,69,29448
3000,2575,16207,2818,17,21619,1620,14163,3190,315,19284,3985,31594,8615,1258,45452,6690,30822,8169,443,46124,7811,37731,8625,134,54301,9204,45570,7765,100,62643,10096,41858,5663,98,57721,4380,19541,2706,36,26664,526,4548,795,3,5875,46887,242043,48352,2402,339680,3044,14218,2481,11,19753,2033,12930,2193,165,17325,5964,30744,5132,540,42382,10362,28608,4611,147,43724,10157,35371,4984,73,50582,11783,42831,5151,85,59852,11445,35139,4378,80,51035,4452,16584,2461,31,23531,593,5751,1057,9,7406,59828,222183,32448,1132,315593,5622,30429,5294,23,41373,3658,27089,5386,474,36609,9944,62338,13746,1802,87834,17053,59425,12781,590,89851,17973,73103,13608,202,104881,20986,88405,12920,186,122496,21536,76999,10040,179,108758,8826,36128,5171,65,50193,1117,10299,1854,7,13282,106712,464222,80799,3531,655267
3001,38,267,40,0,345,39,413,93,19,557,133,1121,303,44,1598,107,892,172,3,1172,130,830,167,9,1140,146,930,235,8,1321,213,702,178,5,1100,55,231,51,8,343,0,27,0,0,29,859,5419,1252,83,7608,60,286,37,0,385,69,488,107,22,682,153,1211,281,59,1706,193,868,181,7,1245,181,753,150,0,1088,197,880,235,4,1317,165,591,148,7,917,47,158,42,3,255,0,32,4,0,38,1065,5268,1193,104,7625,99,551,79,0,733,107,900,196,38,1242,282,2337,586,99,3310,297,1761,354,11,2423,309,1586,321,7,2227,343,1811,472,15,2643,382,1294,328,12,2018,99,389,95,12,595,6,51,5,0,68,1920,10685,2436,191,15237
3002,10082,64224,3887,94,78287,9168,70717,5437,252,85578,15527,149914,12433,790,178665,20404,139694,9889,432,170421,21633,124104,7613,331,153689,16533,102823,5273,396,125027,15031,75692,4148,369,95247,7324,40600,3063,104,51085,1045,12775,1750,22,15593,116744,780545,53487,2805,953584,12401,58564,3665,96,74724,12772,67260,4698,231,84955,21502,153848,10671,553,186571,30731,140295,8381,306,179709,28725,127584,6411,300,163021,20724,108302,4794,532,134359,18629,82933,4268,411,106243,8360,47223,3998,128,59711,1196,21226,3671,38,26127,155028,807227,50564,2603,1015418,22474,122784,7553,192,153011,21943,137973,10135,485,170534,37028,303760,23102,1345,365238,51137,279985,18274,737,350129,50356,251690,14024,636,316705,37260,211127,10074,927,259383,33662,158625,8417,783,201484,15686,87822,7055,232,110795,2234,34002,5419,58,41717,271771,1587772,104056,5404,1969004
3003,254,1774,138,0,2171,156,1601,99,13,1878,314,3332,284,42,3975,478,2913,220,10,3620,602,3220,259,3,4084,655,3626,273,9,4564,828,3871,267,8,4973,446,2659,198,9,3308,62,793,110,0,967,3802,23795,1853,89,29539,317,1581,109,0,2007,200,1646,124,20,1984,458,3502,288,42,4287,670,3239,201,13,4130,744,3556,222,8,4529,895,4071,201,10,5176,1053,4093,279,9,5434,488,2837,292,3,3623,65,1187,148,0,1401,4896,25706,1873,104,32581,576,3355,256,0,4181,356,3250,219,36,3862,775,6830,571,85,8268,1151,6153,424,24,7754,1349,6773,486,7,8619,1554,7694,478,13,9739,1885,7962,549,14,10406,936,5493,495,11,6930,124,1989,257,0,2366,8702,49501,3723,196,62122
3004,682,3675,470,12,4843,367,3390,635,74,4470,874,7635,1478,213,10201,1241,7653,1114,44,10052,1508,8128,1122,49,10813,1314,7561,946,39,9859,1160,5906,905,42,8009,486,2818,485,23,3816,71,727,169,3,966,7707,47496,7329,498,63029,730,3517,432,7,4687,538,3293,585,56,4483,1325,8316,1415,151,11209,1915,8432,993,30,11372,2076,8533,921,30,11566,1533,7713,888,44,10175,1418,5669,748,37,7870,542,2784,482,15,3817,65,1097,234,4,1402,10154,49356,6690,373,66576,1418,7192,902,16,9524,905,6683,1221,134,8949,2196,15946,2892,367,21405,3156,16086,2107,72,21423,3589,16666,2047,78,22377,2849,15270,1827,86,20031,2577,11578,1651,76,15888,1027,5603,966,36,7630,138,1823,400,10,2369,17859,96844,14022,882,129600
3005,81,402,44,0,528,34,397,67,47,542,108,869,137,78,1190,196,767,150,40,1150,176,690,102,13,972,122,578,122,5,824,72,312,83,0,468,25,88,33,0,154,3,25,13,0,43,824,4118,741,186,5871,68,315,28,0,416,45,386,39,6,482,174,851,90,29,1142,308,735,90,11,1134,209,572,74,0,856,142,537,87,0,769,77,262,70,3,405,26,90,17,0,136,4,23,20,0,48,1050,3779,509,51,5396,148,718,76,0,941,76,782,100,54,1020,284,1724,224,105,2337,503,1501,233,50,2286,385,1259,176,12,1834,261,1117,205,4,1592,152,573,149,7,876,54,186,51,0,287,9,44,34,0,87,1873,7903,1252,241,11264
3006,229,1205,84,0,1518,102,1099,82,0,1283,301,2401,220,5,2923,434,2329,253,11,3027,440,2459,216,5,3112,376,2394,207,5,2985,344,1400,161,7,1916,136,558,70,3,766,16,173,24,0,212,2376,14015,1315,36,17740,254,1131,85,0,1470,131,1045,71,0,1253,437,2485,212,0,3136,650,2231,180,3,3063,631,2318,163,0,3117,488,2089,130,4,2711,400,1251,114,3,1763,158,629,71,3,857,17,244,53,0,317,3160,13424,1079,17,17680,484,2332,169,0,2986,236,2146,152,4,2536,739,4892,430,5,6065,1082,4563,427,14,6087,1067,4775,380,7,6231,863,4483,337,10,5696,739,2650,280,5,3679,290,1187,141,3,1624,31,417,77,0,526,5541,27438,2392,50,35422
3007,2301,16731,1213,27,20272,1957,17196,1481,78,20707,3378,37233,3772,209,44598,4550,36563,2996,105,44214,5161,35919,2690,122,43893,4244,32379,2234,147,39002,4382,28127,2117,147,34769,2371,16818,1709,75,20974,350,5147,969,15,6484,28700,226116,19176,930,274918,2744,15761,1133,32,19681,2835,17278,1551,69,21730,4617,40030,3665,173,48481,6966,38519,2982,93,48559,6796,38422,2664,109,47992,5659,35829,2304,150,43941,5865,30811,2163,165,38999,2736,18266,2108,66,23173,381,7577,1847,15,9824,38594,242504,20425,875,302392,5045,32498,2345,62,39953,4795,34475,3027,149,42439,7999,77262,7435,381,93084,11513,75084,5979,200,92773,11953,74343,5357,233,91879,9905,68205,4540,294,82947,10249,58935,4280,311,73776,5107,35088,3812,139,44147,737,12727,2816,30,16309,67297,468615,39599,1803,577311
3008,96,618,53,0,765,51,496,45,0,592,120,1009,116,4,1249,138,896,79,0,1114,170,993,87,0,1253,190,1038,92,0,1320,241,949,59,0,1251,129,592,48,0,762,22,227,26,0,278,1157,6829,596,8,8585,120,537,50,0,711,59,489,30,0,583,140,1015,78,0,1242,254,1014,74,0,1337,240,1141,72,0,1449,270,1162,59,7,1493,342,1080,65,3,1492,189,736,61,0,986,38,380,47,0,464,1655,7551,536,12,9753,214,1159,104,0,1477,108,991,75,3,1178,265,2025,191,4,2489,393,1906,149,0,2451,412,2130,159,4,2699,459,2204,148,4,2815,585,2035,124,3,2744,313,1322,106,0,1750,64,612,73,0,738,2813,14376,1137,17,18341
3009,130,1266,121,4,1520,90,969,83,0,1137,152,2005,155,10,2317,267,2085,178,0,2519,365,2422,198,3,2984,508,3103,205,16,3827,742,4103,297,10,5159,429,2651,282,7,3369,54,667,119,0,842,2727,19261,1636,50,23670,173,1240,96,0,1511,106,909,65,4,1085,279,2207,161,11,2655,479,2397,169,5,3049,516,2906,217,7,3642,741,3751,258,10,4764,1016,4340,313,12,5683,431,2653,351,6,3439,47,961,188,3,1199,3785,21367,1814,59,27021,306,2502,219,4,3031,196,1872,147,3,2223,431,4216,304,19,4969,745,4474,348,9,5575,879,5325,408,17,6623,1248,6857,460,26,8587,1757,8440,614,25,10837,859,5302,627,11,6807,96,1630,311,4,2042,6512,40626,3447,106,50695
3010,36,261,30,0,325,37,263,28,0,330,77,594,60,12,741,87,435,45,4,572,95,405,44,0,540,102,441,29,6,577,123,385,34,0,542,44,265,29,0,341,7,99,11,0,112,603,3139,318,18,4079,59,249,26,0,334,46,292,19,0,360,100,550,46,0,705,132,421,43,0,601,124,454,38,0,606,125,467,48,3,632,143,477,33,0,659,62,272,22,0,359,12,158,32,0,198,803,3338,304,7,4451,92,510,57,0,659,85,556,48,3,689,177,1146,108,15,1448,222,856,89,4,1168,212,853,79,0,1145,224,901,75,5,1207,265,861,69,0,1200,114,533,54,0,699,21,262,36,0,313,1411,6478,621,29,8538
3011,293,2133,189,0,2618,163,2149,224,0,2537,395,4438,513,3,5353,637,4213,464,9,5320,642,4135,429,15,5212,626,4084,421,15,5142,528,2890,274,15,3705,237,1396,205,0,1838,39,477,87,3,604,3547,25904,2807,60,32318,323,1974,181,7,2487,223,2076,244,4,2543,610,4728,500,16,5846,1092,4280,426,9,5805,925,4189,343,4,5464,792,4037,299,10,5141,707,2789,247,12,3757,331,1637,215,4,2189,53,782,133,3,968,5062,26493,2575,64,34194,616,4113,372,9,5104,389,4224,464,4,5079,1003,9165,1010,20,11198,1730,8487,887,21,11124,1561,8323,768,24,10675,1416,8121,719,23,10284,1239,5677,525,19,7459,568,3032,418,5,4022,91,1252,216,7,1564,8605,52394,5387,127,66513
3012,102,657,92,0,850,73,578,149,0,797,113,1034,341,0,1482,158,984,319,0,1462,196,1239,187,0,1617,280,1473,140,0,1896,347,1572,92,0,2012,177,879,74,4,1134,21,264,33,0,320,1462,8683,1423,6,11579,114,568,57,0,734,99,501,44,0,636,168,976,81,0,1232,253,1034,90,0,1379,252,1322,78,3,1650,358,1573,93,0,2027,419,1570,105,0,2099,197,942,88,0,1220,32,419,51,0,500,1894,8906,682,7,11491,216,1230,144,0,1589,164,1079,191,0,1438,276,2007,422,8,2715,408,2023,407,0,2847,447,2556,263,3,3271,641,3052,230,0,3926,764,3143,196,3,4110,374,1818,158,4,2357,53,686,79,0,816,3355,17586,2109,13,23067
3013,71,496,103,0,665,60,523,131,0,716,137,1289,262,8,1694,187,993,220,3,1407,151,896,238,0,1288,166,866,235,6,1271,88,511,178,3,779,42,212,63,0,314,0,42,11,0,54,905,5817,1444,29,8190,84,405,67,0,555,66,544,107,3,728,251,1287,189,5,1726,298,921,154,3,1373,209,822,153,3,1179,167,738,154,7,1070,102,405,104,0,610,37,171,43,0,251,3,43,20,0,61,1210,5332,991,29,7557,150,897,170,0,1220,124,1069,234,3,1441,387,2574,450,16,3424,483,1910,369,6,2777,362,1713,392,3,2467,333,1601,395,15,2341,183,921,284,5,1398,79,378,109,0,563,9,80,28,6,114,2111,11149,2433,57,15746
3014,363,2141,208,3,2712,220,2053,295,4,2564,447,4324,709,13,5493,616,3751,601,14,4988,619,3446,440,6,4506,593,3511,300,0,4406,605,2625,261,9,3502,236,1438,152,0,1825,46,516,94,5,655,3749,23791,3057,53,30657,470,1901,166,3,2544,295,2066,192,5,2552,629,4541,353,18,5536,901,3854,327,4,5084,758,3747,276,5,4778,733,3747,235,4,4721,666,2666,200,10,3539,346,1746,211,0,2304,45,829,177,0,1044,4843,25087,2138,43,32112,836,4043,371,3,5255,514,4111,483,3,5118,1075,8858,1066,30,11036,1522,7609,931,15,10070,1375,7191,713,9,9285,1324,7257,538,9,9126,1268,5291,464,20,7040,586,3179,364,4,4129,91,1341,269,5,1707,8594,48883,5200,96,62768
3015,1462,9277,593,15,11342,880,7833,605,22,9333,1742,16429,1328,137,19637,2914,17526,1325,68,21833,3689,19100,1257,71,24112,3560,18873,1099,55,23584,4421,17363,1154,73,23007,2416,10505,964,54,13946,327,3420,553,12,4308,21410,120317,8872,508,151109,1819,8671,589,11,11091,1243,7831,592,26,9696,2458,17732,1334,120,21641,4619,18975,1353,63,25010,5067,21066,1234,53,27428,4958,21506,1264,64,27794,5733,18537,1209,79,25562,2567,11408,1194,40,15212,339,4876,937,11,6164,28805,130601,9718,471,169602,3282,17944,1183,26,22431,2119,15659,1200,50,19031,4204,34163,2666,256,41279,7533,36498,2674,134,46837,8761,40165,2494,123,51541,8521,40378,2366,115,51379,10153,35897,2365,156,48572,4987,21916,2158,93,29154,671,8294,1491,19,10471,50212,250915,18594,981,320706
3016,785,3885,254,6,4935,468,3751,285,7,4511,909,7580,557,17,9055,1221,6458,423,10,8114,1314,6129,407,11,7860,1178,5817,372,0,7375,1233,4836,348,3,6425,743,2923,259,3,3932,93,1078,116,0,1298,7942,42466,3036,59,53507,982,3602,228,3,4817,625,3707,274,4,4613,1316,7941,483,14,9757,1804,6786,450,8,9044,1646,6867,382,9,8906,1583,6489,367,17,8455,1606,5563,343,13,7516,834,3732,343,5,4914,121,1915,226,0,2264,10508,46601,3101,74,60289,1768,7487,484,12,9750,1093,7463,562,12,9127,2221,15519,1037,31,18808,3019,13247,874,19,17161,2955,12999,795,23,16768,2769,12304,746,23,15833,2836,10400,690,15,13943,1578,6654,604,11,8847,216,2997,343,0,3558,18453,89068,6138,134,113791
3017,786,4756,526,10,6087,682,5688,1052,46,7463,1206,10436,1519,71,13226,1360,8512,1117,30,11025,1466,8428,852,19,10770,1249,7863,653,21,9786,1156,5808,513,24,7503,495,2847,307,9,3662,65,751,121,0,939,8468,55097,6676,232,70465,958,4862,438,4,6256,840,5452,539,22,6851,1570,10418,1063,25,13085,2133,9149,887,15,12194,1875,9113,717,17,11721,1438,8433,555,14,10435,1404,5956,460,16,7839,582,3316,320,3,4220,72,1364,238,0,1679,10881,58062,5215,121,74281,1739,9625,963,16,12344,1520,11144,1591,62,14321,2777,20857,2584,100,26311,3497,17656,2006,47,23211,3340,17543,1572,33,22487,2681,16296,1207,35,20226,2566,11767,972,40,15342,1076,6168,632,15,7887,138,2118,362,8,2620,19343,113163,11896,351,144748
3018,74,394,42,0,509,44,366,35,0,447,73,718,70,0,864,101,525,51,0,675,128,611,66,0,807,164,728,73,0,965,210,705,55,0,966,139,429,57,0,620,23,127,24,0,172,941,4608,467,5,6026,94,322,29,0,441,49,339,39,0,422,97,716,59,0,871,158,572,57,0,784,173,713,62,0,950,196,808,56,0,1068,249,724,63,0,1038,145,517,66,0,727,29,223,38,0,293,1187,4933,467,3,6593,167,719,64,0,952,90,707,74,0,869,167,1432,131,0,1733,256,1097,107,0,1457,301,1323,132,0,1758,365,1538,128,0,2034,459,1427,114,0,2006,278,948,117,0,1347,49,351,62,0,461,2129,9548,938,7,12619
3019,102,576,53,0,731,36,387,23,0,451,98,810,78,0,984,132,824,60,3,1019,167,913,72,0,1156,176,1052,88,0,1318,249,1003,96,0,1349,139,517,63,0,714,14,158,16,0,187,1117,6236,558,11,7912,92,483,28,0,609,52,401,36,0,490,121,898,67,3,1086,267,920,60,0,1249,264,1019,60,0,1341,278,1201,83,0,1568,290,977,86,0,1359,142,542,68,3,756,18,245,22,0,281,1530,6682,514,8,8740,199,1060,82,0,1336,91,789,58,0,947,216,1703,147,5,2068,399,1741,119,4,2262,431,1936,130,3,2500,455,2255,175,0,2889,545,1979,185,0,2707,277,1054,126,0,1469,28,398,37,0,467,2646,12922,1064,18,16653
4000,1366,5211,746,3,7329,1016,4923,618,92,6650,2289,10676,1603,405,14974,3533,10041,1717,183,15475,4238,12379,1833,52,18500,4913,15604,1873,17,22414,5724,13365,1527,17,20632,2572,6556,910,5,10050,344,2105,341,11,2796,26002,80867,11169,782,118816,1319,4571,639,5,6528,963,4179,376,20,5539,2587,9889,1018,56,13550,4664,9003,950,22,14641,4888,11557,1196,15,17652,5423,14390,1330,27,21173,6043,11479,1313,18,18856,2789,6255,876,14,9938,396,3073,504,0,3971,29067,74389,8199,183,111839,2687,9782,1381,10,13852,1978,9108,993,116,12193,4874,20564,2622,464,28518,8199,19045,2670,205,30117,9121,23935,3029,68,36154,10338,29998,3207,44,43589,11765,24842,2841,35,39487,5361,12814,1784,16,19984,734,5181,844,8,6771,55068,155265,19371,964,230664
4001,5420,32649,1681,54,39800,5843,37746,2019,82,45689,9826,80069,4636,234,94758,12090,72818,3948,160,89018,13227,67056,3396,163,83846,11673,63755,2783,162,78368,12435,48847,2189,186,63647,6558,27514,1657,62,35797,1023,11509,1060,18,13615,78091,441970,23364,1113,544540,6318,29867,1544,50,37772,7339,34691,1758,63,43853,11943,79984,4028,195,96159,16648,72453,3450,148,92696,15750,68381,2853,141,87131,13947,68122,2466,252,84781,14912,54815,2419,254,72397,7249,34350,2455,75,44131,1156,19323,1887,26,22393,95262,461976,22863,1206,581312,11737,62514,3225,103,77574,13182,72434,3779,143,89539,21767,160051,8668,432,190916,28738,145269,7402,309,181715,28979,135439,6257,304,170976,25616,131878,5246,414,163155,27344,103661,4604,441,136051,13811,61867,4111,138,79925,2175,30834,2947,44,36004,173352,903945,46232,2322,1125852
4002,118,768,56,0,942,65,700,50,0,818,197,1455,122,7,1780,250,1247,95,0,1598,354,1327,105,0,1781,316,1435,77,3,1826,320,1146,83,3,1558,182,593,72,0,840,27,245,28,0,306,1830,8914,693,15,11455,150,718,42,0,909,101,646,45,0,793,232,1505,96,0,1836,377,1287,92,0,1753,379,1471,92,4,1946,402,1465,86,3,1953,401,1169,80,0,1652,190,791,87,0,1069,28,395,89,0,516,2257,9446,710,13,12422,269,1481,103,0,1853,169,1346,97,0,1609,431,2964,217,11,3613,621,2536,191,5,3357,729,2794,201,4,3722,715,2894,165,8,3780,722,2319,163,3,3208,373,1381,159,0,1911,57,642,115,0,821,4081,18354,1403,25,23872
4003,65,403,43,0,513,65,410,61,0,543,118,837,239,0,1196,126,749,225,0,1101,146,779,144,0,1069,182,850,99,0,1134,211,724,55,0,993,149,501,46,0,698,26,172,25,0,221,1087,5424,938,5,7461,69,366,50,0,484,80,398,30,0,507,140,899,60,0,1106,171,705,65,0,944,209,793,73,3,1084,226,958,52,4,1238,262,768,71,0,1100,180,522,62,0,759,26,291,35,0,355,1360,5715,489,14,7584,128,779,89,0,1003,149,812,94,0,1052,265,1738,297,0,2306,297,1452,288,4,2043,355,1578,220,7,2154,407,1811,149,4,2373,476,1489,124,5,2095,326,1025,105,0,1460,52,461,53,0,570,2454,11144,1427,21,15046
4004,49,319,53,3,422,35,286,95,0,421,94,731,348,5,1181,87,546,258,13,896,102,596,169,3,872,148,704,117,0,966,145,508,80,4,735,54,299,40,3,403,3,84,12,0,97,714,4074,1168,32,5989,49,262,43,0,350,27,293,26,0,351,98,786,77,0,967,152,559,76,0,794,140,634,75,0,850,156,668,72,3,895,132,515,56,6,708,66,295,43,0,401,14,137,7,0,158,832,4152,485,9,5476,90,578,97,3,768,67,585,123,0,770,195,1519,422,5,2150,234,1102,337,14,1688,243,1230,246,3,1720,301,1371,190,4,1861,277,1024,136,6,1447,119,597,83,3,803,12,217,28,0,257,1550,8233,1654,36,11468
4005,71,359,42,0,479,31,337,40,0,410,120,759,94,3,975,186,645,113,0,942,188,712,121,0,1024,175,786,97,0,1059,198,613,70,0,883,120,333,45,0,497,26,121,21,0,172,1124,4672,634,4,6438,95,313,40,0,450,54,349,28,0,431,149,784,57,0,991,263,646,68,5,973,236,729,64,0,1028,216,790,60,0,1068,234,636,48,0,919,123,357,42,0,524,19,220,22,0,263,1394,4822,424,5,6643,173,673,78,0,926,85,690,73,0,844,270,1540,153,3,1958,448,1295,169,5,1918,428,1438,181,0,2052,396,1573,156,0,2125,429,1247,116,0,1800,242,694,81,0,1022,44,345,50,0,436,2518,9490,1063,11,13082
4006,29,362,34,0,423,32,383,41,0,448,95,654,71,0,818,93,524,56,0,678,121,695,63,0,882,160,734,74,0,962,166,549,47,0,759,81,388,26,0,495,20,138,17,0,174,792,4421,430,5,5643,67,324,24,0,418,48,361,26,0,433,85,657,65,0,808,138,545,46,0,728,156,701,61,0,920,169,716,40,0,922,181,628,49,0,863,98,441,45,0,590,15,222,14,0,254,957,4605,374,0,5935,96,684,65,0,841,82,737,66,0,881,175,1312,139,0,1620,229,1065,103,0,1404,273,1396,127,0,1801,328,1448,108,0,1883,349,1179,94,0,1624,181,829,68,0,1083,34,362,28,0,431,1749,9023,803,0,11572
4007,97,427,24,0,549,56,319,20,0,394,116,705,31,5,857,195,780,39,0,1014,239,1035,41,3,1311,408,1356,75,0,1840,770,1945,83,4,2802,525,1423,82,0,2041,86,496,48,4,630,2493,8485,450,18,11447,103,405,33,0,534,58,334,17,0,406,159,712,37,5,906,281,830,50,0,1165,308,1060,61,0,1434,528,1651,74,5,2255,998,2302,123,4,3423,511,1517,113,0,2143,69,755,79,4,898,3007,9565,592,13,13175,195,833,56,0,1083,115,654,37,0,804,275,1418,70,4,1767,477,1616,84,3,2176,548,2096,108,3,2749,937,3004,150,3,4096,1766,4242,213,6,6227,1040,2942,194,4,4180,152,1247,129,3,1532,5502,18040,1042,29,24618
4008,54,544,44,0,636,54,530,55,0,643,146,1199,109,6,1450,172,943,89,0,1207,197,1232,131,0,1556,231,1260,109,0,1593,186,804,58,0,1045,108,433,53,0,593,16,154,21,0,190,1160,7091,658,6,8920,78,443,48,0,575,82,474,42,0,599,180,1067,102,0,1348,244,854,86,0,1190,238,1111,86,0,1437,214,1142,87,0,1441,218,757,71,5,1045,126,605,67,0,799,16,210,29,0,258,1391,6679,615,10,8695,131,994,88,0,1210,139,1007,97,0,1245,323,2267,204,9,2800,408,1806,182,0,2391,437,2340,214,0,2992,444,2402,194,0,3040,403,1561,124,7,2086,236,1038,120,0,1396,32,365,49,0,444,2555,13765,1274,11,17614
5000,1133,5400,1096,8,7635,892,5737,1933,167,8728,2600,15699,7008,362,25676,4078,15779,7207,206,27268,4504,17293,6785,142,28721,4770,18254,5087,86,28195,4659,14232,2480,41,21411,1921,5729,1030,4,8683,253,1396,289,3,1944,24819,99517,32909,1020,158262,1137,4719,953,7,6820,927,4646,1104,96,6764,3076,12237,2708,229,18253,5428,10701,2393,57,18575,4930,12587,2472,29,20019,5445,14971,2364,45,22826,4798,11581,1756,33,18167,1865,4851,965,9,7691,302,1711,402,7,2419,27905,77991,15116,514,121528,2278,10117,2052,14,14459,1814,10381,3030,260,15493,5685,27937,9712,593,43929,9505,26476,9599,263,45840,9436,29873,9256,171,48735,10218,33225,7450,125,51021,9460,25808,4237,77,39579,3780,10579,1989,18,16368,557,3107,695,12,4366,52726,177505,48032,1532,279792
5001,203,873,71,0,1146,98,666,72,8,845,239,1439,251,4,1936,341,1264,200,9,1817,426,1446,162,0,2034,414,1645,121,3,2180,423,1445,117,0,1986,236,856,61,4,1162,58,373,43,0,471,2436,10004,1095,27,13564,214,778,51,0,1046,110,621,47,0,779,346,1403,98,4,1853,559,1349,97,0,2006,620,1609,91,0,2318,568,1809,103,3,2490,575,1480,105,0,2158,298,1036,97,0,1437,50,523,70,0,644,3332,10610,764,19,14731,412,1655,122,0,2190,211,1288,115,6,1621,589,2848,348,13,3791,903,2613,299,6,3822,1044,3046,252,0,4350,984,3448,233,11,4668,989,2925,217,0,4141,537,1893,163,3,2598,107,893,114,0,1110,5772,20613,1865,47,28296
5002,35,275,77,0,386,50,276,96,9,432,157,852,241,33,1276,225,873,226,6,1324,235,800,242,0,1285,189,871,234,6,1297,246,964,155,7,1374,93,333,83,0,503,4,36,12,0,56,1232,5276,1376,55,7936,63,292,87,0,438,72,333,96,19,515,253,1148,349,37,1778,347,973,239,6,1559,313,772,223,3,1309,289,985,248,0,1526,274,860,172,8,1314,75,241,62,0,375,6,32,15,0,56,1693,5623,1490,74,8879,101,568,158,0,829,125,613,189,25,947,403,1999,590,67,3059,567,1841,461,12,2885,546,1574,472,5,2594,479,1858,485,9,2824,517,1827,330,12,2687,171,570,149,0,882,8,72,25,0,111,2921,10905,2860,123,16818
5003,362,1872,112,4,2351,185,1609,151,0,1948,405,3564,439,14,4419,667,3649,398,9,4714,743,3520,320,6,4591,643,3464,235,5,4347,623,2653,187,0,3476,312,1376,112,3,1808,47,432,94,0,569,3993,22134,2051,44,28217,478,1792,101,0,2373,260,1525,89,0,1875,606,3871,258,7,4746,1114,3766,204,4,5091,1075,3797,203,6,5072,873,3653,179,7,4711,804,2814,159,3,3784,375,1622,152,7,2153,57,741,166,0,959,5645,23582,1499,41,30766,849,3659,210,6,4723,453,3134,244,3,3824,1011,7434,697,26,9164,1775,7414,601,8,9802,1817,7317,520,9,9668,1519,7115,412,14,9065,1426,5473,347,11,7257,687,2997,264,3,3962,107,1174,254,0,1528,9634,45718,3550,89,58989
5004,214,893,66,0,1172,85,609,29,0,729,187,1452,154,12,1802,402,1690,147,0,2242,543,1792,134,5,2469,447,1808,156,6,2413,594,1817,143,0,2556,337,930,100,4,1374,57,287,46,0,396,2870,11289,975,31,15162,264,736,79,0,1084,91,531,43,0,665,282,1593,141,12,2030,731,1893,139,3,2769,726,2004,129,4,2863,650,2035,177,7,2860,809,1808,153,5,2773,319,1028,121,0,1468,72,522,45,0,643,3943,12155,1028,32,17155,478,1633,146,0,2256,172,1142,70,0,1395,473,3052,293,23,3833,1144,3584,286,5,5015,1266,3795,259,13,5330,1094,3834,334,10,5276,1408,3620,293,5,5322,656,1958,222,4,2845,126,814,94,0,1036,6815,23440,2004,63,32316
5005,96,258,46,0,401,33,223,42,5,301,89,476,90,4,662,173,436,73,0,692,181,522,113,0,817,134,600,79,5,822,152,420,64,0,641,92,243,59,0,400,22,73,10,0,100,970,3261,587,14,4839,69,224,43,0,337,34,223,31,0,283,154,477,63,4,699,246,412,84,0,746,239,461,72,0,780,200,543,63,3,812,175,417,75,0,663,103,282,52,0,439,24,131,11,0,170,1240,3173,496,6,4917,166,483,88,0,739,67,442,72,5,583,242,954,156,9,1362,418,853,154,0,1429,420,987,190,0,1599,333,1145,148,4,1630,326,840,139,0,1302,195,522,117,0,838,40,210,19,0,271,2211,6438,1086,23,9751
5006,149,982,145,0,1275,91,785,104,4,983,234,1645,287,5,2167,352,1580,300,0,2234,374,1781,229,0,2385,370,1855,196,3,2426,351,1418,136,0,1907,153,752,114,5,1018,29,273,48,3,357,2096,11062,1574,21,14754,181,901,104,0,1190,137,804,107,0,1046,326,1807,227,10,2360,534,1682,253,0,2462,535,1920,195,3,2652,459,1869,166,3,2490,470,1421,158,0,2051,219,761,126,4,1104,33,359,84,0,480,2882,11526,1414,16,15838,334,1883,248,0,2458,225,1590,211,5,2025,562,3445,513,11,4530,885,3260,551,0,4704,908,3702,426,7,5037,828,3725,359,8,4916,820,2842,294,3,3962,368,1514,240,9,2128,61,630,139,5,833,4980,22586,2985,42,30597
5007,89,675,89,0,853,91,837,164,0,1098,225,1943,402,11,2583,280,1762,379,6,2425,266,1593,309,4,2171,211,1515,304,8,2033,110,779,184,3,1082,45,270,49,0,362,3,48,13,0,66,1312,9410,1894,42,12662,110,561,81,0,750,98,716,99,9,918,282,1811,266,10,2367,390,1473,224,3,2089,327,1341,184,3,1852,205,1198,178,4,1582,111,602,123,9,855,34,258,32,0,328,4,108,24,0,136,1567,8077,1209,36,10888,195,1234,168,5,1600,192,1556,263,4,2015,504,3752,668,22,4949,668,3233,606,9,4519,587,2932,492,10,4022,419,2713,478,14,3617,229,1380,309,19,1934,80,533,79,0,690,7,152,32,0,199,2887,17483,3099,75,23545
5008,54,371,80,0,506,41,378,124,4,547,163,1276,411,22,1876,318,1371,511,14,2213,211,1069,431,8,1721,121,766,310,14,1207,64,298,92,0,458,16,64,21,3,113,0,4,6,0,9,988,5596,1988,65,8646,76,270,62,0,406,45,303,86,8,436,249,1162,274,8,1697,380,973,234,0,1587,240,710,176,0,1127,111,464,114,4,681,68,201,60,9,339,16,54,12,0,77,0,6,4,0,13,1183,4147,1011,25,6368,130,642,139,0,913,86,675,209,8,986,413,2443,683,27,3576,699,2338,746,16,3799,453,1775,608,9,2847,225,1223,419,19,1889,133,504,154,11,797,34,119,33,3,187,0,13,3,0,22,2172,9748,3005,94,15017
5009,10248,49441,2784,63,62538,8614,52790,3738,209,65341,14167,117653,8843,581,141247,18943,116648,7685,400,143672,20110,101278,5934,377,127696,14271,91230,4417,408,110322,13442,69654,3447,345,86890,6740,36978,2960,123,46802,1102,12623,1943,28,15696,107631,648292,41752,2529,800206,12831,44261,2653,71,59808,12171,48731,3106,191,64199,19944,123714,7703,488,151848,29125,117184,6573,247,153127,26905,103896,4981,268,136051,18919,96206,3920,517,119568,16598,75412,3759,447,96213,7707,42385,3905,140,54135,1264,20196,3465,50,24977,145468,671985,40060,2421,859927,23076,93699,5435,134,122343,20784,101520,6840,394,129538,34120,241365,16546,1069,293094,48066,233833,14247,649,296804,47018,205173,10918,641,263742,33195,187436,8335,927,229888,30037,145062,7203,793,183104,14443,79365,6863,263,100938,2369,32817,5415,78,40673,253100,1320275,81809,4948,1660133
5010,27,321,77,0,424,26,323,118,0,473,165,1247,512,7,1932,223,1284,549,8,2075,146,1044,477,9,1666,125,828,387,8,1351,60,285,125,4,470,16,73,25,0,113,0,13,5,0,16,800,5415,2272,34,8520,28,273,65,0,359,40,305,97,3,451,214,1131,298,5,1651,239,884,211,0,1342,144,607,196,5,949,105,514,137,0,762,61,218,61,3,342,6,50,20,0,80,0,14,0,0,15,842,4007,1085,26,5958,52,593,139,0,790,71,635,220,3,926,380,2380,806,12,3579,464,2171,766,18,3418,286,1647,675,9,2617,233,1351,524,7,2116,118,505,183,8,813,31,121,39,0,196,0,28,9,0,34,1639,9431,3354,56,14480
6000,542,3343,436,3,4329,390,3062,264,24,3739,1022,6698,639,71,8432,1441,6528,655,46,8671,1807,8127,701,15,10651,2506,10241,858,9,13621,2661,8868,805,10,12337,1042,4177,450,0,5668,114,1038,181,4,1339,11525,52075,4987,184,68774,626,2865,359,0,3853,441,2727,233,3,3401,1301,6631,637,38,8596,2121,6336,616,15,9084,2291,8033,633,3,10963,2961,9866,775,10,13613,2891,7645,693,4,11232,987,3894,505,3,5390,109,1370,234,5,1718,13725,49369,4681,85,67862,1174,6209,798,5,8181,834,5787,496,29,7143,2318,13329,1277,104,17028,3564,12855,1270,66,17750,4098,16157,1338,20,21607,5471,20107,1629,19,27233,5553,16510,1496,18,23573,2030,8070,953,10,11056,224,2407,414,5,3057,25256,101445,9665,272,136635
6001,94,644,59,0,800,85,645,48,0,775,165,1322,92,5,1589,232,1123,89,0,1441,247,1237,106,0,1592,250,1428,94,3,1774,293,1133,74,4,1502,163,718,62,0,942,15,239,28,0,282,1540,8485,661,9,10701,123,645,62,0,824,95,678,34,0,813,214,1380,83,4,1677,309,1261,84,0,1657,304,1385,95,0,1786,371,1514,66,0,1950,332,1308,79,4,1723,173,849,83,0,1109,22,405,37,0,465,1943,9417,627,11,11996,216,1285,118,0,1626,184,1317,85,0,1587,382,2701,178,7,3266,541,2385,178,0,3100,552,2619,202,0,3376,621,2939,161,3,3722,625,2446,155,8,3227,338,1564,149,3,2049,37,642,68,0,746,3484,17904,1290,22,22700
6002,97,763,40,0,902,83,743,45,9,870,215,1653,113,12,1994,221,1288,89,11,1608,284,1485,106,0,1878,287,1481,97,0,1864,342,1357,93,3,1798,178,845,93,0,1118,21,277,44,0,340,1732,9889,713,39,12378,123,686,34,0,841,116,699,38,0,857,266,1712,107,8,2095,370,1348,78,3,1801,353,1620,70,0,2043,364,1677,94,8,2146,430,1517,97,0,2045,156,993,110,5,1261,21,447,79,0,553,2202,10705,705,27,13639,219,1452,78,0,1748,194,1436,81,9,1723,484,3359,218,22,4087,590,2638,171,13,3410,635,3104,170,0,3922,654,3157,193,4,4011,778,2879,189,3,3848,335,1840,203,4,2373,51,726,123,0,893,3935,20592,1420,66,26019
6003,965,5033,306,0,6302,1042,5600,369,53,7068,2998,14692,1100,148,18937,2430,10975,781,42,14225,2520,9766,611,22,12913,2234,9751,523,22,12535,2382,7898,480,22,10782,1077,4464,380,7,5922,151,1654,182,4,1988,15799,69830,4728,311,90667,1261,4356,289,6,5915,1356,5216,328,9,6908,3537,14237,875,31,18677,3255,11138,644,14,15040,3133,10440,495,17,14097,2661,10751,457,42,13914,2871,8872,528,22,12293,1278,5618,486,15,7395,192,2821,322,4,3338,19540,73446,4424,159,97566,2224,9389,596,6,12221,2400,10817,692,69,13971,6533,28930,1978,175,37614,5686,22110,1418,49,29266,5649,20206,1106,41,27007,4899,20507,979,63,26443,5254,16766,1015,44,23075,2357,10084,865,19,13322,342,4480,499,7,5326,35339,143277,9149,468,188239
6004,348,2207,160,3,2718,361,2454,228,44,3093,907,5593,439,10,6949,841,4169,251,10,5271,918,4168,248,3,5340,863,3973,226,3,5067,813,3211,198,5,4224,425,1997,158,0,2589,52,716,94,0,865,5532,28496,2001,87,36120,466,2064,129,5,2655,434,2295,193,4,2922,986,5324,320,39,6666,1146,4333,215,11,5698,1155,4563,219,10,5951,1026,4386,197,10,5610,1040,3694,221,5,4962,449,2551,221,0,3220,78,1291,168,3,1526,6777,30487,1883,75,39222,814,4268,291,8,5380,796,4749,426,47,6017,1894,10912,757,46,13617,1991,8504,461,20,10973,2073,8731,466,15,11285,1886,8362,420,8,10679,1853,6909,415,15,9184,871,4546,384,3,5808,122,2009,256,3,2392,12304,58986,3887,160,75340
6005,54,334,40,0,429,44,277,21,0,339,115,568,34,0,724,129,538,42,0,709,167,635,39,0,843,188,801,34,0,1018,222,698,54,0,971,100,437,41,0,576,19,156,25,0,197,1031,4443,339,4,5814,64,319,25,0,407,50,289,18,0,354,123,614,32,6,777,186,568,39,0,796,202,733,38,0,972,249,903,37,0,1190,267,764,56,0,1085,130,539,55,0,722,15,257,24,0,297,1295,4988,313,3,6604,116,653,70,0,840,98,562,37,0,696,240,1188,70,6,1499,318,1107,79,0,1500,372,1366,76,0,1816,438,1702,69,0,2213,487,1460,107,0,2063,227,977,98,0,1299,33,415,42,0,493,2327,9427,646,6,12409
7000,170,2434,455,6,3064,202,2544,608,78,3431,541,5529,1547,119,7739,657,4573,1392,43,6663,685,4267,1299,25,6281,782,4110,1142,25,6058,759,3029,777,21,4582,187,768,194,0,1152,4,91,19,0,113,3994,27358,7418,319,39092,167,2193,404,5,2774,216,2492,391,24,3127,719,5674,1019,91,7509,854,4449,796,12,6116,820,4147,797,9,5784,923,4000,849,29,5805,720,2496,588,9,3824,128,542,112,4,780,13,105,9,0,125,4574,26110,4970,182,35841,344,4626,857,10,5841,422,5042,996,95,6559,1264,11202,2566,217,15249,1511,9024,2191,56,12784,1508,8420,2102,35,12062,1706,8107,1988,59,11862,1483,5533,1358,32,8405,313,1313,302,5,1935,16,193,24,0,238,8563,53475,12391,506,74928
7001,103,603,68,0,778,56,528,72,5,665,301,1795,251,16,2373,345,1564,200,10,2120,309,1215,180,0,1707,330,1243,206,9,1790,285,844,179,3,1308,86,239,47,0,368,4,48,11,0,60,1812,8085,1210,54,11161,118,554,83,0,759,83,581,68,0,739,421,2110,265,17,2809,444,1555,215,5,2215,390,1323,195,3,1920,418,1308,234,7,1970,299,803,163,3,1266,103,247,47,4,399,9,91,21,0,127,2286,8582,1285,50,12203,218,1161,156,0,1534,139,1115,138,13,1399,726,3905,517,35,5185,789,3119,410,10,4333,703,2538,376,6,3622,748,2554,438,21,3763,580,1643,338,7,2573,188,484,94,8,763,13,141,32,0,180,4094,16668,2497,102,23363
7002,479,2720,376,89,3666,530,3527,743,1096,5898,1390,9417,1835,504,13139,1586,7541,1434,153,10720,1417,6295,1223,68,9005,1242,5521,1035,72,7871,1028,4068,722,32,5848,291,1502,249,7,2051,38,286,50,0,378,8001,40888,7667,2029,58580,625,2510,362,12,3496,573,3123,489,114,4303,1996,9888,1509,167,13568,2108,7756,1171,46,11078,1815,6047,980,24,8863,1437,5429,882,73,7821,1116,3691,597,44,5450,343,1367,225,8,1944,27,351,77,8,462,10042,40152,6287,492,56978,1101,5228,738,99,7165,1104,6651,1230,1217,10204,3382,19306,3347,675,26707,3697,15293,2605,199,21793,3236,12343,2199,84,17865,2682,10951,1916,144,15693,2149,7754,1316,77,11293,634,2876,472,24,4000,64,642,133,6,838,18043,81040,13956,2522,115562
8000,5,33,6,0,46,0,23,0,0,24,11,52,3,0,63,16,54,0,0,74,18,54,3,0,79,18,33,8,0,57,18,32,11,0,64,8,10,0,0,18,0,3,0,0,4,89,296,36,0,420,13,26,6,0,42,11,22,5,0,30,9,59,5,0,69,19,51,3,0,71,16,49,7,0,77,20,50,14,0,80,14,32,9,0,54,4,12,0,0,15,0,3,0,0,6,97,310,37,0,442,15,56,6,0,78,8,45,3,0,56,15,109,8,0,128,36,102,6,0,143,39,106,11,0,156,38,86,14,0,138,30,70,16,0,114,8,27,0,0,36,0,7,0,0,6,187,603,75,0,866
8001,2587,11188,701,19,14499,2797,14446,1169,50,18465,4646,34569,2430,90,41742,5567,29571,1714,104,36952,5860,23347,1203,76,30480,4582,18381,925,63,23954,4163,12717,661,68,17614,2049,6657,496,22,9228,319,2457,298,7,3079,32579,153326,9599,517,196016,3235,10055,703,18,14012,3730,13570,1053,43,18395,5887,34130,1979,92,42086,7539,28621,1350,74,37589,6817,23066,964,68,30910,5186,19409,733,129,25451,4766,14508,743,93,20110,2172,8438,623,20,11258,340,3813,535,3,4693,39675,155610,8671,547,204509,5824,21243,1402,42,28509,6528,28012,2224,96,36858,10536,68700,4416,182,83830,13101,58192,3062,183,74539,12675,46405,2164,141,61389,9774,37787,1650,195,49408,8932,27220,1401,166,37725,4228,15099,1121,44,20487,663,6273,834,8,7780,72259,308935,18267,1059,400520
9000,17,79,17,0,110,20,82,47,5,148,44,214,193,4,453,75,176,116,0,365,91,198,99,3,389,106,259,87,3,457,85,215,65,0,361,29,86,32,0,148,9,18,0,0,30,469,1325,657,15,2464,19,71,16,0,113,27,77,24,7,130,42,184,62,0,290,83,187,61,0,332,92,219,68,0,379,108,262,69,0,442,87,172,48,0,309,32,83,28,0,142,4,18,3,0,34,487,1275,390,10,2163,36,147,33,0,220,40,156,73,4,273,82,401,258,8,745,158,361,180,0,701,181,414,169,3,767,216,523,159,5,893,168,388,114,0,673,59,168,62,0,295,11,43,5,0,60,959,2603,1051,23,4630
